Bordereau Ref,Policy Reference,Insured Name,Date of Loss,Peril,Est. Incurred (GBP),Paid to Date,Status,UMR
BDX-2606-001,AL/PET-0001559,REDACTED,09/05/2021,Illness,"£81,518.98","£43,400.52",S,B0999ALB91794
BDX-2606-002,AL/TRV-0005087,REDACTED,13/08/2019,Baggage,"£42,627.69","£11,496.01",O,B0999ALB45075
BDX-2606-003,AL/TRV-0000509,REDACTED,24/02/2021,Cancellation,"£15,960.65",£540.97,D,B0999ALB89301
BDX-2606-004,AL/TRV-0001486,REDACTED,19/08/2026,Cancellation,"£36,416.03","£34,074.36",S,B0999ALB42682
BDX-2606-005,AL/CPM-0003909,REDACTED,13/02/2026,Theft,"£68,559.69","£68,286.61",S,B0999ALB88770
BDX-2606-006,AL/CLB-0000314,REDACTED,20/08/2024,Property Damage,"£32,864.58",£319.94,O,B0999ALB98748
BDX-2606-007,AL/CPM-0000916,REDACTED,20/02/2022,Theft,"£25,525.24","£9,804.88",S,B0999ALB15652
BDX-2606-008,AL/CLB-0004605,REDACTED,15/10/2019,Property Damage,"£39,979.24","£10,912.50",O,B0999ALB15399
BDX-2606-009,AL/CLB-0000637,REDACTED,17/05/2027,Property Damage,"£64,840.14","£23,314.81",D,B0999ALB99062
BDX-2606-010,AL/CPM-0003227,REDACTED,07/07/2020,Flood,"£64,713.47","£22,788.99",D,B0999ALB57937
BDX-2606-011,AL/MOT-0004708,REDACTED,12/05/2025,Vandalism,"£35,837.48","£13,046.12",S,B0999ALB31742
BDX-2606-012,AL/CPM-0003886,REDACTED,03/01/2025,Theft,"£8,611.41","£1,006.65",O,B0999ALB61284
BDX-2606-013,AL/MOT-0001054,REDACTED,26/10/2020,Vandalism,"£71,095.50","£62,913.39",S,B0999ALB61526
BDX-2606-014,AL/MOT-0000870,REDACTED,01/09/2019,Windscreen,"£26,043.58","£8,895.59",S,B0999ALB85751
BDX-2606-015,AL/CPM-0004104,REDACTED,31/12/2025,Flood,"£66,566.80","£30,588.58",S,B0999ALB14956
BDX-2606-016,AL/CPM-0002951,REDACTED,05/12/2020,Theft,"£77,175.36","£28,803.05",O,B0999ALB38000
BDX-2606-017,AL/HOM-0001172,REDACTED,06/10/2024,Fire,"£53,189.10","£20,497.16",O,B0999ALB13022
BDX-2606-018,AL/HOM-0003277,REDACTED,14/03/2025,Escape of Water,"£15,476.00","£12,630.40",S,B0999ALB85143
BDX-2606-019,AL/PET-0004667,REDACTED,07/02/2022,Injury,"£72,045.43","£66,664.21",S,B0999ALB51115
BDX-2606-020,AL/TRV-0000467,REDACTED,03/11/2020,Baggage,"£51,045.92","£18,537.13",R,B0999ALB14598
BDX-2606-021,AL/CPM-0000671,REDACTED,23/04/2021,Flood,"£30,956.14","£12,876.45",R,B0999ALB20525
BDX-2606-022,AL/PET-0004568,REDACTED,22/10/2018,Injury,"£13,869.33","£3,485.46",O,B0999ALB83649
BDX-2606-023,AL/HOM-0000598,REDACTED,07/08/2025,Fire,"£39,031.35","£19,016.89",S,B0999ALB69734
BDX-2606-024,AL/CLB-0004752,REDACTED,01/11/2024,Injury,"£55,208.53","£25,167.56",S,B0999ALB45859
BDX-2606-025,AL/CLB-0004908,REDACTED,17/06/2024,Property Damage,"£38,110.73","£35,333.39",S,B0999ALB44157
BDX-2606-026,AL/MOT-0004442,REDACTED,10/07/2025,Collision,"£81,831.53","£13,134.61",O,B0999ALB66190
BDX-2606-027,AL/HOM-0004663,REDACTED,04/07/2023,Theft,"£54,385.61","£18,086.34",S,B0999ALB15445
BDX-2606-028,AL/HOM-0001885,REDACTED,01/03/2027,Accidental Damage,"£77,254.17","£65,650.08",S,B0999ALB70059
BDX-2606-029,AL/CPM-0002886,REDACTED,23/05/2026,Fire,"£4,141.91","£3,238.52",R,B0999ALB63751
BDX-2606-030,AL/PET-0000664,REDACTED,04/09/2025,Injury,"£5,653.23","£1,957.80",S,B0999ALB79795
BDX-2606-031,AL/CPM-0005055,REDACTED,20/05/2019,Fire,"£36,671.89","£23,201.45",S,B0999ALB77579
BDX-2606-032,AL/MOT-0001413,REDACTED,13/10/2018,Fire,"£26,633.83","£19,841.33",S,B0999ALB89155
BDX-2606-033,AL/PET-0002021,REDACTED,27/03/2023,Injury,"£75,821.21","£54,406.25",S,B0999ALB88205
BDX-2606-034,AL/CLB-0001649,REDACTED,06/11/2019,Property Damage,"£45,223.64","£44,001.61",S,B0999ALB88126
BDX-2606-035,AL/CPM-0004757,REDACTED,17/06/2024,Fire,"£40,178.25","£12,778.17",O,B0999ALB19081
BDX-2606-036,AL/MOT-0003829,REDACTED,18/07/2020,Fire,"£27,970.44","£11,753.55",S,B0999ALB63895
BDX-2606-037,AL/HOM-0001818,REDACTED,13/09/2021,Fire,"£11,531.72","£7,157.18",S,B0999ALB18959
BDX-2606-038,AL/PET-0003575,REDACTED,16/01/2025,Illness,"£60,977.65","£23,359.68",O,B0999ALB77409
BDX-2606-039,AL/HOM-0001887,REDACTED,01/05/2020,Fire,"£77,906.53","£35,006.73",S,B0999ALB97229
BDX-2606-040,AL/HOM-0002918,REDACTED,21/07/2026,Accidental Damage,"£44,117.79","£37,528.82",S,B0999ALB44935
BDX-2606-041,AL/MOT-0000948,REDACTED,01/10/2021,Collision,"£26,569.21","£18,799.94",S,B0999ALB67090
BDX-2606-042,AL/MOT-0004356,REDACTED,20/06/2027,Collision,"£55,124.62","£44,614.78",S,B0999ALB84054
BDX-2606-043,AL/TRV-0000217,REDACTED,24/10/2018,Cancellation,"£35,566.82","£1,342.94",O,B0999ALB62232
BDX-2606-044,AL/PET-0000073,REDACTED,13/09/2024,Injury,"£52,192.33","£35,958.37",S,B0999ALB92871
BDX-2606-045,AL/CPM-0001547,REDACTED,18/11/2019,Theft,"£79,776.37","£28,093.08",O,B0999ALB49217
