feed_id,name,source_system,technology,schedule,consumers,owner,overlapping_attributes,evidence
FD-001,PLCYMSTR,LEGACY_PAS (mainframe VSAM),JCL + NDM fixed-width,Daily 02:40,INFA wf_POLICY_MASTER_DAILY; BTEQ 04; **separate actuarial copy (CR-2014-311)**,Mainframe Svcs,"POLICY_NO, CLIENT_NO, POSTCODE, PREMIUM",docs/feed_inventory.md:6
FD-002,POLARIS policy CDC,POLARIS PAS (Oracle),Informatica CDC,15 min,POLICY_ADMIN_DB,Policy Platform,"POLICY_NO, PARTY_ID, PREMIUM",docs/feed_inventory.md:7
FD-003,Guidewire CC events,Guidewire ClaimCenter,INFA wf_CLAIMS_FNOL_INTRADAY,30 min,CLAIMS_DB,Claims Platform,"CLAIM_NO, POLICY_NO, LOSS_DT, FRAUD_FLAG",docs/feed_inventory.md:8
FD-004,LEGACY_CLM,IMS mainframe,JCL extract per CLMHIST.cpy,Daily,Same INFA workflow (union),Mainframe Svcs,"Same as FD-003, different formats/domains",docs/feed_inventory.md:9
FD-005,Broker bordereaux,"14 brokers, SFTP",ksh bdx_transfer + INFA wf_RI_BORDEREAUX,Monthly,REINSURANCE_DB,RI team,"POLICY_NO (re-keyed), INCURRED, PAID",docs/feed_inventory.md:10
FD-006,Banking core,APF core banking,BTEQ 01–03 (Premium Finance pipeline),Daily 02:00,"STG_CUSTOMER_360 etc., SAS 01–04",APF MI,"CUSTOMER_ID ↔ PARTY.LEGACY_CUSTOMER_ID; DOB, EMAIL, POSTCODE",docs/feed_inventory.md:11
FD-007,Premium txns,Billing platform,BTEQ 06 + INFA wf_BILLING_PREMIUM_RECON,Daily/Monthly,"Finance close, QRT",Finance MI,"POLICY_NO, APF_ACCOUNT_ID ↔ banking ACCOUNTS",docs/feed_inventory.md:12
FD-008,Bureau scores,Credit bureau,sftp CSV (?),Weekly,SAS 03_risk_scoring (banking),APF Risk,CUSTOMER_ID; not joined to insurance despite fraud team requests,docs/feed_inventory.md:13
FD-009,GSS payroll estate,EHRP etc.,Legacy INFA folder (see legacy_shared_services),Biweekly,HR BI (?),GSS,SSN-era masking job is ancestor of NINO masking in two other stacks,docs/feed_inventory.md:14
FD-010,POLMSTEX,"LIFE400 (AS/400, Provident Mutual)",CL LIFEXTR + FTP (plaintext creds),Nightly 23:30,DataStage LIFE_POLICY_LOAD → LIFE_DB,Life Ops,"LIFE_POLICY_ID (5th id scheme), INSNAME/DOB (fuzzy party match), dates YYMMDD pivot 40",docs/feed_inventory.md:26
FD-011,Partner loyalty,Retail partners (affinity programme),Delimited files → DataStage marts,Weekly,"RETAIL/ACTIVATIONSALES marts, Bouns_Program",Marketing,"MKTG_CUST_ID (6th id scheme, never crosswalked), name/email dedupe only",docs/feed_inventory.md:27
UNL-01,ALB.ACT.PLCYMSTR.COPY — duplicate actuarial policy master,NOT IN INVENTORY,JCL IDCAMS REPRO -> flat file -> SAS INFILE,,,,Created by CR-2014-311 as a second copy of FD-001 and consumed directly by actuarial SAS. It is a distinct feed with distinct governance (none) but has no FD- identifier.,mainframe/jcl/PLCYEXTR.jcl:25; sas/actuarial/06_reserving_triangles.sas:17
UNL-02,Teradata STG_POLICY_360 -> Oracle ODS GoldenGate replica,NOT IN INVENTORY,GoldenGate (2013 config) -> Oracle ods_policy_360 / ods_claims,,,,A production replication feed serving the SOAP API and its downstream consumers; not present in the governance inventory in any form.,api_legacy/plsql/pkg_policy_inquiry.sql:7; api_legacy/plsql/pkg_policy_inquiry.sql:26; docs/architecture_overview.md:29
UNL-03,DataStage partner source files (Retail / customer / product / transactiondata),NOT IN INVENTORY,Delimited files -> DataStage 9.1 marts,,,,"FD-011 covers partner loyalty at a high level, but the individual delimited sources and mart outputs that carry MKTG_CUST_ID are not inventoried, owned or DQ-checked.",datastage/README.md:8; datastage/README.md:9
UNL-04,LIFE400 ADDRMST correspondence addresses — the feed that does not exist,NOT IN INVENTORY,None (descoped 2016),,,,Not a feed today; recorded here because its absence is what makes life GDPR fulfilment manual and leaves postcode variant 5 empty.,as400_life/extracts/LIFEXTR.clle:13; docs/known_issues_register.md:19
UNL-05,Ad-hoc Claims MI DQ pack,NOT IN INVENTORY,Hand-run SQL,,,,An unscheduled month-end control that re-implements registry rules with local thresholds; invisible to both the feed inventory and the DQ registry.,dq_rules/sql/dq_checks_claims.sql:1
