finding_id,category,category_title,severity,title,evidence_refs
F-ID-01,C1,Identity fragmentation,Critical,Six concurrent identifier schemes for the same population,docs/feed_inventory.md:29; teradata/bteq/01_stg_customer_360.bteq:27; teradata/ddl/03_insurance_source_tables.sql:12; mainframe/copybooks/PLCYMSTR.cpy:11; api_legacy/plsql/pkg_policy_inquiry.sql:19; teradata/ddl/04_life_db.sql:5; datastage/README.md:19
F-ID-02,C1,Identity fragmentation,Critical,"Both identity crosswalks are partial, manual and unenforced",teradata/ddl/03_insurance_source_tables.sql:8; teradata/ddl/03_insurance_source_tables.sql:97; teradata/ddl/03_insurance_source_tables.sql:96; informatica/XML/wf_PARTY_MDM_SYNC.xml:7; dq_rules/dq_rules_registry.csv:7; informatica/parameter_files/wf_PARTY_MDM_SYNC.par:5
F-ID-03,C1,Identity fragmentation,Critical,Life book has no party key; matching happens in a lost-source job,as400_life/feed_specs/POLMSTEX_feed_spec.md:23; teradata/ddl/04_life_db.sql:16; datastage/README.md:15; glossary/life_operations_glossary.md:13; dq_rules/dq_rules_registry.csv:7
F-ID-04,C1,Identity fragmentation,High,MKTG_CUST_ID has never been crosswalked to anything,datastage/README.md:20; docs/feed_inventory.md:27
F-ID-05,C1,Identity fragmentation,High,The SOAP contract multiplexes two identifier schemes into one field,api_legacy/plsql/pkg_policy_inquiry.sql:19; api_legacy/soap/PolicyInquiryService.wsdl:4
F-DQ-01,C2,DQ rule duplication & drift,High,DQR-014 (UK postcode) implemented five different ways,dq_rules/dq_rules_registry.csv:3; informatica/XML/wf_POLICY_MASTER_DAILY.xml:33; teradata/bteq/04_stg_policy_360.bteq:51; sas/macros/check_uk_postcode.sas:6; mainframe/copybooks/PLCYMSTR.cpy:30; docs/feed_inventory.md:34
F-DQ-02,C2,DQ rule duplication & drift,Medium,DQR-007 (email) implemented twice and skipped once,dq_rules/dq_rules_registry.csv:2; informatica/XML/wf_PARTY_MDM_SYNC.xml:9; teradata/bteq/04_stg_policy_360.bteq:59
F-DQ-03,C2,DQ rule duplication & drift,Critical,DQR-021 NINO masking is bypassed by a raw join (AR-118),dq_rules/dq_rules_registry.csv:4; informatica/XML/wf_PARTY_MDM_SYNC.xml:15; sas/claims_fraud/05_claims_fraud_scoring.sas:32; sas/claims_fraud/05_claims_fraud_scoring.sas:85; sas/macros/mask_nino.sas:7; docs/known_issues_register.md:6
F-DQ-04,C2,DQ rule duplication & drift,High,Three different Y2K pivot years for the same two-digit years (DQR-052),dq_rules/dq_rules_registry.csv:8; informatica/XML/wf_POLICY_MASTER_DAILY.xml:37; sas/macros/julian_to_date.sas:12; teradata/ddl/04_life_db.sql:22; as400_life/extracts/LIFEXTR.clle:9; as400_life/feed_specs/POLMSTEX_feed_spec.md:17
F-DQ-05,C2,DQ rule duplication & drift,High,Solvency II line-of-business mapping drifted between SAS and Informatica,sas/regulatory/08_solvency_ii_qrt_prep.sas:27; informatica/XML/wf_REINSURANCE_BORDEREAUX_MONTHLY.xml:19; docs/known_issues_register.md:13
F-DQ-06,C2,DQ rule duplication & drift,Medium,Suspended registry rule replaced by an unscheduled shadow check,dq_rules/dq_rules_registry.csv:6; dq_rules/sql/dq_checks_claims.sql:4; dq_rules/sql/dq_checks_claims.sql:1
F-DQ-07,C2,DQ rule duplication & drift,Medium,Policy status domain (DQR-030) unimplemented; retired codes dropped silently,dq_rules/dq_rules_registry.csv:5; glossary/underwriting_data_dictionary.csv:6
F-DQ-08,C2,DQ rule duplication & drift,High,Duplicate-key validation silently skipped above 1m rows (CR-2022-410),sas/macros/validate_policy.sas:27; sas/macros/validate_policy.sas:4; docs/known_issues_register.md:10
F-MX-01,C3,Metric divergence,Critical,Earned premium computed on three incompatible bases,teradata/bteq/06_stg_earned_premium.bteq:6; informatica/XML/wf_BILLING_PREMIUM_RECON.xml:8; sas/actuarial/06_reserving_triangles.sas:10; sas/regulatory/08_solvency_ii_qrt_prep.sas:8; glossary/actuarial_definitions.md:7; dq_rules/sql/dq_checks_claims.sql:24
F-MX-02,C3,Metric divergence,Critical,Life Annualised Premium In Force is added to P&C earned premium in a Group KPI,teradata/ddl/04_life_db.sql:25; glossary/life_operations_glossary.md:11; docs/known_issues_register.md:22
F-MX-03,C3,Metric divergence,Critical,"Four concurrent definitions of 'active policy', each implemented somewhere",glossary/underwriting_data_dictionary.csv:2; informatica/XML/wf_POLICY_MASTER_DAILY.xml:48; glossary/finance_data_dictionary.csv:2; teradata/bteq/04_stg_policy_360.bteq:35; glossary/claims_glossary.md:3; glossary/life_operations_glossary.md:5; teradata/bteq/06_stg_earned_premium.bteq:44; api_legacy/plsql/pkg_policy_inquiry.sql:22
F-MX-04,C3,Metric divergence,High,Two incompatible risk scales rendered side by side,sas/claims_fraud/05_claims_fraud_scoring.sas:10; sas/claims_fraud/05_claims_fraud_scoring.sas:13; glossary/claims_glossary.md:14; docs/architecture_overview.md:27
F-MX-05,C3,Metric divergence,High,Fraud flag 'S' mapped to opposite values in the two loaders,informatica/XML/wf_CLAIMS_FNOL_INTRADAY.xml:17; teradata/bteq/05_stg_claims_summary.bteq:47; dq_rules/sql/dq_checks_claims.sql:18; sas/claims_fraud/05_claims_fraud_scoring.sas:78
F-MX-06,C3,Metric divergence,Medium,IPT rate hardcoded in three codebases with an unused parameter,informatica/XML/wf_BILLING_PREMIUM_RECON.xml:17; informatica/parameter_files/wf_BILLING_PREMIUM_RECON.par:6; teradata/bteq/06_stg_earned_premium.bteq:26; glossary/finance_data_dictionary.csv:7
F-MX-07,C3,Metric divergence,Medium,'Incurred' is anchored to different dates in Claims and Finance,glossary/claims_glossary.md:6; glossary/claims_glossary.md:7; glossary/claims_glossary.md:9; sas/actuarial/06_reserving_triangles.sas:45
F-FM-01,C4,Format chaos,Critical,"Five date representations, including a live US/UK parsing defect",informatica/XML/wf_CLAIMS_FNOL_INTRADAY.xml:9; informatica/XML/wf_CLAIMS_FNOL_INTRADAY.xml:12; teradata/bteq/05_stg_claims_summary.bteq:7; teradata/ddl/03_insurance_source_tables.sql:16; mainframe/copybooks/PLCYMSTR.cpy:15; as400_life/feed_specs/POLMSTEX_feed_spec.md:5; docs/known_issues_register.md:5; glossary/actuarial_definitions.md:14
F-FM-02,C4,Format chaos,High,"Three money representations, each de-scaled by hand",mainframe/copybooks/PLCYMSTR.cpy:17; sas/actuarial/06_reserving_triangles.sas:28; informatica/XML/wf_REINSURANCE_BORDEREAUX_MONTHLY.xml:14; as400_life/feed_specs/POLMSTEX_feed_spec.md:19
F-FM-03,C4,Format chaos,High,Three policy-number formats and four re-keying implementations,mainframe/feed_specs/PLCYMSTR_feed_spec.md:15; informatica/XML/wf_REINSURANCE_BORDEREAUX_MONTHLY.xml:11; api_legacy/plsql/pkg_policy_inquiry.sql:28; dq_rules/sql/dq_checks_claims.sql:10
F-FM-04,C4,Format chaos,Medium,Status code domains do not align across the estate,teradata/ddl/03_insurance_source_tables.sql:38; as400_life/feed_specs/POLMSTEX_feed_spec.md:15; informatica/XML/wf_CLAIMS_FNOL_INTRADAY.xml:20
F-OP-01,C5,Pipeline clone drift & scheduling chaos,High,The insurance estate is an un-reconverged clone of the banking estate,teradata/bteq/04_stg_policy_360.bteq:8; teradata/bteq/run_insurance_bteq.sh:4; sas/customer/09_policyholder_segmentation.sas:4; sas/macros/validate_policy.sas:4; sas/run_insurance_sas_pipeline.sh:2; docs/known_issues_register.md:9
F-OP-02,C5,Pipeline clone drift & scheduling chaos,Critical,Four schedulers with overlapping ownership; LIFE_POLICY_LOAD is triple-scheduled,orchestration/cron/crontab_prod.txt:7; orchestration/cron/crontab_prod.txt:3; orchestration/cron/crontab_prod.txt:5; orchestration/cron/crontab_prod.txt:2; orchestration/controlm/ALBION_DWH_DAILY.xml:17; as400_life/LIFE400/QCLSRC/DLYUPD.clle:12; docs/architecture_overview.md:33
F-OP-03,C5,Pipeline clone drift & scheduling chaos,High,75-minute gap and no file watcher between the AS/400 push and the DataStage load,orchestration/controlm/ALBION_DWH_DAILY.xml:19; as400_life/extracts/LIFEXTR.clle:24; as400_life/feed_specs/POLMSTEX_feed_spec.md:2
F-OP-04,C5,Pipeline clone drift & scheduling chaos,High,Undocumented cross-pipeline trigger inside a ksh wrapper,informatica/scripts/run_wf_policy_master:32; informatica/scripts/run_wf_policy_master:33; orchestration/controlm/ALBION_DWH_DAILY.xml:7
F-OP-05,C5,Pipeline clone drift & scheduling chaos,High,Known nightly race between the MDM sync and the policy load,orchestration/controlm/ALBION_DWH_DAILY.xml:9; informatica/XML/wf_PARTY_MDM_SYNC.xml:28
F-OP-06,C5,Pipeline clone drift & scheduling chaos,High,Duplicate actuarial policy feed bypasses every DWH DQ gate (CR-2014-311),mainframe/jcl/PLCYEXTR.jcl:18; sas/actuarial/06_reserving_triangles.sas:6; docs/known_issues_register.md:8; glossary/actuarial_definitions.md:5-6
F-OP-07,C5,Pipeline clone drift & scheduling chaos,Medium,Insurance BTEQ orchestrator continues after a mid-pipeline failure,teradata/bteq/run_insurance_bteq.sh:20
F-OP-08,C5,Pipeline clone drift & scheduling chaos,Medium,The life 'nightly' batch actually runs weekly,glossary/life_operations_glossary.md:15; as400_life/LIFE400/QCLSRC/DLYUPD.clle:12
F-LC-01,C6,Legacy consumption debt,Critical,26-hour-stale ODS served as real-time policy data,api_legacy/plsql/pkg_policy_inquiry.sql:7; api_legacy/plsql/pkg_policy_inquiry.sql:7; docs/architecture_overview.md:30
F-LC-02,C6,Legacy consumption debt,High,Frozen 2011 rpc/encoded SOAP contract with unknown consumers,api_legacy/soap/PolicyInquiryService.wsdl:2; api_legacy/soap/PolicyInquiryService.wsdl:32; api_legacy/plsql/pkg_policy_inquiry.sql:5
F-LC-03,C6,Legacy consumption debt,Medium,Claims returned to consumers as DD/MM/YYYY text through the API,api_legacy/plsql/pkg_policy_inquiry.sql:36; api_legacy/plsql/pkg_policy_inquiry.sql:40
F-PT-01,C7,Platform obsolescence & key-person risk,Critical,DataStage 9.1 out of support since 2018 with one production job's source lost,datastage/README.md:5; datastage/README.md:15; orchestration/controlm/ALBION_DWH_DAILY.xml:17; docs/known_issues_register.md:17
F-PT-02,C7,Platform obsolescence & key-person risk,Critical,"LIFE400 operable by two 5250-literate FTEs, one retiring",docs/known_issues_register.md:16; as400_life/LIFE400/README.md:3
F-PT-03,C7,Platform obsolescence & key-person risk,Critical,Plaintext credentials in the extract and orchestration layers,as400_life/extracts/LIFEXTR.clle:23; informatica/scripts/run_wf_policy_master:11; docs/known_issues_register.md:20
F-PT-04,C7,Platform obsolescence & key-person risk,High,Life correspondence addresses stranded on the AS/400; GDPR SARs are manual,as400_life/extracts/LIFEXTR.clle:15; docs/known_issues_register.md:19; docs/feed_inventory.md:35
F-PT-05,C7,Platform obsolescence & key-person risk,Low,Defects enshrined as contract: the 'Bouns_Program' job name,datastage/README.md:10; docs/known_issues_register.md:21
