policy_no,party_id,product_cd,product_name,broker_id,channel,inception_dt,expiry_dt,policy_status,annual_premium_gbp,ipt_rate,payment_plan,uw_year,source_system
ALB-PET-0000001,P0000936,PET,Pet,BRK0046,DIRECT,2022-07-30,2023-07-30,IF,3100.09,0.12,MONTHLY_DD,2022,POLARIS
ALB-HOM-0000002,P0002309,HOM,Home Buildings & Contents,BRK0049,DIRECT,2019-07-24,2020-07-23,IF,757.02,0.12,MONTHLY_DD,2019,POLARIS
ALB-CLB-0000003,P0002397,CLB,Commercial Liability,BRK0029,BROKER,2021-12-28,2022-12-28,IF,11647.48,0.12,MONTHLY_DD,2021,LEGACY_PAS
ALB-CPM-0000004,P0000723,CPM,Commercial Property,BRK0009,BROKER,2024-06-01,2025-06-01,IF,5518.41,0.12,MONTHLY_DD,2024,POLARIS
ALB-PET-0000005,P0000115,PET,Pet,BRK0050,BROKER,2024-11-16,2025-11-16,EX,2168.03,0.12,ANNUAL,2024,POLARIS
ALB-HOM-0000006,P0001162,HOM,Home Buildings & Contents,,DIRECT,2022-04-15,2023-04-15,IF,1027.16,0.12,PREMIUM_FINANCE,2022,POLARIS
ALB-CLB-0000007,P0001260,CLB,Commercial Liability,BRK0046,BROKER,2022-08-25,2023-08-25,IF,8660.2,0.12,ANNUAL,2022,POLARIS
ALB-PET-0000008,P0000565,PET,Pet,,BROKER,2019-01-01,2020-01-01,IF,652.39,0.12,MONTHLY_DD,2019,POLARIS
ALB-PET-0000009,P0003029,PET,Pet,,BROKER,2024-07-10,2025-07-10,IF,1651.88,0.12,PREMIUM_FINANCE,2024,LEGACY_PAS
ALB-TRV-0000010,P0000487,TRV,Annual Travel,,BROKER,2025-08-28,2026-08-28,RN,3734.1,0.12,MONTHLY_DD,2025,POLARIS
ALB-CLB-0000011,P0003076,CLB,Commercial Liability,,AGGREGATOR,2025-01-26,2026-01-26,IF,11296.6,0.12,ANNUAL,2025,LEGACY_PAS
ALB-MOT-0000012,P0000623,MOT,Private Motor,,DIRECT,2025-01-06,2026-01-06,EX,821.6,0.12,PREMIUM_FINANCE,2025,POLARIS
ALB-HOM-0000013,P0002331,HOM,Home Buildings & Contents,BRK0041,DIRECT,2020-06-19,2021-06-19,IF,3913.03,0.12,ANNUAL,2020,POLARIS
ALB-CPM-0000014,P0000112,CPM,Commercial Property,,DIRECT,2018-09-06,2019-09-06,IF,12872.45,0.12,PREMIUM_FINANCE,2018,LEGACY_PAS
ALB-TRV-0000015,P0002785,TRV,Annual Travel,,DIRECT,2018-01-26,2019-01-26,CN,744.55,0.12,MONTHLY_DD,2018,LEGACY_PAS
ALB-PET-0000016,P0000983,PET,Pet,,DIRECT,2022-09-29,2023-09-29,IF,2830.61,0.12,MONTHLY_DD,2022,POLARIS
ALB-TRV-0000017,P0003197,TRV,Annual Travel,BRK0037,DIRECT,2025-10-13,2026-10-13,IF,1750.58,0.12,ANNUAL,2025,LEGACY_PAS
ALB-HOM-0000018,P0002718,HOM,Home Buildings & Contents,,BROKER,2020-08-06,2021-08-06,RN,1234.96,0.12,ANNUAL,2020,POLARIS
ALB-MOT-0000019,P0002552,MOT,Private Motor,,BROKER,2020-12-06,2021-12-06,IF,2620.96,0.12,ANNUAL,2020,POLARIS
ALB-TRV-0000020,P0003143,TRV,Annual Travel,BRK0022,BROKER,2019-07-22,2020-07-21,RN,1692.76,0.12,PREMIUM_FINANCE,2019,LEGACY_PAS
ALB-MOT-0000021,P0000368,MOT,Private Motor,BRK0059,DIRECT,2022-04-18,2023-04-18,EX,2112.94,0.12,MONTHLY_DD,2022,LEGACY_PAS
ALB-HOM-0000022,P0001311,HOM,Home Buildings & Contents,,DIRECT,2026-07-15,2027-07-15,IF,2872.78,0.12,MONTHLY_DD,2026,POLARIS
ALB-CPM-0000023,P0002523,CPM,Commercial Property,BRK0023,DIRECT,2025-11-24,2026-11-24,IF,14177.24,0.12,MONTHLY_DD,2025,POLARIS
ALB-CLB-0000024,P0000007,CLB,Commercial Liability,,AGGREGATOR,2019-04-04,2020-04-03,EX,10470.15,0.12,MONTHLY_DD,2019,POLARIS
ALB-PET-0000025,P0001241,PET,Pet,BRK0029,BROKER,2024-03-05,2025-03-05,CN,2154.98,0.12,ANNUAL,2024,LEGACY_PAS
ALB-CPM-0000026,P0002832,CPM,Commercial Property,BRK0007,DIRECT,2023-03-25,2024-03-24,IF,3286.13,0.12,MONTHLY_DD,2023,POLARIS
ALB-MOT-0000027,P0002508,MOT,Private Motor,,DIRECT,2019-07-03,2020-07-02,IF,1189.59,0.12,PREMIUM_FINANCE,2019,POLARIS
ALB-MOT-0000028,P0000305,MOT,Private Motor,BRK0004,BROKER,2020-05-05,2021-05-05,IF,2958.37,0.12,MONTHLY_DD,2020,POLARIS
ALB-MOT-0000029,P0000277,MOT,Private Motor,BRK0039,BROKER,2019-09-08,2020-09-07,EX,3722.98,0.12,PREMIUM_FINANCE,2019,POLARIS
ALB-MOT-0000030,P0001464,MOT,Private Motor,,BROKER,2019-09-30,2020-09-29,IF,2042.5,0.12,MONTHLY_DD,2019,LEGACY_PAS
ALB-CLB-0000031,P0002684,CLB,Commercial Liability,BRK0023,BROKER,2020-05-16,2021-05-16,IF,954.96,0.12,ANNUAL,2020,POLARIS
ALB-CPM-0000032,P0002182,CPM,Commercial Property,BRK0027,BROKER,2024-11-08,2025-11-08,IF,13378.84,0.12,PREMIUM_FINANCE,2024,POLARIS
ALB-CPM-0000033,P0001493,CPM,Commercial Property,,BROKER,2026-01-15,2027-01-15,IF,3121.57,0.12,ANNUAL,2026,POLARIS
ALB-MOT-0000034,P0000654,MOT,Private Motor,,AGGREGATOR,2024-07-03,2025-07-03,EX,2583.67,0.12,ANNUAL,2024,LEGACY_PAS
ALB-PET-0000035,P0002322,PET,Pet,BRK0014,DIRECT,2021-05-01,2022-05-01,IF,1380.18,0.12,MONTHLY_DD,2021,POLARIS
ALB-CPM-0000036,P0001851,CPM,Commercial Property,,AGGREGATOR,2025-12-18,2026-12-18,EX,3097.51,0.12,MONTHLY_DD,2025,POLARIS
ALB-PET-0000037,P0001755,PET,Pet,,BROKER,2023-08-01,2024-07-31,IF,2525.9,0.12,MONTHLY_DD,2023,LEGACY_PAS
ALB-MOT-0000038,P0001318,MOT,Private Motor,,BROKER,2024-04-15,2025-04-15,IF,1648.73,0.12,MONTHLY_DD,2024,LEGACY_PAS
ALB-PET-0000039,P0001694,PET,Pet,,BROKER,2021-10-12,2022-10-12,IF,1683.71,0.12,ANNUAL,2021,LEGACY_PAS
ALB-TRV-0000040,P0001358,TRV,Annual Travel,BRK0017,BROKER,2023-08-23,2024-08-22,RN,1427.83,0.12,MONTHLY_DD,2023,POLARIS
ALB-CLB-0000041,P0000190,CLB,Commercial Liability,,BROKER,2024-02-13,2025-02-12,IF,11557.53,0.12,ANNUAL,2024,LEGACY_PAS
ALB-HOM-0000042,P0001597,HOM,Home Buildings & Contents,BRK0024,BROKER,2023-09-09,2024-09-08,LP,3471.99,0.12,ANNUAL,2023,POLARIS
ALB-TRV-0000043,P0003126,TRV,Annual Travel,,BROKER,2021-09-14,2022-09-14,IF,3390.48,0.12,MONTHLY_DD,2021,POLARIS
ALB-MOT-0000044,P0000716,MOT,Private Motor,BRK0012,DIRECT,2020-01-26,2021-01-25,LP,3450.1,0.12,MONTHLY_DD,2020,POLARIS
ALB-TRV-0000045,P0002867,TRV,Annual Travel,BRK0047,BROKER,2019-07-05,2020-07-04,EX,1699.69,0.12,PREMIUM_FINANCE,2019,POLARIS
ALB-CPM-0000046,P0001080,CPM,Commercial Property,BRK0044,DIRECT,2023-04-15,2024-04-14,RN,5063.66,0.12,ANNUAL,2023,POLARIS
ALB-CPM-0000047,P0002296,CPM,Commercial Property,BRK0041,AGGREGATOR,2020-09-11,2021-09-11,LP,8314.85,0.12,ANNUAL,2020,POLARIS
ALB-PET-0000048,P0002707,PET,Pet,,AGGREGATOR,2024-05-25,2025-05-25,RN,3540.66,0.12,ANNUAL,2024,POLARIS
ALB-PET-0000049,P0000913,PET,Pet,BRK0009,DIRECT,2026-07-18,2027-07-18,RN,2592.19,0.12,MONTHLY_DD,2026,POLARIS
ALB-HOM-0000050,P0000325,HOM,Home Buildings & Contents,BRK0032,DIRECT,2018-01-29,2019-01-29,RN,357.53,0.12,MONTHLY_DD,2018,POLARIS
ALB-MOT-0000051,P0003139,MOT,Private Motor,BRK0014,BROKER,2019-05-17,2020-05-16,IF,3772.62,0.12,ANNUAL,2019,POLARIS
ALB-MOT-0000052,P0002941,MOT,Private Motor,,DIRECT,2018-08-09,2019-08-09,IF,191.75,0.12,MONTHLY_DD,2018,POLARIS
ALB-CPM-0000053,P0000418,CPM,Commercial Property,BRK0002,AGGREGATOR,2025-05-04,2026-05-04,RN,9759.17,0.12,ANNUAL,2025,POLARIS
ALB-CPM-0000054,P0003181,CPM,Commercial Property,BRK0039,DIRECT,2020-05-01,2021-05-01,IF,10090.5,0.12,ANNUAL,2020,POLARIS
ALB-HOM-0000055,P0001228,HOM,Home Buildings & Contents,,AGGREGATOR,2018-03-10,2019-03-10,LP,3817.46,0.12,ANNUAL,2018,POLARIS
ALB-PET-0000056,P0001668,PET,Pet,BRK0012,BROKER,2021-01-16,2022-01-16,RN,3529.3,0.12,ANNUAL,2021,POLARIS
ALB-PET-0000057,P0000490,PET,Pet,BRK0054,BROKER,2019-05-10,2020-05-09,RN,2486.54,0.12,MONTHLY_DD,2019,POLARIS
ALB-CPM-0000058,P0001814,CPM,Commercial Property,,BROKER,2022-04-02,2023-04-02,LP,1046.9,0.12,PREMIUM_FINANCE,2022,POLARIS
ALB-MOT-0000059,P0001129,MOT,Private Motor,BRK0035,BROKER,2020-05-15,2021-05-15,LP,3461.42,0.12,PREMIUM_FINANCE,2020,POLARIS
ALB-PET-0000060,P0002462,PET,Pet,BRK0011,BROKER,2026-09-16,2027-09-16,CN,2543.63,0.12,MONTHLY_DD,2026,POLARIS
ALB-CPM-0000061,P0002389,CPM,Commercial Property,,BROKER,2019-06-23,2020-06-22,EX,6481.12,0.12,ANNUAL,2019,POLARIS
ALB-PET-0000062,P0002751,PET,Pet,,DIRECT,2024-09-15,2025-09-15,IF,3743.4,0.12,MONTHLY_DD,2024,POLARIS
ALB-HOM-0000063,P0000045,HOM,Home Buildings & Contents,,BROKER,2025-12-24,2026-12-24,IF,3453.31,0.12,MONTHLY_DD,2025,LEGACY_PAS
ALB-CPM-0000064,P0001497,CPM,Commercial Property,BRK0050,BROKER,2025-12-11,2026-12-11,CN,8840.37,0.12,MONTHLY_DD,2025,POLARIS
ALB-CPM-0000065,P0000798,CPM,Commercial Property,BRK0031,BROKER,2021-11-18,2022-11-18,EX,9922.48,0.12,PREMIUM_FINANCE,2021,POLARIS
ALB-CPM-0000066,P0001101,CPM,Commercial Property,,AGGREGATOR,2025-10-08,2026-10-08,IF,10934.66,0.12,MONTHLY_DD,2025,LEGACY_PAS
ALB-CPM-0000067,P0000463,CPM,Commercial Property,,DIRECT,2023-10-14,2024-10-13,IF,11653.25,0.12,ANNUAL,2023,LEGACY_PAS
ALB-TRV-0000068,P0000958,TRV,Annual Travel,BRK0013,BROKER,2024-11-03,2025-11-03,IF,2867.38,0.12,ANNUAL,2024,POLARIS
ALB-TRV-0000069,P0002579,TRV,Annual Travel,,BROKER,2018-02-21,2019-02-21,LP,3710.74,0.12,MONTHLY_DD,2018,LEGACY_PAS
ALB-HOM-0000070,P0001705,HOM,Home Buildings & Contents,,DIRECT,2020-10-03,2021-10-03,LP,2130.96,0.12,PREMIUM_FINANCE,2020,LEGACY_PAS
ALB-CLB-0000071,P0000787,CLB,Commercial Liability,BRK0010,BROKER,2019-12-07,2020-12-06,IF,1340.7,0.12,ANNUAL,2019,POLARIS
ALB-CLB-0000072,P0001204,CLB,Commercial Liability,,DIRECT,2026-01-12,2027-01-12,IF,5105.06,0.12,PREMIUM_FINANCE,2026,POLARIS
ALB-PET-0000073,P0001702,PET,Pet,,AGGREGATOR,2024-07-28,2025-07-28,IF,627.87,0.12,PREMIUM_FINANCE,2024,POLARIS
ALB-CPM-0000074,P0001396,CPM,Commercial Property,,BROKER,2024-08-18,2025-08-18,IF,10525.47,0.12,ANNUAL,2024,POLARIS
ALB-MOT-0000075,P0003133,MOT,Private Motor,,DIRECT,2023-08-05,2024-08-04,IF,680.1,0.12,PREMIUM_FINANCE,2023,POLARIS
ALB-MOT-0000076,P0002568,MOT,Private Motor,BRK0003,BROKER,2020-09-04,2021-09-04,RN,2897.38,0.12,PREMIUM_FINANCE,2020,POLARIS
ALB-CLB-0000077,P0001399,CLB,Commercial Liability,,DIRECT,2025-06-27,2026-06-27,RN,3029.87,0.12,MONTHLY_DD,2025,POLARIS
ALB-CPM-0000078,P0001424,CPM,Commercial Property,,BROKER,2019-04-17,2020-04-16,IF,7676.73,0.12,MONTHLY_DD,2019,POLARIS
ALB-CPM-0000079,P0000639,CPM,Commercial Property,BRK0019,BROKER,2025-09-22,2026-09-22,RN,6517.68,0.12,ANNUAL,2025,POLARIS
ALB-MOT-0000080,P0001851,MOT,Private Motor,BRK0007,AGGREGATOR,2025-02-09,2026-02-09,IF,839.8,0.12,ANNUAL,2025,POLARIS
ALB-CLB-0000081,P0003175,CLB,Commercial Liability,,DIRECT,2022-03-27,2023-03-27,IF,10746.81,0.12,ANNUAL,2022,POLARIS
ALB-HOM-0000082,P0002356,HOM,Home Buildings & Contents,,BROKER,2019-04-22,2020-04-21,LP,1165.86,0.12,PREMIUM_FINANCE,2019,POLARIS
ALB-PET-0000083,P0001110,PET,Pet,,AGGREGATOR,2024-10-17,2025-10-17,IF,3874.66,0.12,MONTHLY_DD,2024,POLARIS
ALB-CPM-0000084,P0000544,CPM,Commercial Property,BRK0038,AGGREGATOR,2018-12-05,2019-12-05,CN,8039.84,0.12,ANNUAL,2018,POLARIS
ALB-CPM-0000085,P0002956,CPM,Commercial Property,BRK0030,AGGREGATOR,2021-02-12,2022-02-12,LP,6809.23,0.12,MONTHLY_DD,2021,LEGACY_PAS
ALB-TRV-0000086,P0001184,TRV,Annual Travel,BRK0007,BROKER,2020-10-23,2021-10-23,CN,1412.67,0.12,ANNUAL,2020,POLARIS
ALB-CPM-0000087,P0001054,CPM,Commercial Property,BRK0056,BROKER,2018-01-08,2019-01-08,EX,12073.26,0.12,ANNUAL,2018,POLARIS
ALB-TRV-0000088,P0001488,TRV,Annual Travel,,BROKER,2021-06-21,2022-06-21,RN,3388.82,0.12,ANNUAL,2021,LEGACY_PAS
ALB-CPM-0000089,P0003098,CPM,Commercial Property,BRK0056,BROKER,2023-12-28,2024-12-27,LP,6172.23,0.12,MONTHLY_DD,2023,POLARIS
ALB-PET-0000090,P0000102,PET,Pet,BRK0010,BROKER,2020-09-02,2021-09-02,EX,2092.15,0.12,PREMIUM_FINANCE,2020,POLARIS
ALB-TRV-0000091,P0003183,TRV,Annual Travel,BRK0034,BROKER,2025-11-19,2026-11-19,RN,3992.69,0.12,ANNUAL,2025,POLARIS
ALB-CLB-0000092,P0000543,CLB,Commercial Liability,,BROKER,2026-09-19,2027-09-19,EX,11011.02,0.12,ANNUAL,2026,POLARIS
ALB-PET-0000093,P0000673,PET,Pet,BRK0034,DIRECT,2026-07-21,2027-07-21,EX,186.03,0.12,ANNUAL,2026,POLARIS
ALB-TRV-0000094,P0001180,TRV,Annual Travel,,AGGREGATOR,2019-07-17,2020-07-16,IF,4098.12,0.12,ANNUAL,2019,POLARIS
ALB-CPM-0000095,P0000282,CPM,Commercial Property,BRK0044,BROKER,2023-06-02,2024-06-01,IF,12211.01,0.12,MONTHLY_DD,2023,POLARIS
ALB-CPM-0000096,P0002441,CPM,Commercial Property,BRK0030,BROKER,2024-03-31,2025-03-31,LP,8446.35,0.12,PREMIUM_FINANCE,2024,POLARIS
ALB-CPM-0000097,P0000003,CPM,Commercial Property,,BROKER,2021-10-30,2022-10-30,EX,3291.9,0.12,MONTHLY_DD,2021,POLARIS
ALB-TRV-0000098,P0000735,TRV,Annual Travel,,AGGREGATOR,2020-07-16,2021-07-16,IF,532.19,0.12,MONTHLY_DD,2020,POLARIS
ALB-CLB-0000099,P0000410,CLB,Commercial Liability,BRK0046,DIRECT,2018-09-07,2019-09-07,RN,5507.58,0.12,MONTHLY_DD,2018,LEGACY_PAS
ALB-CPM-0000100,P0000383,CPM,Commercial Property,,BROKER,2019-05-17,2020-05-16,EX,11872.04,0.12,MONTHLY_DD,2019,POLARIS
ALB-CPM-0000101,P0002912,CPM,Commercial Property,BRK0017,BROKER,2020-08-21,2021-08-21,IF,11604.99,0.12,MONTHLY_DD,2020,POLARIS
ALB-PET-0000102,P0002687,PET,Pet,BRK0037,DIRECT,2021-10-22,2022-10-22,IF,1420.97,0.12,MONTHLY_DD,2021,LEGACY_PAS
ALB-HOM-0000103,P0001822,HOM,Home Buildings & Contents,,DIRECT,2025-01-05,2026-01-05,IF,382.95,0.12,PREMIUM_FINANCE,2025,POLARIS
ALB-PET-0000104,P0000608,PET,Pet,,AGGREGATOR,2026-09-11,2027-09-11,IF,2699.12,0.12,PREMIUM_FINANCE,2026,POLARIS
ALB-CLB-0000105,P0000332,CLB,Commercial Liability,BRK0013,BROKER,2026-04-21,2027-04-21,EX,7095.82,0.12,ANNUAL,2026,POLARIS
ALB-CPM-0000106,P0002694,CPM,Commercial Property,,BROKER,2025-05-08,2026-05-08,CN,7636.17,0.12,MONTHLY_DD,2025,POLARIS
ALB-CLB-0000107,P0002347,CLB,Commercial Liability,BRK0059,AGGREGATOR,2018-04-27,2019-04-27,EX,2301.96,0.12,ANNUAL,2018,POLARIS
ALB-CPM-0000108,P0002211,CPM,Commercial Property,BRK0020,AGGREGATOR,2022-11-04,2023-11-04,EX,14484.29,0.12,MONTHLY_DD,2022,POLARIS
ALB-HOM-0000109,P0002700,HOM,Home Buildings & Contents,BRK0040,BROKER,2023-04-13,2024-04-12,LP,4185.5,0.12,PREMIUM_FINANCE,2023,POLARIS
ALB-CPM-0000110,P0002337,CPM,Commercial Property,,DIRECT,2025-01-18,2026-01-18,CN,5634.17,0.12,ANNUAL,2025,LEGACY_PAS
ALB-TRV-0000111,P0002317,TRV,Annual Travel,BRK0023,AGGREGATOR,2023-07-13,2024-07-12,RN,1614.49,0.12,ANNUAL,2023,POLARIS
ALB-MOT-0000112,P0002191,MOT,Private Motor,BRK0010,BROKER,2018-08-04,2019-08-04,IF,1372.97,0.12,ANNUAL,2018,POLARIS
ALB-HOM-0000113,P0000518,HOM,Home Buildings & Contents,BRK0006,BROKER,2019-02-03,2020-02-03,IF,1544.81,0.12,ANNUAL,2019,POLARIS
ALB-CPM-0000114,P0001684,CPM,Commercial Property,BRK0060,AGGREGATOR,2021-11-29,2022-11-29,RN,5023.43,0.12,PREMIUM_FINANCE,2021,POLARIS
ALB-TRV-0000115,P0001107,TRV,Annual Travel,,BROKER,2025-03-01,2026-03-01,CN,546.13,0.12,PREMIUM_FINANCE,2025,POLARIS
ALB-HOM-0000116,P0001591,HOM,Home Buildings & Contents,BRK0005,DIRECT,2018-07-14,2019-07-14,EX,610.76,0.12,ANNUAL,2018,POLARIS
ALB-HOM-0000117,P0001944,HOM,Home Buildings & Contents,BRK0034,AGGREGATOR,2021-09-14,2022-09-14,CN,555.35,0.12,MONTHLY_DD,2021,POLARIS
ALB-CLB-0000118,P0003091,CLB,Commercial Liability,BRK0002,BROKER,2018-12-21,2019-12-21,IF,5985.74,0.12,ANNUAL,2018,POLARIS
ALB-CPM-0000119,P0001208,CPM,Commercial Property,BRK0010,DIRECT,2026-02-08,2027-02-08,EX,10148.2,0.12,ANNUAL,2026,LEGACY_PAS
ALB-PET-0000120,P0001612,PET,Pet,BRK0052,BROKER,2026-06-22,2027-06-22,LP,1299.85,0.12,MONTHLY_DD,2026,POLARIS
ALB-CPM-0000121,P0001450,CPM,Commercial Property,BRK0048,AGGREGATOR,2018-08-08,2019-08-08,IF,5390.26,0.12,PREMIUM_FINANCE,2018,POLARIS
ALB-TRV-0000122,P0000836,TRV,Annual Travel,BRK0056,BROKER,2019-10-15,2020-10-14,EX,1207.66,0.12,PREMIUM_FINANCE,2019,POLARIS
ALB-TRV-0000123,P0002859,TRV,Annual Travel,BRK0001,BROKER,2022-05-16,2023-05-16,IF,1402.61,0.12,ANNUAL,2022,LEGACY_PAS
ALB-HOM-0000124,P0000681,HOM,Home Buildings & Contents,BRK0039,DIRECT,2021-04-20,2022-04-20,LP,866.21,0.12,ANNUAL,2021,LEGACY_PAS
ALB-PET-0000125,P0001501,PET,Pet,BRK0031,BROKER,2024-10-11,2025-10-11,IF,391.45,0.12,PREMIUM_FINANCE,2024,LEGACY_PAS
ALB-MOT-0000126,P0001631,MOT,Private Motor,,DIRECT,2025-10-16,2026-10-16,RN,1346.0,0.12,MONTHLY_DD,2025,LEGACY_PAS
ALB-MOT-0000127,P0000284,MOT,Private Motor,,BROKER,2022-10-20,2023-10-20,IF,1578.87,0.12,PREMIUM_FINANCE,2022,POLARIS
ALB-MOT-0000128,P0000759,MOT,Private Motor,,BROKER,2019-01-28,2020-01-28,CN,2749.51,0.12,PREMIUM_FINANCE,2019,POLARIS
ALB-PET-0000129,P0000383,PET,Pet,,BROKER,2018-04-04,2019-04-04,LP,1229.68,0.12,PREMIUM_FINANCE,2018,POLARIS
ALB-TRV-0000130,P0002150,TRV,Annual Travel,BRK0034,DIRECT,2024-02-23,2025-02-22,IF,3414.48,0.12,ANNUAL,2024,POLARIS
ALB-CLB-0000131,P0002059,CLB,Commercial Liability,,BROKER,2020-07-08,2021-07-08,IF,5142.06,0.12,MONTHLY_DD,2020,POLARIS
ALB-CLB-0000132,P0002315,CLB,Commercial Liability,BRK0011,DIRECT,2023-06-02,2024-06-01,IF,5546.64,0.12,MONTHLY_DD,2023,POLARIS
ALB-PET-0000133,P0003149,PET,Pet,BRK0026,DIRECT,2020-05-22,2021-05-22,IF,853.66,0.12,MONTHLY_DD,2020,POLARIS
ALB-CPM-0000134,P0002753,CPM,Commercial Property,,DIRECT,2021-09-04,2022-09-04,IF,10377.45,0.12,MONTHLY_DD,2021,POLARIS
ALB-HOM-0000135,P0001972,HOM,Home Buildings & Contents,BRK0022,DIRECT,2026-07-23,2027-07-23,IF,408.04,0.12,MONTHLY_DD,2026,POLARIS
ALB-CPM-0000136,P0001799,CPM,Commercial Property,BRK0007,BROKER,2025-07-26,2026-07-26,CN,13098.54,0.12,PREMIUM_FINANCE,2025,POLARIS
ALB-CLB-0000137,P0000912,CLB,Commercial Liability,BRK0046,DIRECT,2019-10-13,2020-10-12,CN,6437.09,0.12,MONTHLY_DD,2019,POLARIS
ALB-HOM-0000138,P0001378,HOM,Home Buildings & Contents,,DIRECT,2020-06-05,2021-06-05,IF,604.11,0.12,MONTHLY_DD,2020,POLARIS
ALB-CPM-0000139,P0001508,CPM,Commercial Property,,DIRECT,2025-03-09,2026-03-09,IF,5106.62,0.12,MONTHLY_DD,2025,POLARIS
ALB-HOM-0000140,P0001501,HOM,Home Buildings & Contents,BRK0015,DIRECT,2020-01-12,2021-01-11,IF,3067.68,0.12,ANNUAL,2020,POLARIS
ALB-PET-0000141,P0001669,PET,Pet,BRK0046,DIRECT,2026-11-12,2027-11-12,EX,2679.55,0.12,PREMIUM_FINANCE,2026,POLARIS
ALB-MOT-0000142,P0002695,MOT,Private Motor,,BROKER,2020-05-15,2021-05-15,IF,1498.99,0.12,MONTHLY_DD,2020,POLARIS
ALB-CLB-0000143,P0002905,CLB,Commercial Liability,BRK0003,BROKER,2026-08-29,2027-08-29,CN,8007.05,0.12,ANNUAL,2026,POLARIS
ALB-MOT-0000144,P0000777,MOT,Private Motor,BRK0030,BROKER,2026-06-01,2027-06-01,IF,3021.75,0.12,ANNUAL,2026,LEGACY_PAS
ALB-MOT-0000145,P0002421,MOT,Private Motor,BRK0014,AGGREGATOR,2024-03-10,2025-03-10,RN,3394.74,0.12,ANNUAL,2024,POLARIS
ALB-HOM-0000146,P0002340,HOM,Home Buildings & Contents,BRK0060,BROKER,2023-01-07,2024-01-07,IF,860.96,0.12,ANNUAL,2023,LEGACY_PAS
ALB-CPM-0000147,P0002611,CPM,Commercial Property,BRK0039,DIRECT,2025-04-23,2026-04-23,CN,7252.03,0.12,ANNUAL,2025,POLARIS
ALB-PET-0000148,P0000542,PET,Pet,BRK0056,BROKER,2025-01-23,2026-01-23,LP,3325.63,0.12,ANNUAL,2025,POLARIS
ALB-PET-0000149,P0002158,PET,Pet,BRK0004,AGGREGATOR,2026-10-27,2027-10-27,IF,2004.14,0.12,ANNUAL,2026,LEGACY_PAS
ALB-HOM-0000150,P0003074,HOM,Home Buildings & Contents,BRK0054,BROKER,2019-06-27,2020-06-26,LP,860.48,0.12,PREMIUM_FINANCE,2019,POLARIS
ALB-MOT-0000151,P0001306,MOT,Private Motor,,DIRECT,2026-05-11,2027-05-11,IF,3889.27,0.12,PREMIUM_FINANCE,2026,LEGACY_PAS
ALB-TRV-0000152,P0003007,TRV,Annual Travel,BRK0001,DIRECT,2024-05-08,2025-05-08,IF,1259.81,0.12,PREMIUM_FINANCE,2024,POLARIS
ALB-TRV-0000153,P0002123,TRV,Annual Travel,BRK0020,BROKER,2018-09-23,2019-09-23,IF,4122.55,0.12,MONTHLY_DD,2018,LEGACY_PAS
ALB-HOM-0000154,P0001744,HOM,Home Buildings & Contents,BRK0037,BROKER,2020-01-06,2021-01-05,RN,3169.61,0.12,MONTHLY_DD,2020,LEGACY_PAS
ALB-PET-0000155,P0002417,PET,Pet,BRK0007,BROKER,2023-09-08,2024-09-07,RN,668.6,0.12,PREMIUM_FINANCE,2023,POLARIS
ALB-PET-0000156,P0000639,PET,Pet,BRK0021,BROKER,2020-11-03,2021-11-03,EX,3342.51,0.12,PREMIUM_FINANCE,2020,LEGACY_PAS
ALB-HOM-0000157,P0003027,HOM,Home Buildings & Contents,,BROKER,2026-01-11,2027-01-11,IF,2263.39,0.12,ANNUAL,2026,LEGACY_PAS
ALB-CPM-0000158,P0002608,CPM,Commercial Property,BRK0054,AGGREGATOR,2018-07-26,2019-07-26,IF,7195.13,0.12,ANNUAL,2018,LEGACY_PAS
ALB-HOM-0000159,P0001206,HOM,Home Buildings & Contents,BRK0024,BROKER,2020-10-28,2021-10-28,LP,736.04,0.12,ANNUAL,2020,POLARIS
ALB-PET-0000160,P0001313,PET,Pet,,AGGREGATOR,2023-08-24,2024-08-23,IF,3970.96,0.12,ANNUAL,2023,POLARIS
ALB-MOT-0000161,P0001641,MOT,Private Motor,BRK0016,BROKER,2025-09-28,2026-09-28,IF,3403.97,0.12,MONTHLY_DD,2025,POLARIS
ALB-TRV-0000162,P0002999,TRV,Annual Travel,BRK0048,BROKER,2021-02-21,2022-02-21,IF,3735.35,0.12,ANNUAL,2021,LEGACY_PAS
ALB-MOT-0000163,P0002519,MOT,Private Motor,,BROKER,2018-06-29,2019-06-29,EX,3791.91,0.12,MONTHLY_DD,2018,LEGACY_PAS
ALB-TRV-0000164,P0001710,TRV,Annual Travel,BRK0003,DIRECT,2023-01-14,2024-01-14,LP,1936.71,0.12,PREMIUM_FINANCE,2023,LEGACY_PAS
ALB-CLB-0000165,P0001779,CLB,Commercial Liability,,DIRECT,2021-07-01,2022-07-01,CN,9046.93,0.12,ANNUAL,2021,LEGACY_PAS
ALB-TRV-0000166,P0000504,TRV,Annual Travel,,AGGREGATOR,2021-05-04,2022-05-04,CN,2573.33,0.12,PREMIUM_FINANCE,2021,POLARIS
ALB-CLB-0000167,P0001085,CLB,Commercial Liability,BRK0008,BROKER,2021-06-01,2022-06-01,EX,5472.51,0.12,PREMIUM_FINANCE,2021,POLARIS
ALB-PET-0000168,P0000456,PET,Pet,,BROKER,2020-03-20,2021-03-20,IF,2051.67,0.12,PREMIUM_FINANCE,2020,POLARIS
ALB-HOM-0000169,P0001902,HOM,Home Buildings & Contents,,DIRECT,2019-08-22,2020-08-21,EX,3302.94,0.12,MONTHLY_DD,2019,POLARIS
ALB-CLB-0000170,P0003098,CLB,Commercial Liability,,DIRECT,2023-12-29,2024-12-28,RN,2432.23,0.12,MONTHLY_DD,2023,POLARIS
ALB-CLB-0000171,P0001755,CLB,Commercial Liability,BRK0058,DIRECT,2021-06-04,2022-06-04,IF,4501.18,0.12,MONTHLY_DD,2021,POLARIS
ALB-PET-0000172,P0000411,PET,Pet,,AGGREGATOR,2020-08-15,2021-08-15,IF,1491.96,0.12,ANNUAL,2020,LEGACY_PAS
ALB-CPM-0000173,P0000825,CPM,Commercial Property,BRK0016,BROKER,2024-03-15,2025-03-15,IF,14397.56,0.12,PREMIUM_FINANCE,2024,LEGACY_PAS
ALB-PET-0000174,P0000895,PET,Pet,,DIRECT,2022-05-07,2023-05-07,IF,3432.41,0.12,MONTHLY_DD,2022,LEGACY_PAS
ALB-TRV-0000175,P0003135,TRV,Annual Travel,BRK0058,DIRECT,2022-02-03,2023-02-03,CN,2876.8,0.12,MONTHLY_DD,2022,LEGACY_PAS
ALB-CLB-0000176,P0000906,CLB,Commercial Liability,BRK0041,BROKER,2024-11-23,2025-11-23,RN,2220.5,0.12,ANNUAL,2024,LEGACY_PAS
ALB-PET-0000177,P0000320,PET,Pet,BRK0020,AGGREGATOR,2025-07-15,2026-07-15,RN,4082.68,0.12,ANNUAL,2025,POLARIS
ALB-CPM-0000178,P0003067,CPM,Commercial Property,BRK0023,BROKER,2019-03-19,2020-03-18,RN,12416.84,0.12,ANNUAL,2019,POLARIS
ALB-PET-0000179,P0000464,PET,Pet,BRK0003,DIRECT,2024-02-12,2025-02-11,RN,3084.13,0.12,ANNUAL,2024,POLARIS
ALB-TRV-0000180,P0002459,TRV,Annual Travel,BRK0048,DIRECT,2025-02-24,2026-02-24,IF,1663.88,0.12,MONTHLY_DD,2025,POLARIS
ALB-MOT-0000181,P0001519,MOT,Private Motor,,BROKER,2018-06-07,2019-06-07,LP,2606.47,0.12,MONTHLY_DD,2018,LEGACY_PAS
ALB-HOM-0000182,P0001208,HOM,Home Buildings & Contents,BRK0049,BROKER,2018-03-03,2019-03-03,IF,2026.91,0.12,ANNUAL,2018,POLARIS
ALB-HOM-0000183,P0001185,HOM,Home Buildings & Contents,BRK0054,DIRECT,2023-01-03,2024-01-03,RN,2706.61,0.12,ANNUAL,2023,LEGACY_PAS
ALB-TRV-0000184,P0000676,TRV,Annual Travel,,BROKER,2022-12-29,2023-12-29,IF,1089.83,0.12,ANNUAL,2022,LEGACY_PAS
ALB-PET-0000185,P0001880,PET,Pet,,AGGREGATOR,2020-07-25,2021-07-25,EX,2201.81,0.12,PREMIUM_FINANCE,2020,POLARIS
ALB-HOM-0000186,P0001091,HOM,Home Buildings & Contents,BRK0002,DIRECT,2022-11-04,2023-11-04,LP,1353.19,0.12,MONTHLY_DD,2022,LEGACY_PAS
ALB-TRV-0000187,P0002993,TRV,Annual Travel,,AGGREGATOR,2019-04-04,2020-04-03,IF,978.98,0.12,MONTHLY_DD,2019,LEGACY_PAS
ALB-TRV-0000188,P0000260,TRV,Annual Travel,,DIRECT,2023-07-30,2024-07-29,IF,3091.34,0.12,PREMIUM_FINANCE,2023,LEGACY_PAS
ALB-PET-0000189,P0000210,PET,Pet,BRK0051,DIRECT,2023-12-21,2024-12-20,IF,2087.79,0.12,MONTHLY_DD,2023,POLARIS
ALB-CPM-0000190,P0002082,CPM,Commercial Property,BRK0053,DIRECT,2023-06-07,2024-06-06,CN,2908.42,0.12,PREMIUM_FINANCE,2023,POLARIS
ALB-CPM-0000191,P0002416,CPM,Commercial Property,BRK0045,BROKER,2020-01-02,2021-01-01,IF,11852.38,0.12,MONTHLY_DD,2020,LEGACY_PAS
ALB-MOT-0000192,P0000621,MOT,Private Motor,BRK0026,BROKER,2018-03-29,2019-03-29,IF,1386.83,0.12,MONTHLY_DD,2018,LEGACY_PAS
ALB-CPM-0000193,P0001825,CPM,Commercial Property,BRK0054,DIRECT,2021-08-10,2022-08-10,CN,5860.73,0.12,MONTHLY_DD,2021,POLARIS
ALB-CPM-0000194,P0002540,CPM,Commercial Property,,DIRECT,2022-04-07,2023-04-07,IF,2431.7,0.12,PREMIUM_FINANCE,2022,POLARIS
ALB-PET-0000195,P0002321,PET,Pet,,BROKER,2026-12-26,2027-12-26,IF,3916.42,0.12,MONTHLY_DD,2026,LEGACY_PAS
ALB-PET-0000196,P0002681,PET,Pet,BRK0043,BROKER,2026-04-12,2027-04-12,IF,965.23,0.12,MONTHLY_DD,2026,POLARIS
ALB-TRV-0000197,P0000845,TRV,Annual Travel,BRK0023,BROKER,2023-06-20,2024-06-19,LP,1057.15,0.12,ANNUAL,2023,LEGACY_PAS
ALB-MOT-0000198,P0002005,MOT,Private Motor,,BROKER,2019-05-19,2020-05-18,IF,561.78,0.12,ANNUAL,2019,POLARIS
ALB-HOM-0000199,P0002733,HOM,Home Buildings & Contents,,AGGREGATOR,2022-02-03,2023-02-03,RN,1833.25,0.12,MONTHLY_DD,2022,POLARIS
ALB-PET-0000200,P0000355,PET,Pet,BRK0057,DIRECT,2022-10-23,2023-10-23,RN,1432.09,0.12,ANNUAL,2022,LEGACY_PAS
ALB-PET-0000201,P0000947,PET,Pet,,DIRECT,2025-09-03,2026-09-03,EX,1047.32,0.12,MONTHLY_DD,2025,POLARIS
ALB-PET-0000202,P0000232,PET,Pet,,AGGREGATOR,2026-10-15,2027-10-15,CN,2344.84,0.12,ANNUAL,2026,POLARIS
ALB-HOM-0000203,P0001983,HOM,Home Buildings & Contents,,BROKER,2024-11-07,2025-11-07,IF,1308.1,0.12,ANNUAL,2024,POLARIS
ALB-MOT-0000204,P0000632,MOT,Private Motor,BRK0043,DIRECT,2025-03-23,2026-03-23,RN,747.62,0.12,MONTHLY_DD,2025,POLARIS
ALB-HOM-0000205,P0001202,HOM,Home Buildings & Contents,BRK0015,BROKER,2025-06-23,2026-06-23,LP,2115.28,0.12,MONTHLY_DD,2025,POLARIS
ALB-CPM-0000206,P0002839,CPM,Commercial Property,BRK0053,BROKER,2022-12-06,2023-12-06,EX,11163.23,0.12,MONTHLY_DD,2022,POLARIS
ALB-HOM-0000207,P0002629,HOM,Home Buildings & Contents,,DIRECT,2026-03-21,2027-03-21,RN,4062.55,0.12,MONTHLY_DD,2026,POLARIS
ALB-TRV-0000208,P0000323,TRV,Annual Travel,BRK0058,BROKER,2021-03-15,2022-03-15,CN,1131.02,0.12,ANNUAL,2021,LEGACY_PAS
ALB-CPM-0000209,P0002898,CPM,Commercial Property,BRK0054,BROKER,2021-07-25,2022-07-25,IF,1030.79,0.12,MONTHLY_DD,2021,POLARIS
ALB-CLB-0000210,P0002840,CLB,Commercial Liability,,BROKER,2026-10-21,2027-10-21,IF,4084.59,0.12,ANNUAL,2026,POLARIS
ALB-CPM-0000211,P0000502,CPM,Commercial Property,,BROKER,2021-08-25,2022-08-25,EX,2664.72,0.12,ANNUAL,2021,POLARIS
ALB-MOT-0000212,P0002848,MOT,Private Motor,,AGGREGATOR,2022-12-09,2023-12-09,LP,1146.61,0.12,ANNUAL,2022,POLARIS
ALB-PET-0000213,P0002094,PET,Pet,,BROKER,2025-08-23,2026-08-23,IF,1269.2,0.12,ANNUAL,2025,POLARIS
ALB-CLB-0000214,P0001381,CLB,Commercial Liability,BRK0059,BROKER,2026-07-24,2027-07-24,EX,6971.76,0.12,MONTHLY_DD,2026,POLARIS
ALB-CLB-0000215,P0001721,CLB,Commercial Liability,BRK0026,BROKER,2026-11-16,2027-11-16,IF,2040.9,0.12,MONTHLY_DD,2026,LEGACY_PAS
ALB-HOM-0000216,P0000909,HOM,Home Buildings & Contents,BRK0023,BROKER,2025-11-30,2026-11-30,IF,339.83,0.12,MONTHLY_DD,2025,POLARIS
ALB-TRV-0000217,P0000229,TRV,Annual Travel,BRK0030,DIRECT,2018-08-28,2019-08-28,IF,3823.36,0.12,ANNUAL,2018,POLARIS
ALB-CPM-0000218,P0001584,CPM,Commercial Property,,DIRECT,2025-03-09,2026-03-09,LP,901.28,0.12,MONTHLY_DD,2025,LEGACY_PAS
ALB-CPM-0000219,P0001724,CPM,Commercial Property,,BROKER,2024-11-29,2025-11-29,IF,5500.21,0.12,ANNUAL,2024,LEGACY_PAS
ALB-PET-0000220,P0002034,PET,Pet,BRK0018,BROKER,2019-03-16,2020-03-15,RN,1223.94,0.12,MONTHLY_DD,2019,POLARIS
ALB-TRV-0000221,P0002330,TRV,Annual Travel,BRK0051,DIRECT,2023-11-02,2024-11-01,IF,3572.03,0.12,ANNUAL,2023,POLARIS
ALB-CPM-0000222,P0000276,CPM,Commercial Property,BRK0007,BROKER,2025-05-27,2026-05-27,LP,738.76,0.12,ANNUAL,2025,LEGACY_PAS
ALB-CPM-0000223,P0000499,CPM,Commercial Property,,BROKER,2020-06-01,2021-06-01,LP,8814.88,0.12,MONTHLY_DD,2020,POLARIS
ALB-HOM-0000224,P0002359,HOM,Home Buildings & Contents,,BROKER,2024-04-08,2025-04-08,CN,605.25,0.12,MONTHLY_DD,2024,POLARIS
ALB-MOT-0000225,P0001362,MOT,Private Motor,BRK0024,BROKER,2019-02-03,2020-02-03,CN,4019.49,0.12,MONTHLY_DD,2019,POLARIS
ALB-CPM-0000226,P0000132,CPM,Commercial Property,BRK0009,BROKER,2022-11-01,2023-11-01,LP,10249.3,0.12,ANNUAL,2022,POLARIS
ALB-PET-0000227,P0000355,PET,Pet,BRK0007,AGGREGATOR,2019-06-12,2020-06-11,LP,2650.99,0.12,PREMIUM_FINANCE,2019,POLARIS
ALB-PET-0000228,P0001788,PET,Pet,BRK0005,BROKER,2026-11-25,2027-11-25,LP,2139.72,0.12,PREMIUM_FINANCE,2026,LEGACY_PAS
ALB-PET-0000229,P0001888,PET,Pet,BRK0051,DIRECT,2024-05-21,2025-05-21,IF,1141.94,0.12,MONTHLY_DD,2024,POLARIS
ALB-PET-0000230,P0000747,PET,Pet,BRK0024,BROKER,2021-11-04,2022-11-04,RN,4008.86,0.12,PREMIUM_FINANCE,2021,LEGACY_PAS
ALB-TRV-0000231,P0001313,TRV,Annual Travel,BRK0025,BROKER,2026-06-14,2027-06-14,EX,2696.69,0.12,ANNUAL,2026,POLARIS
ALB-PET-0000232,P0000392,PET,Pet,BRK0006,AGGREGATOR,2020-10-28,2021-10-28,RN,961.06,0.12,PREMIUM_FINANCE,2020,POLARIS
ALB-HOM-0000233,P0000498,HOM,Home Buildings & Contents,BRK0001,DIRECT,2026-10-18,2027-10-18,IF,935.07,0.12,ANNUAL,2026,POLARIS
ALB-CPM-0000234,P0002600,CPM,Commercial Property,,BROKER,2022-12-12,2023-12-12,IF,4872.42,0.12,ANNUAL,2022,LEGACY_PAS
ALB-HOM-0000235,P0002208,HOM,Home Buildings & Contents,,BROKER,2019-04-16,2020-04-15,RN,3753.18,0.12,PREMIUM_FINANCE,2019,POLARIS
ALB-HOM-0000236,P0000434,HOM,Home Buildings & Contents,,AGGREGATOR,2021-09-13,2022-09-13,EX,2230.62,0.12,ANNUAL,2021,POLARIS
ALB-PET-0000237,P0003191,PET,Pet,BRK0020,DIRECT,2018-08-26,2019-08-26,IF,441.8,0.12,ANNUAL,2018,POLARIS
ALB-CLB-0000238,P0002887,CLB,Commercial Liability,BRK0028,DIRECT,2022-08-31,2023-08-31,IF,6512.99,0.12,ANNUAL,2022,POLARIS
ALB-PET-0000239,P0001092,PET,Pet,BRK0011,BROKER,2023-05-18,2024-05-17,EX,494.41,0.12,ANNUAL,2023,LEGACY_PAS
ALB-CLB-0000240,P0002852,CLB,Commercial Liability,BRK0024,DIRECT,2020-10-16,2021-10-16,IF,12325.38,0.12,PREMIUM_FINANCE,2020,POLARIS
ALB-CLB-0000241,P0002992,CLB,Commercial Liability,BRK0027,DIRECT,2024-12-17,2025-12-17,EX,6561.65,0.12,PREMIUM_FINANCE,2024,LEGACY_PAS
ALB-TRV-0000242,P0001725,TRV,Annual Travel,,BROKER,2025-01-31,2026-01-31,IF,1129.97,0.12,ANNUAL,2025,LEGACY_PAS
ALB-TRV-0000243,P0001995,TRV,Annual Travel,,AGGREGATOR,2020-11-14,2021-11-14,IF,561.73,0.12,MONTHLY_DD,2020,POLARIS
ALB-TRV-0000244,P0002398,TRV,Annual Travel,BRK0046,BROKER,2019-05-15,2020-05-14,LP,3242.9,0.12,ANNUAL,2019,POLARIS
ALB-MOT-0000245,P0001128,MOT,Private Motor,,BROKER,2024-12-23,2025-12-23,LP,1528.03,0.12,MONTHLY_DD,2024,POLARIS
ALB-HOM-0000246,P0001990,HOM,Home Buildings & Contents,,BROKER,2025-09-16,2026-09-16,LP,723.54,0.12,ANNUAL,2025,POLARIS
ALB-TRV-0000247,P0001628,TRV,Annual Travel,BRK0033,AGGREGATOR,2021-02-26,2022-02-26,EX,3003.34,0.12,MONTHLY_DD,2021,LEGACY_PAS
ALB-CLB-0000248,P0002042,CLB,Commercial Liability,BRK0020,BROKER,2025-03-16,2026-03-16,RN,8030.16,0.12,MONTHLY_DD,2025,LEGACY_PAS
ALB-CPM-0000249,P0002014,CPM,Commercial Property,BRK0006,BROKER,2026-03-20,2027-03-20,EX,7175.97,0.12,PREMIUM_FINANCE,2026,POLARIS
ALB-PET-0000250,P0002465,PET,Pet,BRK0025,DIRECT,2022-09-03,2023-09-03,IF,3667.46,0.12,PREMIUM_FINANCE,2022,POLARIS
ALB-CLB-0000251,P0000923,CLB,Commercial Liability,BRK0056,DIRECT,2026-01-18,2027-01-18,RN,5615.71,0.12,PREMIUM_FINANCE,2026,LEGACY_PAS
ALB-HOM-0000252,P0000837,HOM,Home Buildings & Contents,BRK0034,AGGREGATOR,2026-07-18,2027-07-18,RN,2257.32,0.12,MONTHLY_DD,2026,POLARIS
ALB-CPM-0000253,P0002484,CPM,Commercial Property,BRK0025,AGGREGATOR,2023-11-22,2024-11-21,IF,879.61,0.12,ANNUAL,2023,POLARIS
ALB-PET-0000254,P0000204,PET,Pet,,BROKER,2019-07-27,2020-07-26,IF,568.49,0.12,MONTHLY_DD,2019,POLARIS
ALB-HOM-0000255,P0000390,HOM,Home Buildings & Contents,BRK0024,BROKER,2020-06-03,2021-06-03,IF,3553.4,0.12,ANNUAL,2020,LEGACY_PAS
ALB-CPM-0000256,P0002583,CPM,Commercial Property,BRK0018,DIRECT,2022-09-07,2023-09-07,EX,1624.12,0.12,PREMIUM_FINANCE,2022,POLARIS
ALB-CLB-0000257,P0000675,CLB,Commercial Liability,BRK0034,AGGREGATOR,2024-08-16,2025-08-16,RN,4865.4,0.12,MONTHLY_DD,2024,POLARIS
ALB-CLB-0000258,P0000588,CLB,Commercial Liability,BRK0008,AGGREGATOR,2026-06-04,2027-06-04,RN,6415.25,0.12,PREMIUM_FINANCE,2026,POLARIS
ALB-CLB-0000259,P0001229,CLB,Commercial Liability,BRK0015,AGGREGATOR,2021-08-07,2022-08-07,IF,1590.21,0.12,ANNUAL,2021,LEGACY_PAS
ALB-CPM-0000260,P0002725,CPM,Commercial Property,BRK0054,DIRECT,2025-01-11,2026-01-11,IF,13003.13,0.12,PREMIUM_FINANCE,2025,LEGACY_PAS
ALB-HOM-0000261,P0001486,HOM,Home Buildings & Contents,BRK0034,DIRECT,2018-09-29,2019-09-29,IF,4138.82,0.12,MONTHLY_DD,2018,POLARIS
ALB-MOT-0000262,P0000196,MOT,Private Motor,BRK0014,BROKER,2019-12-20,2020-12-19,IF,4107.78,0.12,ANNUAL,2019,LEGACY_PAS
ALB-CLB-0000263,P0002011,CLB,Commercial Liability,,BROKER,2020-10-13,2021-10-13,IF,3508.12,0.12,ANNUAL,2020,LEGACY_PAS
ALB-MOT-0000264,P0001802,MOT,Private Motor,,BROKER,2023-10-01,2024-09-30,RN,2119.04,0.12,ANNUAL,2023,POLARIS
ALB-CPM-0000265,P0001922,CPM,Commercial Property,BRK0010,AGGREGATOR,2025-05-24,2026-05-24,CN,10861.46,0.12,MONTHLY_DD,2025,POLARIS
ALB-MOT-0000266,P0000144,MOT,Private Motor,BRK0009,BROKER,2023-07-21,2024-07-20,IF,3767.21,0.12,ANNUAL,2023,POLARIS
ALB-PET-0000267,P0001967,PET,Pet,BRK0016,BROKER,2018-03-23,2019-03-23,LP,2151.15,0.12,ANNUAL,2018,POLARIS
ALB-CLB-0000268,P0002714,CLB,Commercial Liability,,BROKER,2021-01-29,2022-01-29,RN,12117.73,0.12,MONTHLY_DD,2021,POLARIS
ALB-CPM-0000269,P0000378,CPM,Commercial Property,BRK0031,BROKER,2022-06-12,2023-06-12,IF,7403.63,0.12,MONTHLY_DD,2022,LEGACY_PAS
ALB-CLB-0000270,P0002177,CLB,Commercial Liability,,AGGREGATOR,2022-11-11,2023-11-11,CN,6762.76,0.12,ANNUAL,2022,POLARIS
ALB-TRV-0000271,P0002853,TRV,Annual Travel,BRK0012,BROKER,2023-03-10,2024-03-09,IF,3734.72,0.12,MONTHLY_DD,2023,LEGACY_PAS
ALB-CLB-0000272,P0002844,CLB,Commercial Liability,,BROKER,2024-10-14,2025-10-14,CN,7561.65,0.12,MONTHLY_DD,2024,LEGACY_PAS
ALB-CLB-0000273,P0002005,CLB,Commercial Liability,BRK0056,BROKER,2018-02-16,2019-02-16,IF,3039.67,0.12,ANNUAL,2018,POLARIS
ALB-HOM-0000274,P0001380,HOM,Home Buildings & Contents,,BROKER,2022-12-18,2023-12-18,RN,3587.78,0.12,PREMIUM_FINANCE,2022,POLARIS
ALB-TRV-0000275,P0002233,TRV,Annual Travel,,AGGREGATOR,2023-08-13,2024-08-12,RN,340.75,0.12,MONTHLY_DD,2023,LEGACY_PAS
ALB-PET-0000276,P0002311,PET,Pet,,BROKER,2026-04-10,2027-04-10,RN,2827.92,0.12,MONTHLY_DD,2026,LEGACY_PAS
ALB-CPM-0000277,P0001246,CPM,Commercial Property,,BROKER,2025-04-21,2026-04-21,RN,10436.15,0.12,ANNUAL,2025,POLARIS
ALB-HOM-0000278,P0002382,HOM,Home Buildings & Contents,BRK0031,BROKER,2019-11-15,2020-11-14,IF,3633.09,0.12,MONTHLY_DD,2019,POLARIS
ALB-CLB-0000279,P0001525,CLB,Commercial Liability,,BROKER,2026-11-21,2027-11-21,RN,5808.31,0.12,MONTHLY_DD,2026,LEGACY_PAS
ALB-HOM-0000280,P0001329,HOM,Home Buildings & Contents,,BROKER,2018-01-18,2019-01-18,RN,1227.86,0.12,ANNUAL,2018,POLARIS
ALB-HOM-0000281,P0000912,HOM,Home Buildings & Contents,BRK0017,BROKER,2019-09-07,2020-09-06,IF,4113.43,0.12,ANNUAL,2019,POLARIS
ALB-HOM-0000282,P0003083,HOM,Home Buildings & Contents,BRK0018,AGGREGATOR,2025-10-06,2026-10-06,CN,3118.3,0.12,ANNUAL,2025,LEGACY_PAS
ALB-CLB-0000283,P0002650,CLB,Commercial Liability,BRK0043,AGGREGATOR,2022-12-22,2023-12-22,IF,4660.64,0.12,MONTHLY_DD,2022,POLARIS
ALB-PET-0000284,P0002694,PET,Pet,,BROKER,2023-07-06,2024-07-05,IF,189.81,0.12,MONTHLY_DD,2023,POLARIS
ALB-MOT-0000285,P0001972,MOT,Private Motor,BRK0055,DIRECT,2018-09-07,2019-09-07,IF,1205.37,0.12,MONTHLY_DD,2018,POLARIS
ALB-CLB-0000286,P0000464,CLB,Commercial Liability,,BROKER,2023-02-27,2024-02-27,LP,3996.79,0.12,MONTHLY_DD,2023,POLARIS
ALB-CLB-0000287,P0003100,CLB,Commercial Liability,BRK0033,BROKER,2020-07-05,2021-07-05,LP,9252.26,0.12,ANNUAL,2020,POLARIS
ALB-CPM-0000288,P0001760,CPM,Commercial Property,BRK0038,DIRECT,2023-09-30,2024-09-29,IF,10756.48,0.12,ANNUAL,2023,POLARIS
ALB-HOM-0000289,P0001833,HOM,Home Buildings & Contents,BRK0059,AGGREGATOR,2024-04-01,2025-04-01,EX,1923.41,0.12,ANNUAL,2024,LEGACY_PAS
ALB-PET-0000290,P0001022,PET,Pet,,DIRECT,2018-06-02,2019-06-02,RN,3508.32,0.12,MONTHLY_DD,2018,POLARIS
ALB-HOM-0000291,P0002010,HOM,Home Buildings & Contents,BRK0034,BROKER,2026-03-21,2027-03-21,RN,714.94,0.12,PREMIUM_FINANCE,2026,POLARIS
ALB-TRV-0000292,P0002445,TRV,Annual Travel,,BROKER,2018-05-05,2019-05-05,LP,3916.84,0.12,PREMIUM_FINANCE,2018,LEGACY_PAS
ALB-PET-0000293,P0002969,PET,Pet,,BROKER,2018-08-24,2019-08-24,RN,2044.07,0.12,MONTHLY_DD,2018,POLARIS
ALB-MOT-0000294,P0002190,MOT,Private Motor,,BROKER,2018-08-20,2019-08-20,IF,1950.27,0.12,MONTHLY_DD,2018,LEGACY_PAS
ALB-CLB-0000295,P0001816,CLB,Commercial Liability,BRK0005,AGGREGATOR,2025-12-26,2026-12-26,IF,9096.68,0.12,ANNUAL,2025,POLARIS
ALB-PET-0000296,P0001794,PET,Pet,,BROKER,2022-10-29,2023-10-29,RN,3345.04,0.12,ANNUAL,2022,POLARIS
ALB-PET-0000297,P0001991,PET,Pet,BRK0025,BROKER,2018-06-25,2019-06-25,LP,814.48,0.12,MONTHLY_DD,2018,POLARIS
ALB-CPM-0000298,P0001146,CPM,Commercial Property,BRK0034,DIRECT,2025-10-09,2026-10-09,RN,3272.42,0.12,MONTHLY_DD,2025,POLARIS
ALB-TRV-0000299,P0002198,TRV,Annual Travel,BRK0002,BROKER,2026-06-17,2027-06-17,IF,1030.13,0.12,PREMIUM_FINANCE,2026,LEGACY_PAS
ALB-PET-0000300,P0000748,PET,Pet,BRK0031,DIRECT,2023-03-29,2024-03-28,IF,999.65,0.12,PREMIUM_FINANCE,2023,POLARIS
