TREATY_ID,TREATY_TYPE,LINE_OF_BUSINESS,REINSURER,CESSION_PCT,RETENTION_GBP,LIMIT_GBP,UW_YEAR
TR001,SURPLUS,HOM,SCOR,31.3,905000,9000000,2023
TR002,QUOTA_SHARE,HOM,Munich Re,25.6,322000,11000000,2022
TR003,XOL,HOM,Munich Re,12.0,969000,27000000,2024
TR004,SURPLUS,HOM,Lloyd's Syndicate 2001,48.5,623000,28000000,2026
TR005,XOL,HOM,Swiss Re,34.8,969000,43000000,2021
TR006,QUOTA_SHARE,CPM,Hannover Re,11.0,378000,8000000,2019
TR007,SURPLUS,CPM,Swiss Re,31.8,672000,9000000,2023
TR008,QUOTA_SHARE,CPM,Swiss Re,26.7,927000,47000000,2023
TR009,XOL,CPM,Swiss Re,25.0,574000,9000000,2020
TR010,XOL,CPM,Hannover Re,23.8,969000,6000000,2023
TR011,QUOTA_SHARE,CLB,Hannover Re,31.9,857000,24000000,2023
TR012,QUOTA_SHARE,HOM,Hannover Re,34.5,459000,24000000,2025
TR013,QUOTA_SHARE,CLB,Munich Re,20.8,682000,30000000,2026
TR014,QUOTA_SHARE,HOM,Munich Re,29.4,568000,13000000,2024
TR015,XOL,MOT,Hannover Re,31.8,462000,17000000,2023
TR016,SURPLUS,HOM,Hannover Re,18.6,923000,5000000,2024
TR017,QUOTA_SHARE,CPM,SCOR,32.8,671000,22000000,2021
TR018,SURPLUS,MOT,Hannover Re,35.3,351000,11000000,2026
TR019,SURPLUS,MOT,Swiss Re,16.3,977000,27000000,2024
TR020,SURPLUS,MOT,Lloyd's Syndicate 2001,38.8,699000,20000000,2020
TR021,SURPLUS,MOT,Hannover Re,22.2,894000,20000000,2019
TR022,XOL,MOT,Hannover Re,25.3,352000,37000000,2024
TR023,SURPLUS,CLB,Swiss Re,42.2,803000,38000000,2019
TR024,SURPLUS,CLB,Hannover Re,20.3,788000,35000000,2019
TR025,QUOTA_SHARE,MOT,Lloyd's Syndicate 2001,11.9,654000,28000000,2021
