BROKER_ID,BROKER_NAME,FCA_REF,CITY,POSTCODE,COMMISSION_PCT,STATUS
BRK0001,Baker & Wright Insurance Services Ltd,301115,Manchester,M1 1AE,22.1,ACTIVE
BRK0002,Smith & Davies Insurance Services Ltd,369875,Reading,RG1 1LX,14.16,ACTIVE
BRK0003,Brown & Jones Insurance Services Ltd,793775,Glasgow,G1 1XQ,10.15,TERMINATED
BRK0004,Davies & Green Insurance Services Ltd,442808,York,YO1 6GA,7.72,ACTIVE
BRK0005,Wilson & Wright Insurance Services Ltd,206033,Leeds,LS1 4AP,7.87,ACTIVE
BRK0006,Taylor & Johnson Insurance Services Ltd,433265,Glasgow,G1 1XQ,17.25,ACTIVE
BRK0007,Davies & Taylor Insurance Services Ltd,830619,Bristol,BS1 4ST,14.09,ACTIVE
BRK0008,Clarke & Davies Insurance Services Ltd,945579,Manchester,M1 1AE,10.43,ACTIVE
BRK0009,Taylor & Murphy Insurance Services Ltd,373121,Norwich,NR1 3QQ,20.48,ACTIVE
BRK0010,Wilson & OBrien Insurance Services Ltd,417397,York,YO1 6GA,9.12,ACTIVE
BRK0011,Baker & Williams Insurance Services Ltd,822823,York,YO1 6GA,17.61,ACTIVE
BRK0012,Williams & Baker Insurance Services Ltd,776298,York,YO1 6GA,16.38,ACTIVE
BRK0013,Green & Jones Insurance Services Ltd,282163,Glasgow,G1 1XQ,21.44,TERMINATED
BRK0014,Robinson & Brown Insurance Services Ltd,807035,Glasgow,G1 1XQ,15.85,ACTIVE
BRK0015,Baker & Hughes Insurance Services Ltd,189420,Manchester,M1 1AE,13.91,ACTIVE
BRK0016,Hall & Hall Insurance Services Ltd,304969,Bristol,BS1 4ST,9.1,ACTIVE
BRK0017,Walker & OBrien Insurance Services Ltd,204661,Leeds,LS1 4AP,10.5,TERMINATED
BRK0018,Brown & Davies Insurance Services Ltd,534397,Cardiff,CF10 1EP,14.49,ACTIVE
BRK0019,Taylor & Walker Insurance Services Ltd,205347,Cardiff,CF10 1EP,13.94,ACTIVE
BRK0020,Davies & Davies Insurance Services Ltd,574664,Bristol,BS1 4ST,17.73,ACTIVE
BRK0021,Clarke & Wright Insurance Services Ltd,182027,Leeds,LS1 4AP,9.41,ACTIVE
BRK0022,Smith & Walker Insurance Services Ltd,734886,Norwich,NR1 3QQ,18.79,SUSPENDED
BRK0023,Taylor & Wilson Insurance Services Ltd,213264,Leeds,LS1 4AP,14.3,ACTIVE
BRK0024,Khan & Smith Insurance Services Ltd,795253,Reading,RG1 1LX,17.81,ACTIVE
BRK0025,Williams & Hall Insurance Services Ltd,546886,Norwich,NR1 3QQ,14.19,ACTIVE
BRK0026,Patel & Taylor Insurance Services Ltd,681552,London,EC1A 1BB,13.95,ACTIVE
BRK0027,Hall & Brown Insurance Services Ltd,776187,Manchester,M1 1AE,13.16,ACTIVE
BRK0028,OBrien & Green Insurance Services Ltd,503834,Norwich,NR1 3QQ,17.85,ACTIVE
BRK0029,Smith & Brown Insurance Services Ltd,737044,Bristol,BS1 4ST,19.81,ACTIVE
BRK0030,Davies & Brown Insurance Services Ltd,575058,Glasgow,G1 1XQ,22.12,ACTIVE
BRK0031,Patel & Clarke Insurance Services Ltd,978630,London,EC1A 1BB,9.04,ACTIVE
BRK0032,Green & Patel Insurance Services Ltd,151236,Leeds,LS1 4AP,10.9,SUSPENDED
BRK0033,Clarke & Wright Insurance Services Ltd,452635,Birmingham,B1 1AA,11.72,ACTIVE
BRK0034,Jones & Baker Insurance Services Ltd,408567,Reading,RG1 1LX,8.84,ACTIVE
BRK0035,Hall & Murphy Insurance Services Ltd,511374,London,EC1A 1BB,10.45,ACTIVE
BRK0036,Johnson & Hughes Insurance Services Ltd,446123,London,EC1A 1BB,17.19,ACTIVE
BRK0037,Wilson & Johnson Insurance Services Ltd,221515,York,YO1 6GA,21.61,ACTIVE
BRK0038,Walker & Wright Insurance Services Ltd,636600,Reading,RG1 1LX,10.74,ACTIVE
BRK0039,Johnson & Murphy Insurance Services Ltd,661807,Bristol,BS1 4ST,17.99,ACTIVE
BRK0040,Baker & Brown Insurance Services Ltd,735933,Reading,RG1 1LX,14.45,ACTIVE
BRK0041,Davies & Hughes Insurance Services Ltd,479555,Cardiff,CF10 1EP,15.18,ACTIVE
BRK0042,Williams & Williams Insurance Services Ltd,450333,Reading,RG1 1LX,18.19,ACTIVE
BRK0043,Davies & Wright Insurance Services Ltd,825944,Bristol,BS1 4ST,13.6,ACTIVE
BRK0044,Hughes & Wright Insurance Services Ltd,201663,Birmingham,B1 1AA,8.65,ACTIVE
BRK0045,Murphy & Johnson Insurance Services Ltd,767860,Cardiff,CF10 1EP,12.64,ACTIVE
BRK0046,Johnson & Hall Insurance Services Ltd,382428,Glasgow,G1 1XQ,21.38,ACTIVE
BRK0047,Baker & Hughes Insurance Services Ltd,745226,Cardiff,CF10 1EP,12.55,ACTIVE
BRK0048,Hall & Patel Insurance Services Ltd,664258,Birmingham,B1 1AA,13.7,ACTIVE
BRK0049,Hall & Baker Insurance Services Ltd,866524,London,EC1A 1BB,14.43,ACTIVE
BRK0050,OBrien & Patel Insurance Services Ltd,227298,Glasgow,G1 1XQ,14.2,ACTIVE
BRK0051,Khan & Davies Insurance Services Ltd,189286,Reading,RG1 1LX,12.18,ACTIVE
BRK0052,Patel & Wilson Insurance Services Ltd,174687,Manchester,M1 1AE,12.84,ACTIVE
BRK0053,Baker & Clarke Insurance Services Ltd,585083,London,EC1A 1BB,20.14,ACTIVE
BRK0054,Green & Murphy Insurance Services Ltd,618650,Birmingham,B1 1AA,11.43,ACTIVE
BRK0055,Wilson & Wright Insurance Services Ltd,767543,Glasgow,G1 1XQ,17.86,TERMINATED
BRK0056,Johnson & Murphy Insurance Services Ltd,363703,London,EC1A 1BB,21.31,ACTIVE
BRK0057,Jones & Robinson Insurance Services Ltd,927697,Leeds,LS1 4AP,21.97,SUSPENDED
BRK0058,Hall & Wright Insurance Services Ltd,436038,Reading,RG1 1LX,8.65,ACTIVE
BRK0059,Smith & Clarke Insurance Services Ltd,838190,Reading,RG1 1LX,17.33,ACTIVE
BRK0060,Hall & Khan Insurance Services Ltd,124236,Manchester,M1 1AE,14.81,ACTIVE
