policy_no,client_no,product_cd,incept_dt_jul,annl_prem_pence,status,postcode,surname
ALBPET0003278,0000002750,PET,22295,00000315265,EX,NR13QQ,DAVIES
ALBMOT0003304,0000003075,MOT,25073,00000181013,IF,NR13QQ,WRIGHT
ALBTRV0000514,0000002185,TRV,21288,00000034458,EX,RG11LX,BAKER
ALBCPM0004167,0000000037,CPM,24275,00000575719,IF,BS14ST,ROBINSON
ALBCPM0004674,0000002566,CPM,21265,00000095274,IF,LS14AP,HALL
ALBTRV0000242,0000001725,TRV,25031,00000112997,IF,M11AE,KHAN
ALBTRV0001019,0000001995,TRV,18149,00000189616,IF,ZZ999ZZ,HALL
ALBPET0003508,0000002025,PET,24366,00000325606,RN,RG11LX,OBRIEN
ALBHOM0003431,0000002065,HOM,26151,00000157250,IF,NR13QQ,WILSON
ALBTRV0004047,0000001621,TRV,22311,00000141476,IF,M11AE,ROBINSON
ALBPET0000695,0000000558,PET,23073,00000335445,RN,B11AA,WILSON
ALBMOT0002874,0000000950,MOT,18052,00000229348,EX,M11AE,GREEN
ALBMOT0002776,0000002194,MOT,21001,00000166517,CN,LS14AP,JOHNSON
ALBCLB0003209,0000001064,CLB,25042,00000745408,IF,M11AE,WILLIAMS
ALBHOM0000668,0000002699,HOM,26358,00000145768,IF,B11AA,WILLIAMS
ALBPET0002197,0000002567,PET,23191,00000034396,EX,B11AA,WRIGHT
ALBPET0000578,0000001175,PET,23278,00000058016,IF,B11AA,WRIGHT
ALBPET0003097,0000003145,PET,25184,00000165141,IF,BS14ST,HUGHES
ALBPET0002169,0000000414,PET,20024,00000253848,RN,N/A,GREEN
ALBHOM0002801,0000000796,HOM,25044,00000082317,CN,LS14AP,HART
ALBMOT0004066,0000000391,MOT,26004,00000304096,RN,EC1A1BB,WILLIAMS
ALBCLB0002068,0000002057,CLB,23236,00000883966,IF,N/A,OBRIEN
ALBCLB0001308,0000002938,CLB,22178,00001335499,IF,BS14ST,HALL
ALBTRV0002645,0000002903,TRV,26222,00000307984,CN,LS14AP,TAYLOR
ALBMOT0003855,0000002448,MOT,22275,00000190906,RN,CF101EP,JOHNSON
ALBTRV0000761,0000002541,TRV,25011,00000386972,LP,B11AA,SMITH
ALBHOM0003984,0000000619,HOM,19121,00000112592,LP,BS14ST,DURHAM
ALBCLB0001283,0000002405,CLB,26228,00000564974,IF,B11AA,PATEL
ALBMOT0003098,0000001865,MOT,18050,00000024569,IF,EC1A1BB,WILLIAMS
ALBMOT0000723,0000001833,MOT,18236,00000195528,RN,CF101EP,OBRIEN
ALBPET0001695,0000000196,PET,22113,00000385637,IF,CF101EP,CLARKE
ALBMOT0002202,0000000932,MOT,21319,00000319981,IF,LS14AP,SMITH
ALBCPM0004104,0000001856,CPM,25240,00001242622,EX,B11AA,GREEN
ALBTRV0005080,0000003141,TRV,26150,00000350605,LP,M11AE,OBRIEN
ALBCLB0003409,0000002853,CLB,25139,00000757666,IF,YO16GA,DAVIES
ALBCPM0002218,0000002374,CPM,24203,00001096774,EX,B11AA,CLARKE
ALBHOM0003483,0000002257,HOM,22364,00000350856,CN,EC1A1BB,WILSON
ALBPET0000624,0000003101,PET,19068,00000264564,RN,CF101EP,WILLIAMS
ALBHOM0001888,0000000759,HOM,18068,00000229019,RN,YO16GA,TAYLOR
ALBMOT0004609,0000002410,MOT,23354,00000080959,EX,YO16GA,MURPHY
ALBTRV0000153,0000002123,TRV,18266,00000412255,IF,G11XQ,JONES
ALBTRV0004042,0000001623,TRV,20154,00000068278,EX,G11XQ,JONES
ALBTRV0003360,0000002992,TRV,23005,00000240198,EX,B11AA,GREEN
ALBMOT0002313,0000001858,MOT,22308,00000255521,IF,YO16GA,JOHNSON
ALBMOT0002044,0000000634,MOT,20117,00000183980,RN,NR13QQ,GARCIA
ALBCPM0001547,0000000729,CPM,19089,00000772084,IF,EC1A1BB,MILLER
ALBTRV0000020,0000003143,TRV,19203,00000169276,RN,M11AE,WALKER
ALBTRV0003890,0000003051,TRV,23017,00000298494,IF,M11AE,GREEN
ALBHOM0000971,0000001913,HOM,25031,00000212215,IF,M11AE,BAKER
ALBCLB0001659,0000000049,CLB,18149,00000880390,EX,B11AA,NELSON
ALBTRV0004226,0000002865,TRV,25162,00000092362,RN,G11XQ,WILLIAMS
ALBMOT0000724,0000000665,MOT,24023,00000104485,IF,NR13QQ,CAMPBELL
ALBPET0002853,0000000882,PET,25291,00000326393,LP,ZZ999ZZ,JOHNSON
ALBHOM0003146,0000002742,HOM,20119,00000083542,LP,EC1A1BB,GREEN
ALBMOT0003829,0000002223,MOT,19317,00000146779,IF,YO16GA,CLARKE
ALBMOT0001424,0000001022,MOT,18341,00000399483,IF,NR13QQ,CLARKE
ALBCPM0001669,0000000443,CPM,18306,00001031954,CN,N/A,HUNTER
ALBCPM0002803,0000003063,CPM,23314,00000508747,CN,B11AA,MURPHY
ALBCLB0003134,0000002776,CLB,21091,00001371268,IF,EC1A1BB,HUGHES
ALBCPM0000774,0000001245,CPM,21359,00000618878,CN,EC1A1BB,WILSON
ALBTRV0004860,0000000484,TRV,26157,00000245198,LP,B11AA,FIELDS
ALBPET0001501,0000002349,PET,24163,00000385098,RN,EC1A1BB,BAKER
ALBPET0002769,0000001075,PET,22308,00000130488,IF,M11AE,JOHNSON
ALBHOM0001101,0000001341,HOM,24047,00000337932,IF,CF101EP,OBRIEN
ALBCLB0005000,0000002796,CLB,26354,00000439812,EX,B11AA,KHAN
ALBCLB0003730,0000001285,CLB,22255,00001220730,IF,LS14AP,BAKER
ALBCLB0000381,0000000262,CLB,23151,00000746998,IF,LS14AP,HERNANDEZ
ALBPET0003362,0000001259,PET,20278,00000167304,RN,M11AE,JONES
ALBCLB0004048,0000001559,CLB,24149,00000359494,IF,G11XQ,WILLIAMS
ALBMOT0001198,0000000992,MOT,22094,00000033922,EX,YO16GA,HALL
ALBHOM0001003,0000000031,HOM,20213,00000215844,RN,EC1A1BB,WILSON
ALBPET0003800,0000003170,PET,21054,00000209814,RN,N/A,DAVIES
ALBPET0000376,0000001914,PET,18046,00000054065,LP,EC1A1BB,KHAN
ALBCPM0003830,0000001580,CPM,19207,00001125885,LP,M11AE,JOHNSON
ALBTRV0003182,0000001377,TRV,19078,00000399149,RN,G11XQ,WRIGHT
ALBHOM0001915,0000002372,HOM,24151,00000041490,EX,NR13QQ,HALL
ALBHOM0004029,0000003055,HOM,23109,00000132250,IF,LS14AP,KHAN
ALBMOT0001981,0000001507,MOT,21033,00000156138,EX,M11AE,HALL
ALBTRV0000599,0000000486,TRV,23197,00000203652,IF,YO16GA,CRAWFORD
ALBTRV0003831,0000000358,TRV,18214,00000044446,IF,BS14ST,WILLIAMS
ALBHOM0003226,0000003011,HOM,23073,00000302340,IF,BS14ST,HALL
ALBCPM0003318,0000002242,CPM,18205,00000228467,IF,ZZ999ZZ,PATEL
ALBCLB0003464,0000002243,CLB,24253,00000374889,RN,YO16GA,HUGHES
ALBHOM0002773,0000003190,HOM,21326,00000053004,LP,LS14AP,HALL
ALBMOT0003016,0000002993,MOT,26215,00000204969,IF,G11XQ,WRIGHT
ALBTRV0001434,0000000888,TRV,18218,00000211028,EX,G11XQ,CLARKE
ALBTRV0000433,0000002907,TRV,22309,00000101276,RN,EC1A1BB,HUGHES
ALBMOT0004114,0000002916,MOT,23222,00000314994,RN,YO16GA,WALKER
ALBMOT0004444,0000001514,MOT,21275,00000105408,RN,YO16GA,BAKER
ALBCLB0001692,0000000730,CLB,21021,00000816364,RN,EC1A1BB,TAYLOR
ALBCPM0001480,0000002276,CPM,23185,00001349625,IF,B11AA,JOHNSON
ALBCLB0001583,0000002811,CLB,26299,00000560515,IF,CF101EP,JOHNSON
ALBCPM0001884,0000003104,CPM,25124,00001235460,LP,B11AA,OBRIEN
ALBPET0003129,0000002869,PET,21329,00000361944,IF,BS14ST,JONES
ALBMOT0000856,0000002840,MOT,18261,00000147114,IF,EC1A1BB,WRIGHT
ALBCPM0003512,0000001149,CPM,20300,00000566630,IF,NR13QQ,BROWN
ALBCLB0002276,0000000697,CLB,19022,00001460518,IF,LS14AP,MOORE
ALBCLB0002566,0000002557,CLB,19344,00000936502,RN,RG11LX,WILLIAMS
ALBCPM0004531,0000003119,CPM,25235,00001180919,RN,B11AA,MURPHY
ALBPET0000195,0000002321,PET,26360,00000391642,IF,RG11LX,OBRIEN
ALBHOM0002831,0000001431,HOM,20006,00000272831,IF,NR13QQ,BAKER
ALBTRV0004767,0000001353,TRV,23111,00000317555,RN,BS14ST,BAKER
ALBCPM0004944,0000000581,CPM,18044,00000492828,IF,NR13QQ,HILL
ALBCLB0001407,0000001911,CLB,22083,00000192001,EX,BS14ST,DAVIES
ALBCLB0003371,0000001354,CLB,22335,00000705662,CN,YO16GA,ROBINSON
ALBCLB0002604,0000001450,CLB,23022,00000393604,RN,CF101EP,DAVIES
ALBPET0001559,0000002788,PET,20207,00000407194,CN,CF101EP,PATEL
ALBPET0002977,0000000587,PET,20069,00000190650,CN,CF101EP,GREEN
ALBTRV0001851,0000002087,TRV,22330,00000077187,IF,CF101EP,MURPHY
ALBTRV0003249,0000001194,TRV,22198,00000213108,IF,RG11LX,WALKER
ALBPET0001043,0000002499,PET,23282,00000341570,IF,LS14AP,DAVIES
ALBPET0001723,0000001190,PET,25085,00000236456,LP,YO16GA,HUGHES
ALBHOM0001266,0000002033,HOM,18052,00000254141,IF,BS14ST,TAYLOR
ALBMOT0000662,0000002392,MOT,25250,00000104860,CN,RG11LX,PATEL
ALBCPM0004778,0000001574,CPM,25236,00000585874,IF,LS14AP,OBRIEN
ALBTRV0004685,0000001759,TRV,20327,00000339264,LP,YO16GA,TAYLOR
ALBMOT0000473,0000000412,MOT,19364,00000278851,CN,BS14ST,RICHARDS
ALBTRV0002038,0000002992,TRV,21014,00000192034,LP,B11AA,GREEN
ALBCLB0002358,0000001134,CLB,22076,00000202320,IF,G11XQ,PATEL
ALBPET0000213,0000002094,PET,25235,00000126920,IF,B11AA,ROBINSON
ALBMOT0002261,0000000953,MOT,24207,00000327174,IF,BS14ST,MURPHY
ALBHOM0002299,0000001423,HOM,18288,00000101358,RN,M11AE,KHAN
ALBCLB0005135,0000002369,CLB,21307,00000100722,EX,EC1A1BB,WALKER
ALBPET0004817,0000000486,PET,20088,00000023674,IF,YO16GA,CRAWFORD
ALBCLB0000992,0000002280,CLB,22115,00000949321,LP,G11XQ,DAVIES
ALBPET0002383,0000001944,PET,21212,00000070635,IF,G11XQ,BAKER
ALBCPM0003900,0000001209,CPM,20293,00000216169,IF,G11XQ,WRIGHT
ALBHOM0002651,0000001029,HOM,21158,00000393287,IF,,GREEN
ALBTRV0002291,0000000535,TRV,19138,00000287527,IF,YO16GA,WILSON
ALBHOM0000656,0000000352,HOM,20284,00000393309,EX,B11AA,OLIVER
ALBTRV0002084,0000001874,TRV,21205,00000263493,IF,BS14ST,ROBINSON
ALBMOT0000128,0000000759,MOT,19028,00000274951,CN,YO16GA,TAYLOR
ALBCPM0003583,0000002952,CPM,20193,00000300896,IF,M11AE,WILLIAMS
ALBCLB0002219,0000001506,CLB,18356,00000434782,RN,B11AA,HALL
ALBCLB0000334,0000001790,CLB,22246,00000251057,LP,G11XQ,BAKER
ALBCLB0001307,0000002574,CLB,20035,00000435279,IF,NR13QQ,BAKER
ALBCPM0003248,0000001536,CPM,23149,00000421056,IF,EC1A1BB,WILLIAMS
ALBCPM0001517,0000003022,CPM,18254,00000242121,RN,BS14ST,PATEL
ALBMOT0003535,0000001212,MOT,26210,00000107963,IF,RG11LX,GREEN
ALBTRV0002720,0000000091,TRV,18275,00000293138,IF,EC1A1BB,BAKER
ALBHOM0003160,0000001974,HOM,21301,00000285185,LP,G11XQ,DAVIES
ALBTRV0003204,0000002803,TRV,22149,00000131552,RN,NR13QQ,JONES
ALBPET0000008,0000000565,PET,19001,00000065239,IF,M11AE,HUGHES
ALBHOM0002031,0000001483,HOM,26067,00000227938,LP,RG11LX,SMITH
ALBCPM0000066,0000001101,CPM,25281,00001093466,IF,LS14AP,DAVIES
ALBHOM0003702,0000002005,HOM,23282,00000176698,IF,EC1A1BB,ROBINSON
ALBTRV0003056,0000002928,TRV,26326,00000106938,RN,NR13QQ,OBRIEN
ALBCPM0000194,0000002540,CPM,22097,00000243169,IF,B11AA,DAVIES
ALBTRV0002486,0000003051,TRV,18276,00000348962,LP,M11AE,GREEN
ALBMOT0004538,0000001554,MOT,23014,00000346080,RN,M11AE,HUGHES
ALBTRV0004267,0000003082,TRV,21212,00000160692,EX,LS14AP,WRIGHT
ALBPET0000104,0000000608,PET,26254,00000269912,IF,EC1A1BB,PERRY
ALBTRV0000343,0000001752,TRV,19015,00000282442,EX,YO16GA,BAKER
ALBCLB0002422,0000002043,CLB,18231,00000730812,IF,M11AE,WRIGHT
ALBCPM0001726,0000000787,CPM,21124,00000092431,CN,BS14ST,BURNS
ALBTRV0000542,0000002329,TRV,18225,00000286281,EX,RG11LX,BAKER
ALBPET0000418,0000001699,PET,18296,00000087047,EX,LS14AP,ROBINSON
ALBTRV0003048,0000000215,TRV,20273,00000153108,LP,RG11LX,CLARKE
ALBTRV0001044,0000001781,TRV,23235,00000387034,IF,M11AE,BAKER
ALBTRV0003270,0000002696,TRV,26099,00000347439,IF,EC1A1BB,JONES
ALBHOM0004589,0000002593,HOM,19168,00000203954,EX,NR13QQ,ROBINSON
ALBCLB0003745,0000002342,CLB,24143,00000290587,RN,LS14AP,HALL
ALBCLB0000215,0000001721,CLB,26320,00000204090,IF,BS14ST,TAYLOR
ALBPET0003519,0000000210,PET,18362,00000163431,IF,RG11LX,SANDOVAL
ALBCPM0004984,0000001693,CPM,25158,00000545366,EX,BS14ST,MURPHY
ALBCPM0000546,0000002575,CPM,23230,00000744387,RN,B11AA,HALL
ALBPET0005127,0000002005,PET,20027,00000233215,IF,EC1A1BB,ROBINSON
ALBTRV0002332,0000002698,TRV,23176,00000248056,CN,RG11LX,SMITH
ALBCPM0000840,0000000238,CPM,20148,00001377307,RN,RG11LX,WALKER
ALBCPM0004532,0000000041,CPM,25032,00001229047,IF,LS14AP,DECKER
ALBPET0000805,0000000423,PET,26213,00000351244,IF,NR13QQ,WILSON
ALBMOT0000522,0000000732,MOT,26140,00000034882,EX,RG11LX,WALKER
ALBPET0001515,0000001344,PET,23266,00000221519,LP,LS14AP,ROBINSON
ALBCPM0000720,0000000383,CPM,24004,00000327807,LP,NR13QQ,CLARKE
ALBCPM0005001,0000001147,CPM,23262,00001219864,IF,YO16GA,BAKER
ALBMOT0000051,0000003139,MOT,19137,00000377262,IF,CF101EP,DAVIES
ALBTRV0004543,0000002970,TRV,23211,00000173671,IF,EC1A1BB,MURPHY
ALBPET0000576,0000000452,PET,26170,00000184917,LP,G11XQ,CURRY
ALBCPM0001056,0000000532,CPM,19269,00000158575,EX,LS14AP,JOHNSON
ALBMOT0002690,0000002618,MOT,22307,00000246048,LP,G11XQ,GREEN
ALBTRV0001630,0000000791,TRV,22118,00000138162,IF,B11AA,SALINAS
ALBPET0002389,0000001063,PET,23288,00000027183,RN,RG11LX,GREEN
ALBHOM0003439,0000000951,HOM,22269,00000207421,RN,BS14ST,SMITH
ALBHOM0005016,0000001868,HOM,21205,00000256464,LP,EC1A1BB,JOHNSON
ALBCPM0002408,0000000727,CPM,19212,00000844082,RN,M11AE,GONZALEZ
ALBPET0004579,0000002626,PET,22259,00000096456,IF,RG11LX,PATEL
ALBPET0002764,0000001547,PET,23017,00000398898,IF,M11AE,JOHNSON
ALBPET0004364,0000002603,PET,26291,00000307558,IF,B11AA,DAVIES
ALBCPM0000085,0000002956,CPM,21043,00000680923,LP,RG11LX,WILLIAMS
ALBCLB0003792,0000001065,CLB,23189,00000701866,EX,EC1A1BB,CLARKE
ALBCLB0000564,0000002644,CLB,23254,00000358769,IF,EC1A1BB,CLARKE
ALBCLB0001645,0000000116,CLB,26050,00000884362,EX,M11AE,PETERSON
ALBCPM0003085,0000001941,CPM,22346,00000447589,EX,G11XQ,OBRIEN
ALBCPM0004866,0000001954,CPM,18062,00000185743,RN,BS14ST,BROWN
ALBTRV0000912,0000000776,TRV,24356,00000235210,IF,B11AA,HOFFMAN
ALBCPM0003037,0000001915,CPM,26006,00000115041,RN,M11AE,DAVIES
ALBCLB0002019,0000000951,CLB,21284,00000254746,RN,BS14ST,SMITH
ALBPET0004353,0000002298,PET,19144,00000202493,CN,G11XQ,JOHNSON
ALBCPM0003482,0000001783,CPM,25228,00000395423,EX,RG11LX,KHAN
ALBTRV0004260,0000001715,TRV,20299,00000049195,IF,NR13QQ,PATEL
ALBTRV0001202,0000001567,TRV,23108,00000293323,LP,NR13QQ,PATEL
ALBCPM0004145,0000000451,CPM,26307,00000184793,IF,NR13QQ,MURPHY
ALBCPM0003713,0000002547,CPM,24201,00001113667,EX,BS14ST,JOHNSON
ALBTRV0001394,0000000510,TRV,22079,00000168263,EX,CF101EP,HODGE
ALBHOM0000606,0000002735,HOM,25028,00000116309,RN,BS14ST,OBRIEN
ALBPET0000831,0000002947,PET,22134,00000257262,LP,B11AA,WALKER
ALBMOT0003022,0000002216,MOT,22138,00000266473,EX,LS14AP,JOHNSON
ALBCPM0003542,0000000869,CPM,18088,00000139738,CN,B11AA,EDWARDS
ALBPET0004027,0000002531,PET,19044,00000164069,LP,G11XQ,WILSON
ALBHOM0001619,0000002769,HOM,18032,00000334807,IF,CF101EP,MURPHY
ALBCPM0004706,0000000325,CPM,21058,00001112070,IF,G11XQ,GAY
ALBTRV0002614,0000003154,TRV,21361,00000025980,IF,RG11LX,MURPHY
ALBPET0003703,0000001166,PET,24332,00000159994,RN,G11XQ,PATEL
ALBCPM0003886,0000002250,CPM,24259,00001385575,RN,RG11LX,WILLIAMS
ALBHOM0004215,0000000325,HOM,23111,00000410482,EX,G11XQ,GAY
ALBMOT0000898,0000001337,MOT,24364,00000222517,IF,EC1A1BB,HUGHES
ALBTRV0001403,0000000880,TRV,19364,00000308107,EX,RG11LX,BARKER
ALBHOM0001230,0000000609,HOM,23190,00000365704,IF,ZZ999ZZ,BAILEY
ALBCLB0002047,0000000969,CLB,18266,00000454937,RN,LS14AP,WALKER
ALBHOM0000817,0000001717,HOM,25245,00000169921,IF,B11AA,BROWN
ALBTRV0001061,0000002880,TRV,18288,00000396730,IF,YO16GA,MURPHY
ALBCLB0002916,0000002532,CLB,24114,00000779091,RN,LS14AP,HALL
ALBCLB0004312,0000002321,CLB,26302,00000749819,EX,RG11LX,OBRIEN
ALBTRV0001270,0000002957,TRV,20077,00000044382,RN,RG11LX,JOHNSON
ALBCPM0002727,0000000351,CPM,25337,00000694663,RN,RG11LX,HARVEY
ALBCPM0002652,0000002475,CPM,19155,00000553548,EX,LS14AP,WRIGHT
ALBTRV0003076,0000003183,TRV,25130,00000312542,IF,M11AE,CLARKE
ALBMOT0004136,0000002212,MOT,22124,00000141235,IF,LS14AP,WILLIAMS
ALBTRV0004661,0000003194,TRV,22015,00000328462,IF,NR13QQ,WILSON
ALBPET0002895,0000001958,PET,20261,00000234350,IF,EC1A1BB,GREEN
ALBCLB0001924,0000003161,CLB,21108,00001243215,LP,NR13QQ,MURPHY
ALBTRV0002441,0000001335,TRV,25323,00000169264,IF,LS14AP,BROWN
ALBHOM0004402,0000002735,HOM,24015,00000269859,CN,BS14ST,OBRIEN
ALBHOM0000985,0000000742,HOM,18147,00000099534,CN,LS14AP,WEBB
ALBCLB0002086,0000000706,CLB,19109,00000874186,RN,CF101EP,GREEN
ALBHOM0003587,0000003168,HOM,26136,00000205800,RN,B11AA,CLARKE
ALBPET0001137,0000001013,PET,18190,00000352914,IF,G11XQ,KHAN
ALBHOM0001339,0000001202,HOM,21216,00000363052,IF,B11AA,JOHNSON
ALBTRV0000275,0000002233,TRV,23225,00000034075,RN,EC1A1BB,MURPHY
ALBMOT0001999,0000001389,MOT,26145,00000351217,IF,RG11LX,KHAN
ALBCPM0003014,0000000271,CPM,24214,00000743104,IF,EC1A1BB,COOK
ALBHOM0005177,0000000116,HOM,22206,00000018003,RN,M11AE,PETERSON
ALBHOM0003548,0000002482,HOM,20215,00000204975,CN,B11AA,DAVIES
ALBTRV0002280,0000000656,TRV,22240,00000191580,IF,B11AA,MEDINA
ALBMOT0002252,0000002158,MOT,23123,00000400257,CN,NR13QQ,SMITH
ALBMOT0001363,0000000900,MOT,18172,00000020772,IF,NR13QQ,BALLARD
ALBCPM0002232,0000002713,CPM,23293,00000412656,RN,B11AA,WRIGHT
ALBHOM0004776,0000001588,HOM,18277,00000203665,IF,B11AA,WRIGHT
ALBCPM0004059,0000003108,CPM,21085,00001394565,CN,RG11LX,CLARKE
ALBCLB0001789,0000000849,CLB,26137,00000243004,IF,M11AE,WALKER
ALBMOT0004141,0000001877,MOT,23307,00000154959,RN,B11AA,WILLIAMS
ALBCPM0003141,0000001134,CPM,19212,00000999320,RN,G11XQ,PATEL
ALBPET0001932,0000000935,PET,23053,00000266751,IF,EC1A1BB,DAVIES
ALBCLB0000878,0000001789,CLB,24249,00000195045,RN,CF101EP,WILSON
ALBCLB0002975,0000001403,CLB,26160,00000166579,RN,B11AA,OBRIEN
ALBCPM0000879,0000000516,CPM,19018,00000738765,LP,RG11LX,KHAN
ALBHOM0000103,0000001822,HOM,25005,00000038295,IF,EC1A1BB,KHAN
ALBPET0000604,0000001888,PET,19039,00000103220,EX,EC1A1BB,BAKER
ALBCLB0002164,0000001477,CLB,25105,00000600426,EX,B11AA,WALKER
ALBPET0004855,0000000745,PET,23006,00000394543,IF,CF101EP,ALEXANDER
ALBMOT0001934,0000001548,MOT,22264,00000300399,IF,YO16GA,KHAN
ALBCLB0002804,0000000211,CLB,21178,00000517938,RN,RG11LX,SERRANO
ALBCLB0000386,0000001182,CLB,26255,00001124613,LP,YO16GA,GREEN
ALBCPM0000158,0000002608,CPM,18207,00000719513,IF,B11AA,SMITH
ALBCLB0004525,0000000632,CLB,18361,00001322800,RN,LS14AP,JENNINGS
ALBPET0004447,0000000652,PET,24102,00000343979,IF,LS14AP,WILSON
ALBTRV0005011,0000001362,TRV,22048,00000191202,RN,ZZ999ZZ,WRIGHT
ALBCLB0001387,0000001314,CLB,25148,00001426363,RN,RG11LX,CLARKE
ALBCLB0002865,0000001812,CLB,20086,00000731873,IF,EC1A1BB,GREEN
ALBPET0004030,0000000634,PET,22214,00000119572,IF,NR13QQ,GARCIA
ALBTRV0004565,0000000130,TRV,20132,00000148039,IF,YO16GA,SMITH
ALBCPM0002701,0000000639,CPM,22190,00000532666,LP,EC1A1BB,DALTON
ALBTRV0000492,0000000449,TRV,26092,00000365428,LP,M11AE,PIERCE
ALBHOM0003201,0000001126,HOM,25011,00000124858,RN,CF101EP,MURPHY
ALBTRV0001643,0000002429,TRV,23224,00000181958,IF,CF101EP,WILSON
ALBCLB0000920,0000002134,CLB,26334,00000540378,IF,NR13QQ,KHAN
ALBCPM0002760,0000002877,CPM,18275,00001295457,IF,CF101EP,MURPHY
ALBHOM0001953,0000002009,HOM,19329,00000151363,EX,M11AE,HUGHES
ALBTRV0005141,0000001454,TRV,20364,00000173204,LP,NR13QQ,CLARKE
ALBHOM0003422,0000001737,HOM,18302,00000404279,EX,NR13QQ,OBRIEN
ALBCPM0000288,0000001760,CPM,23273,00001075648,IF,CF101EP,WALKER
ALBPET0002021,0000000023,PET,22100,00000333207,CN,CF101EP,DAVIES
ALBCLB0000379,0000003083,CLB,24165,00000298327,LP,M11AE,WRIGHT
ALBHOM0004125,0000001313,HOM,24082,00000292801,IF,M11AE,WRIGHT
ALBTRV0003763,0000000344,TRV,24321,00000236559,IF,NR13QQ,WILLIAMS
ALBHOM0001876,0000002166,HOM,23303,00000173069,RN,,BAKER
ALBCLB0001553,0000001581,CLB,23269,00000227006,RN,G11XQ,OBRIEN
ALBTRV0003497,0000000680,TRV,21217,00000251682,LP,CF101EP,PAUL
ALBHOM0001879,0000002809,HOM,18213,00000155075,LP,CF101EP,BROWN
ALBTRV0002032,0000001179,TRV,26141,00000401826,IF,BS14ST,WILSON
ALBCPM0002751,0000000537,CPM,19083,00000251173,LP,NR13QQ,OBRIEN
ALBHOM0000116,0000001591,HOM,18195,00000061076,EX,CF101EP,WILSON
ALBHOM0004399,0000001237,HOM,21032,00000320408,IF,G11XQ,OBRIEN
ALBCPM0000999,0000002746,CPM,20320,00000688218,IF,G11XQ,WRIGHT
ALBPET0002328,0000000278,PET,23294,00000148034,RN,YO16GA,HICKS
ALBTRV0003485,0000001124,TRV,20028,00000218998,CN,ZZ999ZZ,TAYLOR
ALBCPM0005055,0000001450,CPM,19080,00001004190,IF,CF101EP,DAVIES
ALBMOT0003239,0000000172,MOT,19337,00000021528,CN,RG11LX,PIERCE
ALBTRV0002817,0000000968,TRV,20202,00000314723,RN,RG11LX,WRIGHT
ALBTRV0002629,0000002916,TRV,19235,00000293383,IF,YO16GA,WALKER
ALBHOM0002132,0000002236,HOM,22207,00000164160,LP,YO16GA,HALL
ALBPET0000185,0000001880,PET,20207,00000220181,EX,YO16GA,JOHNSON
ALBCPM0004124,0000000320,CPM,18294,00001422885,RN,RG11LX,JONES
ALBCPM0000916,0000001373,CPM,21215,00000728152,IF,M11AE,HUGHES
ALBHOM0002287,0000001222,HOM,21355,00000044675,LP,B11AA,HALL
ALBCPM0003083,0000001813,CPM,23102,00001279333,IF,BS14ST,WRIGHT
ALBMOT0003524,0000000046,MOT,23286,00000127140,LP,B11AA,WALKER
ALBCPM0001708,0000002712,CPM,18364,00001374640,CN,BS14ST,HALL
ALBCLB0001941,0000001881,CLB,19194,00000867936,IF,M11AE,WRIGHT
ALBTRV0001041,0000001313,TRV,19056,00000191846,EX,M11AE,WRIGHT
ALBPET0000883,0000001945,PET,25100,00000166399,IF,CF101EP,JOHNSON
ALBTRV0003877,0000001352,TRV,18355,00000188641,IF,EC1A1BB,ROBINSON
ALBHOM0000311,0000000289,HOM,26198,00000033067,EX,BS14ST,TAYLOR
ALBCPM0000809,0000003164,CPM,18102,00001279044,LP,B11AA,KHAN
ALBCLB0001757,0000000669,CLB,20070,00001065475,IF,NR13QQ,TAYLOR
ALBTRV0000654,0000002654,TRV,18133,00000094702,IF,M11AE,HALL
ALBPET0004849,0000002132,PET,20326,00000035200,IF,G11XQ,JONES
ALBPET0001027,0000001894,PET,18086,00000127290,IF,LS14AP,BROWN
ALBPET0003605,0000001824,PET,25321,00000219889,IF,G11XQ,SMITH
ALBMOT0004429,0000001226,MOT,20302,00000169069,RN,EC1A1BB,BAKER
ALBCLB0000315,0000001531,CLB,18350,00000628651,EX,B11AA,HUGHES
ALBTRV0003044,0000002259,TRV,18047,00000256252,IF,CF101EP,GREEN
ALBCLB0000409,0000001249,CLB,24332,00000712552,IF,,WRIGHT
ALBPET0004418,0000000661,PET,22198,00000102005,RN,NR13QQ,LONG
ALBHOM0004517,0000001049,HOM,25347,00000171010,EX,BS14ST,HUGHES
ALBMOT0002643,0000000451,MOT,26233,00000382074,RN,NR13QQ,MURPHY
ALBCPM0004379,0000000688,CPM,18340,00000703546,EX,EC1A1BB,WILLIAMS
ALBCPM0004965,0000000632,CPM,21003,00000276786,IF,LS14AP,JENNINGS
ALBCLB0002007,0000003060,CLB,19023,00001423369,IF,EC1A1BB,JONES
ALBTRV0004091,0000001363,TRV,23174,00000053308,EX,BS14ST,SMITH
ALBCLB0003473,0000000441,CLB,23262,00001463224,IF,RG11LX,ANDREWS
ALBCPM0002850,0000002437,CPM,25161,00000754868,IF,CF101EP,KHAN
ALBCLB0003166,0000001444,CLB,23125,00001106417,IF,CF101EP,SMITH
ALBMOT0004033,0000002076,MOT,23230,00000254771,LP,G11XQ,JONES
ALBHOM0001000,0000001885,HOM,21287,00000121753,IF,B11AA,WILSON
ALBTRV0000389,0000001174,TRV,22260,00000026543,EX,B11AA,CLARKE
ALBCPM0003965,0000001025,CPM,26132,00000816010,IF,M11AE,WRIGHT
ALBMOT0000697,0000002257,MOT,25101,00000276018,RN,EC1A1BB,WILSON
ALBCPM0000862,0000000942,CPM,18041,00000582432,IF,G11XQ,KHAN
ALBCPM0001961,0000002488,CPM,18210,00000807908,IF,,OBRIEN
ALBHOM0005112,0000001008,HOM,26095,00000090906,EX,LS14AP,OBRIEN
ALBCLB0001829,0000000819,CLB,20101,00000327655,RN,NR13QQ,CLARKE
ALBHOM0002444,0000000693,HOM,19101,00000401714,IF,EC1A1BB,WALKER
ALBCLB0002903,0000000409,CLB,26175,00000390274,IF,RG11LX,SMITH
ALBTRV0004046,0000000320,TRV,23202,00000374868,IF,RG11LX,JONES
ALBTRV0002490,0000000524,TRV,18254,00000171055,RN,BS14ST,BYRD
ALBTRV0003604,0000002802,TRV,19153,00000191337,EX,NR13QQ,WILLIAMS
ALBHOM0004885,0000002908,HOM,26310,00000374770,IF,M11AE,SMITH
ALBPET0001911,0000001307,PET,20009,00000357402,RN,B11AA,ROBINSON
ALBCLB0004873,0000002414,CLB,23268,00000241635,IF,B11AA,WILSON
ALBCLB0004597,0000002672,CLB,18197,00000933203,IF,G11XQ,HUGHES
ALBMOT0004621,0000001340,MOT,22329,00000254476,RN,CF101EP,JOHNSON
ALBPET0000921,0000001697,PET,26162,00000111120,EX,NR13QQ,ROBINSON
ALBCLB0004321,0000001203,CLB,23030,00001391495,IF,,WILLIAMS
ALBTRV0003764,0000001755,TRV,23090,00000399585,CN,CF101EP,PATEL
ALBHOM0003112,0000002839,HOM,19082,00000252123,IF,M11AE,KHAN
ALBCLB0004028,0000000572,CLB,22227,00000460147,EX,G11XQ,SMITH
ALBCLB0000238,0000002887,CLB,22243,00000651299,IF,NR13QQ,BAKER
ALBHOM0000541,0000000075,HOM,18276,00000194415,RN,BS14ST,WILLIAMS
ALBTRV0000319,0000002814,TRV,24177,00000110139,CN,M11AE,WILLIAMS
ALBPET0003357,0000000457,PET,23155,00000113533,IF,RG11LX,ESPINOZA
ALBTRV0003615,0000001309,TRV,20242,00000207150,IF,BS14ST,HALL
ALBTRV0001154,0000003050,TRV,23030,00000110729,CN,RG11LX,GREEN
ALBPET0003875,0000000961,PET,20339,00000354794,IF,CF101EP,PATEL
ALBMOT0003417,0000002208,MOT,20117,00000042623,IF,LS14AP,JONES
ALBCPM0002544,0000002464,CPM,26263,00000284814,IF,CF101EP,OBRIEN
ALBPET0001996,0000002485,PET,23225,00000094829,LP,YO16GA,KHAN
ALBHOM0002199,0000001381,HOM,24119,00000380670,RN,CF101EP,SMITH
ALBTRV0004154,0000003064,TRV,22163,00000195940,IF,M11AE,WILSON
ALBCLB0004654,0000000934,CLB,26158,00001443068,IF,LS14AP,SMITH
ALBCPM0003534,0000000973,CPM,18133,00000284239,EX,EC1A1BB,WILSON
ALBTRV0001926,0000000611,TRV,24013,00000040200,IF,RG11LX,BRAY
ALBMOT0001276,0000001410,MOT,18357,00000145059,CN,NR13QQ,CLARKE
ALBCLB0001786,0000001486,CLB,25078,00000353808,CN,LS14AP,WRIGHT
ALBCPM0000579,0000001413,CPM,25360,00000594865,RN,YO16GA,MURPHY
ALBPET0002269,0000002001,PET,21245,00000395126,IF,M11AE,BROWN
ALBCLB0002933,0000000874,CLB,23271,00000529654,IF,EC1A1BB,MATTHEWS
ALBPET0001479,0000003142,PET,26320,00000202094,EX,M11AE,WILLIAMS
ALBTRV0001399,0000002261,TRV,18045,00000185358,LP,G11XQ,PATEL
ALBHOM0004400,0000001447,HOM,26287,00000059188,LP,BS14ST,CLARKE
ALBMOT0003408,0000001265,MOT,18269,00000310717,EX,B11AA,PATEL
ALBMOT0000181,0000001519,MOT,18158,00000260646,LP,EC1A1BB,BROWN
ALBCPM0001795,0000002150,CPM,19320,00000697498,IF,EC1A1BB,ROBINSON
ALBPET0004440,0000003199,PET,24255,00000349127,CN,RG11LX,KHAN
ALBCLB0002840,0000001689,CLB,20221,00000585163,IF,B11AA,MURPHY
ALBPET0004915,0000000765,PET,26205,00000047825,LP,CF101EP,MURPHY
ALBHOM0003654,0000000610,HOM,24116,00000325138,RN,YO16GA,MURPHY
ALBCPM0002131,0000001768,CPM,22335,00000598731,RN,YO16GA,CLARKE
ALBMOT0005113,0000001358,MOT,24186,00000206379,LP,RG11LX,SMITH
ALBHOM0003517,0000000716,HOM,21233,00000317777,LP,EC1A1BB,OBRIEN
ALBMOT0001534,0000000816,MOT,25245,00000169557,RN,BS14ST,SCOTT
ALBPET0002071,0000002229,PET,19306,00000389511,IF,LS14AP,SMITH
ALBCLB0001409,0000000219,CLB,20002,00000615991,RN,BS14ST,OLSON
ALBCLB0004374,0000002693,CLB,22273,00000687593,RN,G11XQ,CLARKE
ALBHOM0002889,0000003193,HOM,19320,00000381529,IF,NR13QQ,WILLIAMS
ALBCPM0002320,0000002139,CPM,20265,00000884910,RN,NR13QQ,ROBINSON
ALBCPM0000249,0000002014,CPM,26079,00000717597,EX,EC1A1BB,TAYLOR
ALBHOM0000216,0000000909,HOM,25334,00000033983,IF,LS14AP,OBRIEN
ALBMOT0003212,0000002981,MOT,25068,00000205211,IF,M11AE,MURPHY
ALBHOM0004146,0000002631,HOM,18064,00000154675,IF,BS14ST,WRIGHT
ALBCLB0003286,0000000591,CLB,19090,00001433674,RN,G11XQ,BYRD
ALBPET0003131,0000001933,PET,18343,00000120692,IF,M11AE,HUGHES
ALBCPM0000685,0000002363,CPM,22051,00000070261,IF,EC1A1BB,MURPHY
ALBPET0004299,0000001471,PET,26357,00000327493,CN,RG11LX,SMITH
ALBTRV0002359,0000002005,TRV,25118,00000226892,IF,EC1A1BB,ROBINSON
ALBTRV0003190,0000002477,TRV,23110,00000185107,IF,RG11LX,TAYLOR
ALBCLB0001883,0000002874,CLB,25303,00000902578,EX,LS14AP,KHAN
ALBHOM0002127,0000000979,HOM,18146,00000339725,IF,CF101EP,ROBINSON
ALBTRV0004758,0000001084,TRV,21204,00000140203,CN,NR13QQ,OBRIEN
ALBCLB0001681,0000001663,CLB,22251,00001430374,EX,NR13QQ,WILSON
ALBPET0004509,0000000164,PET,26039,00000170780,EX,LS14AP,WALKER
ALBCLB0004623,0000000177,CLB,22156,00000423568,RN,BS14ST,VASQUEZ
ALBCLB0002812,0000000455,CLB,23293,00000300581,IF,EC1A1BB,JONES
ALBPET0004268,0000002564,PET,20363,00000153729,IF,CF101EP,WALKER
ALBPET0002605,0000001004,PET,25156,00000342394,LP,M11AE,TAYLOR
ALBTRV0001311,0000002902,TRV,19334,00000169732,IF,B11AA,GREEN
ALBTRV0002224,0000002983,TRV,23122,00000329795,RN,YO16GA,WILSON
ALBCLB0004055,0000002895,CLB,26262,00000403220,IF,EC1A1BB,DAVIES
ALBMOT0004297,0000000263,MOT,24011,00000091369,IF,CF101EP,WILSON
ALBHOM0001885,0000000661,HOM,26123,00000276223,IF,NR13QQ,LONG
ALBTRV0005017,0000000685,TRV,25192,00000155276,EX,RG11LX,HALL
ALBTRV0000706,0000001328,TRV,18335,00000139412,CN,CF101EP,JOHNSON
ALBMOT0004161,0000002583,MOT,22163,00000344734,RN,LS14AP,WRIGHT
ALBCLB0004175,0000000374,CLB,20302,00001034440,EX,CF101EP,WILLIAMS
ALBPET0000693,0000002781,PET,23186,00000103055,RN,RG11LX,BROWN
ALBCLB0001663,0000001925,CLB,19185,00000747962,EX,LS14AP,SMITH
ALBPET0001336,0000002851,PET,25220,00000174108,LP,LS14AP,TAYLOR
ALBCLB0003864,0000001967,CLB,23140,00001330074,CN,CF101EP,BROWN
ALBHOM0004943,0000002344,HOM,20074,00000154475,IF,BS14ST,SMITH
ALBMOT0000945,0000000031,MOT,26248,00000164648,RN,EC1A1BB,WILSON
ALBCPM0005040,0000000010,CPM,23280,00000818052,IF,YO16GA,GILL
ALBCLB0003897,0000001180,CLB,26329,00000438756,IF,M11AE,WALKER
ALBCPM0000316,0000001778,CPM,21244,00000121520,RN,BS14ST,OBRIEN
ALBMOT0003981,0000001836,MOT,19021,00000297987,LP,M11AE,ROBINSON
ALBCLB0002292,0000000561,CLB,24150,00000611562,CN,YO16GA,YU
ALBPET0003078,0000001928,PET,25169,00000164341,LP,M11AE,BAKER
ALBPET0001671,0000000897,PET,20130,00000123783,CN,B11AA,BARTON
ALBHOM0001172,0000000327,HOM,24141,00000151986,CN,YO16GA,DEAN
ALBCPM0002055,0000001680,CPM,19100,00001376625,IF,RG11LX,JOHNSON
ALBMOT0004424,0000002344,MOT,20175,00000318411,LP,BS14ST,SMITH
ALBMOT0003953,0000000378,MOT,20190,00000278396,RN,NR13QQ,FLYNN
ALBMOT0004798,0000002576,MOT,23194,00000235537,IF,BS14ST,HUGHES
ALBHOM0003756,0000000728,HOM,24171,00000071058,IF,YO16GA,LE
ALBCPM0002023,0000000961,CPM,24007,00001374232,CN,CF101EP,PATEL
ALBCLB0000574,0000002539,CLB,25207,00001075530,LP,EC1A1BB,JOHNSON
ALBHOM0003505,0000000700,HOM,23240,00000166987,CN,M11AE,WALKER
ALBCPM0001349,0000001626,CPM,20222,00000943539,IF,B11AA,SMITH
ALBPET0002939,0000003167,PET,21150,00000311996,IF,NR13QQ,GREEN
ALBCLB0000548,0000003139,CLB,21338,00000927014,RN,CF101EP,DAVIES
ALBTRV0005079,0000001062,TRV,24150,00000287671,RN,NR13QQ,WILSON
ALBMOT0004216,0000002569,MOT,23012,00000395848,IF,RG11LX,ROBINSON
ALBMOT0005151,0000002092,MOT,21108,00000343731,EX,LS14AP,CLARKE
ALBPET0000773,0000002924,PET,25225,00000248337,IF,CF101EP,JOHNSON
ALBPET0003653,0000002559,PET,23262,00000301341,CN,EC1A1BB,BAKER
ALBCLB0003165,0000000512,CLB,18189,00000300926,EX,RG11LX,THOMAS
ALBMOT0001994,0000002352,MOT,18354,00000069741,EX,YO16GA,OBRIEN
ALBCLB0000415,0000000183,CLB,21021,00000870965,IF,CF101EP,WILSON
ALBCLB0002325,0000003065,CLB,24130,00001117443,LP,LS14AP,WILSON
ALBTRV0004352,0000002018,TRV,22311,00000348682,IF,LS14AP,ROBINSON
ALBCLB0002248,0000002506,CLB,23063,00001364078,EX,M11AE,BROWN
ALBCLB0002510,0000000531,CLB,22323,00000628704,IF,N/A,KENNEDY
ALBTRV0002126,0000000665,TRV,21222,00000205242,LP,NR13QQ,CAMPBELL
ALBCLB0000251,0000000923,CLB,26018,00000561571,RN,YO16GA,CLARKE
ALBCPM0004131,0000002882,CPM,25343,00000076720,CN,B11AA,KHAN
ALBCLB0002177,0000000448,CLB,26114,00000582209,RN,EC1A1BB,DAVIES
ALBCLB0002567,0000001813,CLB,21212,00000545297,CN,BS14ST,WRIGHT
ALBMOT0003471,0000003171,MOT,21001,00000093321,EX,CF101EP,WALKER
ALBCLB0002825,0000001532,CLB,24334,00000652419,IF,G11XQ,PATEL
ALBPET0003691,0000002435,PET,24193,00000019023,IF,RG11LX,CLARKE
ALBHOM0001779,0000001755,HOM,24306,00000310228,IF,CF101EP,PATEL
ALBCLB0000210,0000002840,CLB,26294,00000408459,IF,EC1A1BB,WRIGHT
ALBTRV0002806,0000001388,TRV,19014,00000191965,IF,M11AE,KHAN
ALBMOT0004088,0000000529,MOT,22317,00000129142,IF,CF101EP,HALL
ALBCPM0004513,0000000171,CPM,22096,00000524181,RN,CF101EP,BISHOP
ALBCLB0003025,0000002238,CLB,20020,00001115137,RN,EC1A1BB,MURPHY
ALBCLB0003838,0000001201,CLB,26330,00000263086,EX,M11AE,WILSON
ALBPET0002548,0000002926,PET,23076,00000368759,CN,M11AE,GREEN
ALBCLB0001190,0000001941,CLB,25312,00000223605,IF,G11XQ,OBRIEN
ALBTRV0003949,0000001865,TRV,26236,00000362063,IF,EC1A1BB,WILLIAMS
ALBHOM0002990,0000001892,HOM,24246,00000094179,RN,EC1A1BB,WALKER
ALBPET0002875,0000002197,PET,21120,00000321487,IF,LS14AP,ROBINSON
ALBTRV0000477,0000001379,TRV,20204,00000178442,CN,EC1A1BB,CLARKE
ALBMOT0003974,0000003052,MOT,26212,00000253857,IF,G11XQ,PATEL
ALBCLB0001260,0000003121,CLB,26246,00000893562,IF,BS14ST,JONES
ALBTRV0003879,0000001136,TRV,19078,00000146602,IF,BS14ST,CLARKE
ALBCLB0001241,0000002014,CLB,22228,00001425069,CN,EC1A1BB,TAYLOR
ALBMOT0003311,0000002611,MOT,23145,00000064515,LP,RG11LX,HALL
ALBHOM0002168,0000001671,HOM,25364,00000323454,LP,M11AE,TAYLOR
ALBMOT0002855,0000000431,MOT,20294,00000394722,RN,EC1A1BB,WHITNEY
ALBPET0002502,0000000554,PET,21357,00000213533,IF,G11XQ,HUGHES
ALBMOT0004270,0000000027,MOT,25137,00000268429,EX,M11AE,SMITH
ALBMOT0002235,0000002278,MOT,18235,00000170974,RN,NR13QQ,HALL
ALBCPM0001683,0000002024,CPM,23301,00001068410,RN,B11AA,HALL
ALBCLB0003681,0000002770,CLB,23271,00000259333,EX,NR13QQ,ROBINSON
ALBPET0003382,0000000561,PET,24019,00000332871,EX,YO16GA,YU
ALBPET0004493,0000001000,PET,24074,00000132714,RN,G11XQ,HALL
ALBMOT0004709,0000002566,MOT,21296,00000384570,IF,LS14AP,HALL
ALBCLB0000432,0000000846,CLB,25119,00001035829,EX,B11AA,ADAMS
ALBMOT0001579,0000002092,MOT,26294,00000237826,EX,LS14AP,CLARKE
ALBMOT0003641,0000001027,MOT,25323,00000375313,IF,NR13QQ,WALKER
ALBMOT0001094,0000002694,MOT,19276,00000021921,EX,M11AE,GREEN
ALBPET0002484,0000001952,PET,26176,00000082404,EX,CF101EP,DAVIES
ALBHOM0001224,0000000845,HOM,18143,00000228214,RN,B11AA,WILLIAMS
ALBCLB0002334,0000000402,CLB,23194,00000721397,RN,B11AA,BERGER
ALBTRV0004064,0000002610,TRV,24232,00000100811,IF,NR13QQ,WALKER
ALBPET0003665,0000000482,PET,19251,00000293738,IF,G11XQ,PATEL
ALBMOT0000902,0000001315,MOT,19163,00000153203,EX,EC1A1BB,WALKER
ALBPET0002638,0000001348,PET,18302,00000090478,LP,NR13QQ,OBRIEN
ALBCPM0002697,0000003115,CPM,20049,00000664574,LP,G11XQ,HUGHES
ALBCLB0004816,0000001193,CLB,23256,00001232912,IF,M11AE,WRIGHT
ALBHOM0001946,0000000255,HOM,22352,00000396428,IF,G11XQ,GIBSON
ALBCLB0003506,0000000959,CLB,23179,00000908986,IF,M11AE,BAKER
ALBPET0002304,0000002249,PET,25015,00000103297,IF,RG11LX,HUGHES
ALBCLB0000410,0000001189,CLB,20094,00000541258,IF,EC1A1BB,OBRIEN
ALBCLB0003428,0000002905,CLB,22276,00000121576,IF,B11AA,DAVIES
ALBPET0003963,0000002855,PET,19241,00000222871,IF,RG11LX,PATEL
ALBCPM0002430,0000003133,CPM,22185,00000828270,IF,,GREEN
ALBTRV0002390,0000001097,TRV,21096,00000383431,RN,,BROWN
ALBCPM0004003,0000000219,CPM,22135,00000843179,LP,BS14ST,OLSON
ALBCPM0003336,0000002783,CPM,24140,00000863529,RN,B11AA,WILLIAMS
ALBCPM0003892,0000001465,CPM,21124,00001311195,RN,G11XQ,WILSON
ALBCPM0002420,0000002330,CPM,24071,00000706808,IF,CF101EP,WRIGHT
ALBTRV0000017,0000003197,TRV,25286,00000175058,IF,G11XQ,PATEL
ALBMOT0003759,0000002986,MOT,20115,00000056519,LP,B11AA,KHAN
ALBPET0000009,0000003029,PET,24192,00000165188,IF,M11AE,JOHNSON
ALBMOT0001099,0000003177,MOT,22347,00000142218,CN,LS14AP,BAKER
ALBHOM0004410,0000001915,HOM,23206,00000286499,CN,M11AE,DAVIES
ALBTRV0001232,0000001465,TRV,24220,00000078109,CN,G11XQ,WILSON
ALBMOT0004743,0000002460,MOT,18291,00000112000,RN,G11XQ,JONES
ALBMOT0003457,0000002447,MOT,23082,00000106395,IF,CF101EP,JONES
ALBCPM0004311,0000000805,CPM,23068,00000596007,LP,LS14AP,DAVIES
ALBHOM0004739,0000002476,HOM,19288,00000121191,RN,M11AE,MURPHY
ALBCPM0004606,0000000322,CPM,18214,00001100961,EX,NR13QQ,GIBSON
ALBPET0004333,0000001561,PET,22201,00000097606,EX,CF101EP,DAVIES
ALBMOT0003069,0000001937,MOT,23121,00000180527,IF,RG11LX,JOHNSON
ALBCLB0001180,0000000583,CLB,23061,00000743911,CN,M11AE,BURKE
ALBCPM0004611,0000001147,CPM,25279,00000901273,EX,YO16GA,BAKER
ALBMOT0000611,0000003071,MOT,22318,00000138872,LP,NR13QQ,SMITH
ALBMOT0000059,0000001129,MOT,20136,00000346142,LP,M11AE,JONES
ALBCLB0002070,0000000283,CLB,23267,00000538009,IF,,PATTON
ALBCLB0004071,0000001048,CLB,24225,00001055349,IF,NR13QQ,SMITH
ALBTRV0002767,0000000681,TRV,20350,00000197773,IF,RG11LX,KHAN
ALBHOM0003552,0000002860,HOM,23021,00000105396,IF,YO16GA,WALKER
ALBTRV0004705,0000002692,TRV,18361,00000227337,LP,BS14ST,SMITH
ALBTRV0002956,0000002289,TRV,19319,00000248914,EX,LS14AP,ROBINSON
ALBTRV0005115,0000003072,TRV,23238,00000182253,RN,G11XQ,HALL
ALBHOM0003717,0000001430,HOM,23199,00000253721,IF,NR13QQ,BROWN
ALBPET0004563,0000000312,PET,26012,00000187281,CN,B11AA,JEFFERSON
ALBTRV0001418,0000002583,TRV,23325,00000323301,EX,LS14AP,WRIGHT
ALBTRV0001622,0000002220,TRV,21233,00000189999,IF,YO16GA,JONES
ALBCLB0004273,0000002837,CLB,25179,00000607578,IF,G11XQ,HALL
ALBHOM0000628,0000002016,HOM,20362,00000277330,IF,LS14AP,JONES
ALBPET0004968,0000001179,PET,20017,00000100912,EX,BS14ST,WILSON
ALBCLB0005038,0000001578,CLB,20101,00000684621,IF,CF101EP,TAYLOR
ALBCPM0001440,0000000432,CPM,23221,00001253884,IF,CF101EP,GARCIA
ALBCPM0002204,0000000256,CPM,25041,00001022374,IF,M11AE,ROBINSON
ALBCLB0001478,0000002176,CLB,22139,00001398728,IF,EC1A1BB,BROWN
ALBMOT0004520,0000003188,MOT,18316,00000233681,IF,EC1A1BB,JOHNSON
ALBCLB0000257,0000000675,CLB,24229,00000486539,RN,BS14ST,GARRETT
ALBPET0000155,0000002417,PET,23251,00000066860,RN,EC1A1BB,WILLIAMS
ALBCLB0001635,0000002688,CLB,20270,00001388301,RN,RG11LX,WILSON
ALBTRV0001558,0000000204,TRV,20366,00000418792,EX,RG11LX,ALLEN
ALBCPM0002733,0000000249,CPM,20049,00001462855,IF,BS14ST,CLARKE
ALBTRV0003000,0000003020,TRV,24243,00000122651,IF,RG11LX,KHAN
ALBMOT0003232,0000002494,MOT,22139,00000145168,RN,B11AA,DAVIES
ALBMOT0001787,0000002756,MOT,20264,00000103647,LP,EC1A1BB,JOHNSON
ALBCLB0001340,0000001568,CLB,25109,00001223804,CN,EC1A1BB,WALKER
ALBTRV0001353,0000002984,TRV,25217,00000041803,IF,LS14AP,JOHNSON
ALBTRV0002049,0000000624,TRV,25130,00000397654,IF,M11AE,MURPHY
ALBCPM0000110,0000002337,CPM,25018,00000563417,CN,YO16GA,KHAN
ALBHOM0001725,0000000508,HOM,22179,00000056280,RN,LS14AP,MCCARTY
ALBPET0003049,0000002584,PET,20182,00000140357,IF,LS14AP,JOHNSON
ALBPET0000651,0000000414,PET,22170,00000042870,IF,N/A,GREEN
ALBCPM0003175,0000002151,CPM,18242,00000090950,IF,RG11LX,ROBINSON
ALBCPM0001774,0000003059,CPM,21225,00000168444,IF,CF101EP,HUGHES
ALBHOM0001369,0000003034,HOM,19152,00000233241,IF,BS14ST,HUGHES
ALBMOT0002411,0000002770,MOT,20353,00000109861,EX,NR13QQ,ROBINSON
ALBHOM0003459,0000002464,HOM,23178,00000140220,IF,CF101EP,OBRIEN
ALBCLB0001624,0000001577,CLB,18307,00000155303,IF,EC1A1BB,BROWN
ALBMOT0000034,0000000654,MOT,24185,00000258367,EX,NR13QQ,ROBERTSON
ALBTRV0004808,0000002752,TRV,19256,00000298045,IF,YO16GA,ROBINSON
ALBHOM0000891,0000002490,HOM,20057,00000070474,IF,B11AA,PATEL
ALBCLB0002012,0000001973,CLB,20002,00000549940,RN,RG11LX,ROBINSON
ALBCLB0000469,0000002917,CLB,21110,00000404759,IF,CF101EP,SMITH
ALBCPM0004041,0000002347,CPM,19295,00000702765,EX,CF101EP,GREEN
ALBCPM0001105,0000002574,CPM,25203,00001236470,IF,NR13QQ,BAKER
ALBMOT0002176,0000002533,MOT,25343,00000391160,LP,EC1A1BB,WRIGHT
ALBPET0001178,0000000246,PET,21147,00000216967,RN,YO16GA,RUBIO
ALBCLB0004387,0000000849,CLB,21352,00000888610,IF,M11AE,WALKER
ALBCLB0004571,0000000602,CLB,26031,00000536237,IF,YO16GA,PENA
ALBCPM0004947,0000001067,CPM,26204,00001009648,EX,M11AE,MURPHY
ALBHOM0002203,0000002286,HOM,23043,00000181368,IF,RG11LX,PATEL
ALBCLB0003309,0000001076,CLB,25280,00000817374,CN,EC1A1BB,BROWN
ALBPET0003967,0000001703,PET,24169,00000167889,EX,B11AA,CLARKE
ALBHOM0005134,0000002033,HOM,19143,00000144730,EX,BS14ST,TAYLOR
ALBCLB0003853,0000000674,CLB,20297,00001031792,IF,BS14ST,TAYLOR
ALBMOT0002824,0000000726,MOT,25169,00000187614,RN,RG11LX,BAKER
ALBMOT0000245,0000001128,MOT,24358,00000152803,LP,G11XQ,SMITH
ALBTRV0002533,0000000248,TRV,22333,00000074261,IF,RG11LX,MURPHY
ALBTRV0000332,0000002998,TRV,18075,00000028816,RN,EC1A1BB,WALKER
