client_no,party_id,match_method,match_confidence,loaded_by,load_dt
700000328,P0000001,NINO,0.95,mdm_batch,2024-01-15
700000470,P0000003,NINO,0.95,mdm_batch,2024-01-15
700000058,P0000004,NINO,0.95,mdm_batch,2024-01-15
700000013,P0000006,NINO,0.95,mdm_batch,2024-01-15
700000380,P0000008,NINO,0.95,mdm_batch,2024-01-15
700000141,P0000009,NINO,0.95,mdm_batch,2024-01-15
700000126,P0000010,NINO,0.95,mdm_batch,2024-01-15
700000115,P0000013,NINO,0.95,mdm_batch,2024-01-15
700000072,P0000014,NINO,0.95,mdm_batch,2024-01-15
700000378,P0000015,NINO,0.95,mdm_batch,2024-01-15
700000053,P0000016,NINO,0.95,mdm_batch,2024-01-15
700000208,P0000017,NINO,0.95,mdm_batch,2024-01-15
700000347,P0000018,NINO,0.95,mdm_batch,2024-01-15
700000497,P0000020,NINO,0.95,mdm_batch,2024-01-15
700000475,P0000021,NINO,0.95,mdm_batch,2024-01-15
700000025,P0000023,NINO,0.95,mdm_batch,2024-01-15
700000200,P0000024,NINO,0.95,mdm_batch,2024-01-15
700000457,P0000027,NINO,0.95,mdm_batch,2024-01-15
700000280,P0000028,NINO,0.95,mdm_batch,2024-01-15
700000045,P0000029,NINO,0.95,mdm_batch,2024-01-15
700000045,P0000031,NINO,0.95,mdm_batch,2024-01-15
700000303,P0000034,NINO,0.95,mdm_batch,2024-01-15
700000217,P0000035,NINO,0.95,mdm_batch,2024-01-15
700000288,P0000036,NINO,0.95,mdm_batch,2024-01-15
700000403,P0000037,NINO,0.95,mdm_batch,2024-01-15
700000017,P0000038,NINO,0.95,mdm_batch,2024-01-15
700000016,P0000041,NINO,0.95,mdm_batch,2024-01-15
700000048,P0000042,NINO,0.95,mdm_batch,2024-01-15
700000488,P0000043,NINO,0.95,mdm_batch,2024-01-15
700000170,P0000046,NINO,0.95,mdm_batch,2024-01-15
700000112,P0000047,NINO,0.95,mdm_batch,2024-01-15
700000266,P0000048,NINO,0.95,mdm_batch,2024-01-15
700000120,P0000049,NINO,0.95,mdm_batch,2024-01-15
700000259,P0000050,NINO,0.95,mdm_batch,2024-01-15
700000309,P0000051,NINO,0.95,mdm_batch,2024-01-15
700000014,P0000052,NINO,0.95,mdm_batch,2024-01-15
700000288,P0000053,NINO,0.95,mdm_batch,2024-01-15
700000102,P0000054,NINO,0.95,mdm_batch,2024-01-15
700000367,P0000055,NINO,0.95,mdm_batch,2024-01-15
700000333,P0000056,NINO,0.95,mdm_batch,2024-01-15
700000159,P0000057,NINO,0.95,mdm_batch,2024-01-15
700000360,P0000058,NINO,0.95,mdm_batch,2024-01-15
700000487,P0000059,NINO,0.95,mdm_batch,2024-01-15
700000215,P0000060,NINO,0.95,mdm_batch,2024-01-15
700000113,P0000061,NINO,0.95,mdm_batch,2024-01-15
700000297,P0000062,NINO,0.95,mdm_batch,2024-01-15
700000230,P0000063,NINO,0.95,mdm_batch,2024-01-15
700000404,P0000064,NINO,0.95,mdm_batch,2024-01-15
700000342,P0000066,NINO,0.95,mdm_batch,2024-01-15
700000302,P0000067,NINO,0.95,mdm_batch,2024-01-15
700000184,P0000068,NINO,0.95,mdm_batch,2024-01-15
700000289,P0000069,NINO,0.95,mdm_batch,2024-01-15
700000143,P0000070,NINO,0.95,mdm_batch,2024-01-15
700000415,P0000071,NINO,0.95,mdm_batch,2024-01-15
700000446,P0000072,NINO,0.95,mdm_batch,2024-01-15
700000360,P0000073,NINO,0.95,mdm_batch,2024-01-15
700000004,P0000074,NINO,0.95,mdm_batch,2024-01-15
700000162,P0000075,NINO,0.95,mdm_batch,2024-01-15
700000343,P0000076,NINO,0.95,mdm_batch,2024-01-15
700000181,P0000078,NINO,0.95,mdm_batch,2024-01-15
700000438,P0000079,NINO,0.95,mdm_batch,2024-01-15
700000389,P0000080,NINO,0.95,mdm_batch,2024-01-15
700000413,P0000081,NINO,0.95,mdm_batch,2024-01-15
700000082,P0000082,NINO,0.95,mdm_batch,2024-01-15
700000358,P0000083,NINO,0.95,mdm_batch,2024-01-15
700000484,P0000084,NINO,0.95,mdm_batch,2024-01-15
700000347,P0000085,NINO,0.95,mdm_batch,2024-01-15
700000175,P0000086,NINO,0.95,mdm_batch,2024-01-15
700000465,P0000087,NINO,0.95,mdm_batch,2024-01-15
700000080,P0000088,NINO,0.95,mdm_batch,2024-01-15
700000111,P0000090,NINO,0.95,mdm_batch,2024-01-15
700000030,P0000091,NINO,0.95,mdm_batch,2024-01-15
700000391,P0000092,NINO,0.95,mdm_batch,2024-01-15
700000173,P0000093,NINO,0.95,mdm_batch,2024-01-15
700000491,P0000094,NINO,0.95,mdm_batch,2024-01-15
700000481,P0000095,NINO,0.95,mdm_batch,2024-01-15
700000240,P0000096,NINO,0.95,mdm_batch,2024-01-15
700000195,P0000097,NINO,0.95,mdm_batch,2024-01-15
700000050,P0000098,NINO,0.95,mdm_batch,2024-01-15
700000384,P0000100,NINO,0.95,mdm_batch,2024-01-15
700000184,P0000101,NINO,0.95,mdm_batch,2024-01-15
700000139,P0000102,NINO,0.95,mdm_batch,2024-01-15
700000434,P0000103,NINO,0.95,mdm_batch,2024-01-15
700000177,P0000104,NINO,0.95,mdm_batch,2024-01-15
700000310,P0000105,NINO,0.95,mdm_batch,2024-01-15
700000136,P0000106,NINO,0.95,mdm_batch,2024-01-15
700000414,P0000108,NINO,0.95,mdm_batch,2024-01-15
700000023,P0000109,NINO,0.95,mdm_batch,2024-01-15
700000374,P0000112,NINO,0.95,mdm_batch,2024-01-15
700000125,P0000113,NINO,0.95,mdm_batch,2024-01-15
700000236,P0000114,NINO,0.95,mdm_batch,2024-01-15
700000275,P0000115,NINO,0.95,mdm_batch,2024-01-15
700000064,P0000116,NINO,0.95,mdm_batch,2024-01-15
700000194,P0000117,NINO,0.95,mdm_batch,2024-01-15
700000041,P0000119,NINO,0.95,mdm_batch,2024-01-15
700000283,P0000120,NINO,0.95,mdm_batch,2024-01-15
700000151,P0000121,NINO,0.95,mdm_batch,2024-01-15
700000425,P0000123,NINO,0.95,mdm_batch,2024-01-15
700000322,P0000124,NINO,0.95,mdm_batch,2024-01-15
700000217,P0000125,NINO,0.95,mdm_batch,2024-01-15
700000317,P0000126,NINO,0.95,mdm_batch,2024-01-15
700000186,P0000127,NINO,0.95,mdm_batch,2024-01-15
700000427,P0000128,NINO,0.95,mdm_batch,2024-01-15
700000296,P0000129,NINO,0.95,mdm_batch,2024-01-15
700000099,P0000130,NINO,0.95,mdm_batch,2024-01-15
700000361,P0000131,NINO,0.95,mdm_batch,2024-01-15
700000246,P0000132,NINO,0.95,mdm_batch,2024-01-15
700000391,P0000133,NINO,0.95,mdm_batch,2024-01-15
700000036,P0000134,NINO,0.95,mdm_batch,2024-01-15
700000024,P0000135,NINO,0.95,mdm_batch,2024-01-15
700000339,P0000136,NINO,0.95,mdm_batch,2024-01-15
700000388,P0000137,NINO,0.95,mdm_batch,2024-01-15
700000117,P0000138,NINO,0.95,mdm_batch,2024-01-15
700000396,P0000139,NINO,0.95,mdm_batch,2024-01-15
700000149,P0000140,NINO,0.95,mdm_batch,2024-01-15
700000445,P0000141,NINO,0.95,mdm_batch,2024-01-15
700000479,P0000143,NINO,0.95,mdm_batch,2024-01-15
700000052,P0000144,NINO,0.95,mdm_batch,2024-01-15
700000448,P0000145,NINO,0.95,mdm_batch,2024-01-15
700000455,P0000147,NINO,0.95,mdm_batch,2024-01-15
700000233,P0000148,NINO,0.95,mdm_batch,2024-01-15
700000326,P0000149,NINO,0.95,mdm_batch,2024-01-15
700000430,P0000150,NINO,0.95,mdm_batch,2024-01-15
700000187,P0000151,NINO,0.95,mdm_batch,2024-01-15
700000159,P0000152,NINO,0.95,mdm_batch,2024-01-15
700000327,P0000154,NINO,0.95,mdm_batch,2024-01-15
700000084,P0000155,NINO,0.95,mdm_batch,2024-01-15
700000190,P0000156,NINO,0.95,mdm_batch,2024-01-15
700000182,P0000157,NINO,0.95,mdm_batch,2024-01-15
700000108,P0000160,NINO,0.95,mdm_batch,2024-01-15
700000344,P0000161,NINO,0.95,mdm_batch,2024-01-15
700000137,P0000163,NINO,0.95,mdm_batch,2024-01-15
700000471,P0000164,NINO,0.95,mdm_batch,2024-01-15
700000350,P0000165,NINO,0.95,mdm_batch,2024-01-15
700000332,P0000166,NINO,0.95,mdm_batch,2024-01-15
700000037,P0000167,NINO,0.95,mdm_batch,2024-01-15
700000312,P0000168,NINO,0.95,mdm_batch,2024-01-15
700000098,P0000169,NINO,0.95,mdm_batch,2024-01-15
700000412,P0000170,NINO,0.95,mdm_batch,2024-01-15
700000088,P0000171,NINO,0.95,mdm_batch,2024-01-15
700000274,P0000172,NINO,0.95,mdm_batch,2024-01-15
700000439,P0000173,NINO,0.95,mdm_batch,2024-01-15
700000495,P0000174,NINO,0.95,mdm_batch,2024-01-15
700000410,P0000175,NINO,0.95,mdm_batch,2024-01-15
700000237,P0000177,NINO,0.95,mdm_batch,2024-01-15
700000464,P0000178,NINO,0.95,mdm_batch,2024-01-15
700000139,P0000179,NINO,0.95,mdm_batch,2024-01-15
700000500,P0000180,NINO,0.95,mdm_batch,2024-01-15
700000353,P0000181,NINO,0.95,mdm_batch,2024-01-15
700000286,P0000182,NINO,0.95,mdm_batch,2024-01-15
700000468,P0000184,NINO,0.95,mdm_batch,2024-01-15
700000351,P0000185,NINO,0.95,mdm_batch,2024-01-15
700000167,P0000186,NINO,0.95,mdm_batch,2024-01-15
700000029,P0000187,NINO,0.95,mdm_batch,2024-01-15
700000118,P0000188,NINO,0.95,mdm_batch,2024-01-15
700000483,P0000189,NINO,0.95,mdm_batch,2024-01-15
700000162,P0000190,NINO,0.95,mdm_batch,2024-01-15
700000206,P0000191,NINO,0.95,mdm_batch,2024-01-15
700000111,P0000192,NINO,0.95,mdm_batch,2024-01-15
700000138,P0000193,NINO,0.95,mdm_batch,2024-01-15
700000034,P0000195,NINO,0.95,mdm_batch,2024-01-15
700000355,P0000196,NINO,0.95,mdm_batch,2024-01-15
700000109,P0000197,NINO,0.95,mdm_batch,2024-01-15
700000291,P0000198,NINO,0.95,mdm_batch,2024-01-15
700000160,P0000199,NINO,0.95,mdm_batch,2024-01-15
700000368,P0000200,NINO,0.95,mdm_batch,2024-01-15
700000381,P0000201,NINO,0.95,mdm_batch,2024-01-15
700000377,P0000204,NINO,0.95,mdm_batch,2024-01-15
700000336,P0000206,NINO,0.95,mdm_batch,2024-01-15
700000256,P0000210,NINO,0.95,mdm_batch,2024-01-15
700000203,P0000211,NINO,0.95,mdm_batch,2024-01-15
700000330,P0000213,NINO,0.95,mdm_batch,2024-01-15
700000436,P0000214,NINO,0.95,mdm_batch,2024-01-15
700000235,P0000216,NINO,0.95,mdm_batch,2024-01-15
700000074,P0000217,NINO,0.95,mdm_batch,2024-01-15
700000442,P0000219,NINO,0.95,mdm_batch,2024-01-15
700000493,P0000220,NINO,0.95,mdm_batch,2024-01-15
700000127,P0000221,NINO,0.95,mdm_batch,2024-01-15
700000475,P0000224,NINO,0.95,mdm_batch,2024-01-15
700000283,P0000225,NINO,0.95,mdm_batch,2024-01-15
700000276,P0000226,NINO,0.95,mdm_batch,2024-01-15
700000135,P0000227,NINO,0.95,mdm_batch,2024-01-15
700000300,P0000228,NINO,0.95,mdm_batch,2024-01-15
700000331,P0000230,NINO,0.95,mdm_batch,2024-01-15
700000220,P0000231,NINO,0.95,mdm_batch,2024-01-15
700000299,P0000233,NINO,0.95,mdm_batch,2024-01-15
700000205,P0000234,NINO,0.95,mdm_batch,2024-01-15
700000428,P0000236,NINO,0.95,mdm_batch,2024-01-15
700000387,P0000237,NINO,0.95,mdm_batch,2024-01-15
700000086,P0000238,NINO,0.95,mdm_batch,2024-01-15
700000071,P0000239,NINO,0.95,mdm_batch,2024-01-15
700000261,P0000240,NINO,0.95,mdm_batch,2024-01-15
700000253,P0000241,NINO,0.95,mdm_batch,2024-01-15
700000058,P0000243,NINO,0.95,mdm_batch,2024-01-15
700000353,P0000245,NINO,0.95,mdm_batch,2024-01-15
700000047,P0000246,NINO,0.95,mdm_batch,2024-01-15
700000048,P0000247,NINO,0.95,mdm_batch,2024-01-15
700000130,P0000248,NINO,0.95,mdm_batch,2024-01-15
700000059,P0000250,NINO,0.95,mdm_batch,2024-01-15
700000025,P0000251,NINO,0.95,mdm_batch,2024-01-15
700000057,P0000252,NINO,0.95,mdm_batch,2024-01-15
700000079,P0000253,NINO,0.95,mdm_batch,2024-01-15
700000430,P0000254,NINO,0.95,mdm_batch,2024-01-15
700000459,P0000255,NINO,0.95,mdm_batch,2024-01-15
700000294,P0000258,NINO,0.95,mdm_batch,2024-01-15
700000488,P0000260,NINO,0.95,mdm_batch,2024-01-15
700000306,P0000262,NINO,0.95,mdm_batch,2024-01-15
700000003,P0000265,NINO,0.95,mdm_batch,2024-01-15
700000033,P0000266,NINO,0.95,mdm_batch,2024-01-15
700000198,P0000267,NINO,0.95,mdm_batch,2024-01-15
700000300,P0000268,NINO,0.95,mdm_batch,2024-01-15
700000196,P0000269,NINO,0.95,mdm_batch,2024-01-15
700000406,P0000270,NINO,0.95,mdm_batch,2024-01-15
700000240,P0000271,NINO,0.95,mdm_batch,2024-01-15
700000271,P0000274,NINO,0.95,mdm_batch,2024-01-15
700000129,P0000276,NINO,0.95,mdm_batch,2024-01-15
700000284,P0000278,NINO,0.95,mdm_batch,2024-01-15
700000006,P0000279,NINO,0.95,mdm_batch,2024-01-15
700000059,P0000283,NINO,0.95,mdm_batch,2024-01-15
700000437,P0000284,NINO,0.95,mdm_batch,2024-01-15
700000405,P0000285,NINO,0.95,mdm_batch,2024-01-15
700000329,P0000286,NINO,0.95,mdm_batch,2024-01-15
700000456,P0000287,NINO,0.95,mdm_batch,2024-01-15
700000499,P0000288,NINO,0.95,mdm_batch,2024-01-15
700000241,P0000289,NINO,0.95,mdm_batch,2024-01-15
700000432,P0000290,NINO,0.95,mdm_batch,2024-01-15
700000270,P0000291,NINO,0.95,mdm_batch,2024-01-15
700000338,P0000293,NINO,0.95,mdm_batch,2024-01-15
700000223,P0000294,NINO,0.95,mdm_batch,2024-01-15
700000288,P0000295,NINO,0.95,mdm_batch,2024-01-15
700000134,P0000296,NINO,0.95,mdm_batch,2024-01-15
700000081,P0000297,NINO,0.95,mdm_batch,2024-01-15
700000396,P0000298,NINO,0.95,mdm_batch,2024-01-15
700000460,P0000299,NINO,0.95,mdm_batch,2024-01-15
700000002,P0000301,NINO,0.95,mdm_batch,2024-01-15
700000033,P0000302,NINO,0.95,mdm_batch,2024-01-15
700000431,P0000303,NINO,0.95,mdm_batch,2024-01-15
700000021,P0000304,NINO,0.95,mdm_batch,2024-01-15
700000257,P0000305,NINO,0.95,mdm_batch,2024-01-15
700000092,P0000307,NINO,0.95,mdm_batch,2024-01-15
700000260,P0000311,NINO,0.95,mdm_batch,2024-01-15
700000055,P0000312,NINO,0.95,mdm_batch,2024-01-15
700000230,P0000313,NINO,0.95,mdm_batch,2024-01-15
700000437,P0000314,NINO,0.95,mdm_batch,2024-01-15
700000153,P0000315,NINO,0.95,mdm_batch,2024-01-15
700000320,P0000316,NINO,0.95,mdm_batch,2024-01-15
700000400,P0000317,NINO,0.95,mdm_batch,2024-01-15
700000474,P0000319,NINO,0.95,mdm_batch,2024-01-15
700000348,P0000321,NINO,0.95,mdm_batch,2024-01-15
700000192,P0000322,NINO,0.95,mdm_batch,2024-01-15
700000083,P0000324,NINO,0.95,mdm_batch,2024-01-15
700000277,P0000325,NINO,0.95,mdm_batch,2024-01-15
700000272,P0000326,NINO,0.95,mdm_batch,2024-01-15
700000001,P0000327,NINO,0.95,mdm_batch,2024-01-15
700000222,P0000329,NINO,0.95,mdm_batch,2024-01-15
700000181,P0000332,NINO,0.95,mdm_batch,2024-01-15
700000307,P0000333,NINO,0.95,mdm_batch,2024-01-15
700000166,P0000334,NINO,0.95,mdm_batch,2024-01-15
700000251,P0000335,NINO,0.95,mdm_batch,2024-01-15
700000010,P0000336,NINO,0.95,mdm_batch,2024-01-15
700000331,P0000337,NINO,0.95,mdm_batch,2024-01-15
700000356,P0000338,NINO,0.95,mdm_batch,2024-01-15
700000461,P0000339,NINO,0.95,mdm_batch,2024-01-15
700000346,P0000341,NINO,0.95,mdm_batch,2024-01-15
700000119,P0000342,NINO,0.95,mdm_batch,2024-01-15
700000023,P0000344,NINO,0.95,mdm_batch,2024-01-15
700000392,P0000345,NINO,0.95,mdm_batch,2024-01-15
700000158,P0000347,NINO,0.95,mdm_batch,2024-01-15
700000123,P0000348,NINO,0.95,mdm_batch,2024-01-15
700000030,P0000349,NINO,0.95,mdm_batch,2024-01-15
700000124,P0000350,NINO,0.95,mdm_batch,2024-01-15
700000376,P0000351,NINO,0.95,mdm_batch,2024-01-15
700000418,P0000352,NINO,0.95,mdm_batch,2024-01-15
700000255,P0000353,NINO,0.95,mdm_batch,2024-01-15
700000368,P0000355,NINO,0.95,mdm_batch,2024-01-15
700000044,P0000357,NINO,0.95,mdm_batch,2024-01-15
700000322,P0000358,NINO,0.95,mdm_batch,2024-01-15
700000249,P0000359,NINO,0.95,mdm_batch,2024-01-15
700000424,P0000360,NINO,0.95,mdm_batch,2024-01-15
700000352,P0000362,NINO,0.95,mdm_batch,2024-01-15
700000198,P0000363,NINO,0.95,mdm_batch,2024-01-15
700000273,P0000365,NINO,0.95,mdm_batch,2024-01-15
700000065,P0000366,NINO,0.95,mdm_batch,2024-01-15
700000223,P0000367,NINO,0.95,mdm_batch,2024-01-15
700000073,P0000368,NINO,0.95,mdm_batch,2024-01-15
700000066,P0000371,NINO,0.95,mdm_batch,2024-01-15
700000244,P0000372,NINO,0.95,mdm_batch,2024-01-15
700000282,P0000375,NINO,0.95,mdm_batch,2024-01-15
700000085,P0000377,NINO,0.95,mdm_batch,2024-01-15
700000366,P0000378,NINO,0.95,mdm_batch,2024-01-15
700000166,P0000379,NINO,0.95,mdm_batch,2024-01-15
700000338,P0000380,NINO,0.95,mdm_batch,2024-01-15
700000381,P0000383,NINO,0.95,mdm_batch,2024-01-15
700000345,P0000384,NINO,0.95,mdm_batch,2024-01-15
700000373,P0000386,NINO,0.95,mdm_batch,2024-01-15
700000311,P0000387,NINO,0.95,mdm_batch,2024-01-15
700000335,P0000388,NINO,0.95,mdm_batch,2024-01-15
700000103,P0000389,NINO,0.95,mdm_batch,2024-01-15
700000160,P0000392,NINO,0.95,mdm_batch,2024-01-15
700000357,P0000394,NINO,0.95,mdm_batch,2024-01-15
700000313,P0000395,NINO,0.95,mdm_batch,2024-01-15
700000354,P0000396,NINO,0.95,mdm_batch,2024-01-15
700000225,P0000398,NINO,0.95,mdm_batch,2024-01-15
700000265,P0000399,NINO,0.95,mdm_batch,2024-01-15
700000232,P0000400,NINO,0.95,mdm_batch,2024-01-15
700000062,P0000401,NINO,0.95,mdm_batch,2024-01-15
700000364,P0000402,NINO,0.95,mdm_batch,2024-01-15
700000116,P0000403,NINO,0.95,mdm_batch,2024-01-15
700000024,P0000404,NINO,0.95,mdm_batch,2024-01-15
700000343,P0000405,NINO,0.95,mdm_batch,2024-01-15
700000174,P0000406,NINO,0.95,mdm_batch,2024-01-15
700000011,P0000407,NINO,0.95,mdm_batch,2024-01-15
700000383,P0000409,NINO,0.95,mdm_batch,2024-01-15
700000206,P0000410,NINO,0.95,mdm_batch,2024-01-15
700000355,P0000411,NINO,0.95,mdm_batch,2024-01-15
700000462,P0000412,NINO,0.95,mdm_batch,2024-01-15
700000401,P0000413,NINO,0.95,mdm_batch,2024-01-15
700000035,P0000414,NINO,0.95,mdm_batch,2024-01-15
700000031,P0000416,NINO,0.95,mdm_batch,2024-01-15
700000269,P0000417,NINO,0.95,mdm_batch,2024-01-15
700000035,P0000418,NINO,0.95,mdm_batch,2024-01-15
700000061,P0000419,NINO,0.95,mdm_batch,2024-01-15
700000382,P0000420,NINO,0.95,mdm_batch,2024-01-15
700000170,P0000421,NINO,0.95,mdm_batch,2024-01-15
700000266,P0000422,NINO,0.95,mdm_batch,2024-01-15
700000021,P0000423,NINO,0.95,mdm_batch,2024-01-15
700000122,P0000424,NINO,0.95,mdm_batch,2024-01-15
700000025,P0000426,NINO,0.95,mdm_batch,2024-01-15
700000441,P0000427,NINO,0.95,mdm_batch,2024-01-15
700000295,P0000428,NINO,0.95,mdm_batch,2024-01-15
700000285,P0000429,NINO,0.95,mdm_batch,2024-01-15
700000110,P0000430,NINO,0.95,mdm_batch,2024-01-15
700000452,P0000431,NINO,0.95,mdm_batch,2024-01-15
700000492,P0000432,NINO,0.95,mdm_batch,2024-01-15
700000485,P0000433,NINO,0.95,mdm_batch,2024-01-15
700000422,P0000435,NINO,0.95,mdm_batch,2024-01-15
700000226,P0000437,NINO,0.95,mdm_batch,2024-01-15
700000147,P0000439,NINO,0.95,mdm_batch,2024-01-15
700000327,P0000440,NINO,0.95,mdm_batch,2024-01-15
700000148,P0000441,NINO,0.95,mdm_batch,2024-01-15
700000478,P0000442,NINO,0.95,mdm_batch,2024-01-15
700000063,P0000443,NINO,0.95,mdm_batch,2024-01-15
700000201,P0000447,NINO,0.95,mdm_batch,2024-01-15
700000421,P0000448,NINO,0.95,mdm_batch,2024-01-15
700000248,P0000449,NINO,0.95,mdm_batch,2024-01-15
700000264,P0000450,NINO,0.95,mdm_batch,2024-01-15
700000449,P0000451,NINO,0.95,mdm_batch,2024-01-15
700000207,P0000452,NINO,0.95,mdm_batch,2024-01-15
700000270,P0000453,NINO,0.95,mdm_batch,2024-01-15
700000354,P0000454,NINO,0.95,mdm_batch,2024-01-15
700000105,P0000456,NINO,0.95,mdm_batch,2024-01-15
700000049,P0000457,NINO,0.95,mdm_batch,2024-01-15
700000176,P0000458,NINO,0.95,mdm_batch,2024-01-15
700000332,P0000459,NINO,0.95,mdm_batch,2024-01-15
700000420,P0000460,NINO,0.95,mdm_batch,2024-01-15
700000403,P0000461,NINO,0.95,mdm_batch,2024-01-15
700000332,P0000462,NINO,0.95,mdm_batch,2024-01-15
700000207,P0000463,NINO,0.95,mdm_batch,2024-01-15
700000241,P0000464,NINO,0.95,mdm_batch,2024-01-15
700000207,P0000466,NINO,0.95,mdm_batch,2024-01-15
700000169,P0000471,NINO,0.95,mdm_batch,2024-01-15
700000453,P0000473,NINO,0.95,mdm_batch,2024-01-15
700000091,P0000474,NINO,0.95,mdm_batch,2024-01-15
700000031,P0000475,NINO,0.95,mdm_batch,2024-01-15
700000372,P0000476,NINO,0.95,mdm_batch,2024-01-15
700000106,P0000477,NINO,0.95,mdm_batch,2024-01-15
700000368,P0000478,NINO,0.95,mdm_batch,2024-01-15
700000233,P0000479,NINO,0.95,mdm_batch,2024-01-15
700000047,P0000480,NINO,0.95,mdm_batch,2024-01-15
700000282,P0000481,NINO,0.95,mdm_batch,2024-01-15
700000417,P0000484,NINO,0.95,mdm_batch,2024-01-15
700000222,P0000485,NINO,0.95,mdm_batch,2024-01-15
700000411,P0000486,NINO,0.95,mdm_batch,2024-01-15
700000476,P0000487,NINO,0.95,mdm_batch,2024-01-15
700000451,P0000488,NINO,0.95,mdm_batch,2024-01-15
700000168,P0000489,NINO,0.95,mdm_batch,2024-01-15
700000117,P0000490,NINO,0.95,mdm_batch,2024-01-15
700000436,P0000491,NINO,0.95,mdm_batch,2024-01-15
700000308,P0000492,NINO,0.95,mdm_batch,2024-01-15
700000026,P0000493,NINO,0.95,mdm_batch,2024-01-15
700000292,P0000495,NINO,0.95,mdm_batch,2024-01-15
700000482,P0000496,NINO,0.95,mdm_batch,2024-01-15
700000104,P0000497,NINO,0.95,mdm_batch,2024-01-15
700000362,P0000498,NINO,0.95,mdm_batch,2024-01-15
700000087,P0000499,NINO,0.95,mdm_batch,2024-01-15
700000470,P0000500,NINO,0.95,mdm_batch,2024-01-15
700000221,P0000502,NINO,0.95,mdm_batch,2024-01-15
700000028,P0000504,NINO,0.95,mdm_batch,2024-01-15
700000436,P0000506,NINO,0.95,mdm_batch,2024-01-15
700000447,P0000508,NINO,0.95,mdm_batch,2024-01-15
700000007,P0000509,NINO,0.95,mdm_batch,2024-01-15
700000242,P0000510,NINO,0.95,mdm_batch,2024-01-15
700000379,P0000512,NINO,0.95,mdm_batch,2024-01-15
700000134,P0000513,NINO,0.95,mdm_batch,2024-01-15
700000256,P0000514,NINO,0.95,mdm_batch,2024-01-15
700000182,P0000516,NINO,0.95,mdm_batch,2024-01-15
700000494,P0000517,NINO,0.95,mdm_batch,2024-01-15
700000294,P0000518,NINO,0.95,mdm_batch,2024-01-15
700000084,P0000521,NINO,0.95,mdm_batch,2024-01-15
700000261,P0000522,NINO,0.95,mdm_batch,2024-01-15
700000438,P0000523,NINO,0.95,mdm_batch,2024-01-15
700000386,P0000524,NINO,0.95,mdm_batch,2024-01-15
700000365,P0000525,NINO,0.95,mdm_batch,2024-01-15
700000119,P0000527,NINO,0.95,mdm_batch,2024-01-15
700000219,P0000528,NINO,0.95,mdm_batch,2024-01-15
700000237,P0000529,NINO,0.95,mdm_batch,2024-01-15
700000020,P0000530,NINO,0.95,mdm_batch,2024-01-15
700000114,P0000531,NINO,0.95,mdm_batch,2024-01-15
700000496,P0000532,NINO,0.95,mdm_batch,2024-01-15
700000227,P0000533,NINO,0.95,mdm_batch,2024-01-15
700000498,P0000534,NINO,0.95,mdm_batch,2024-01-15
700000385,P0000536,NINO,0.95,mdm_batch,2024-01-15
700000051,P0000537,NINO,0.95,mdm_batch,2024-01-15
700000255,P0000538,NINO,0.95,mdm_batch,2024-01-15
700000267,P0000539,NINO,0.95,mdm_batch,2024-01-15
700000149,P0000540,NINO,0.95,mdm_batch,2024-01-15
700000423,P0000541,NINO,0.95,mdm_batch,2024-01-15
700000193,P0000542,NINO,0.95,mdm_batch,2024-01-15
700000061,P0000543,NINO,0.95,mdm_batch,2024-01-15
700000043,P0000544,NINO,0.95,mdm_batch,2024-01-15
700000243,P0000545,NINO,0.95,mdm_batch,2024-01-15
700000125,P0000546,NINO,0.95,mdm_batch,2024-01-15
700000458,P0000547,NINO,0.95,mdm_batch,2024-01-15
700000319,P0000548,NINO,0.95,mdm_batch,2024-01-15
700000289,P0000549,NINO,0.95,mdm_batch,2024-01-15
700000340,P0000550,NINO,0.95,mdm_batch,2024-01-15
700000197,P0000551,NINO,0.95,mdm_batch,2024-01-15
700000156,P0000552,NINO,0.95,mdm_batch,2024-01-15
700000098,P0000555,NINO,0.95,mdm_batch,2024-01-15
700000390,P0000556,NINO,0.95,mdm_batch,2024-01-15
700000477,P0000559,NINO,0.95,mdm_batch,2024-01-15
700000100,P0000560,NINO,0.95,mdm_batch,2024-01-15
700000068,P0000561,NINO,0.95,mdm_batch,2024-01-15
700000457,P0000562,NINO,0.95,mdm_batch,2024-01-15
700000421,P0000564,NINO,0.95,mdm_batch,2024-01-15
700000473,P0000566,NINO,0.95,mdm_batch,2024-01-15
700000116,P0000568,NINO,0.95,mdm_batch,2024-01-15
700000428,P0000569,NINO,0.95,mdm_batch,2024-01-15
700000213,P0000571,NINO,0.95,mdm_batch,2024-01-15
700000179,P0000573,NINO,0.95,mdm_batch,2024-01-15
700000258,P0000574,NINO,0.95,mdm_batch,2024-01-15
700000461,P0000575,NINO,0.95,mdm_batch,2024-01-15
700000392,P0000576,NINO,0.95,mdm_batch,2024-01-15
700000040,P0000577,NINO,0.95,mdm_batch,2024-01-15
700000088,P0000579,NINO,0.95,mdm_batch,2024-01-15
700000045,P0000580,NINO,0.95,mdm_batch,2024-01-15
700000285,P0000581,NINO,0.95,mdm_batch,2024-01-15
700000076,P0000582,NINO,0.95,mdm_batch,2024-01-15
700000056,P0000583,NINO,0.95,mdm_batch,2024-01-15
700000102,P0000585,NINO,0.95,mdm_batch,2024-01-15
700000015,P0000586,NINO,0.95,mdm_batch,2024-01-15
700000329,P0000589,NINO,0.95,mdm_batch,2024-01-15
700000419,P0000591,NINO,0.95,mdm_batch,2024-01-15
700000202,P0000592,NINO,0.95,mdm_batch,2024-01-15
700000191,P0000593,NINO,0.95,mdm_batch,2024-01-15
700000399,P0000595,NINO,0.95,mdm_batch,2024-01-15
700000388,P0000596,NINO,0.95,mdm_batch,2024-01-15
700000204,P0000597,NINO,0.95,mdm_batch,2024-01-15
700000150,P0000598,NINO,0.95,mdm_batch,2024-01-15
700000301,P0000599,NINO,0.95,mdm_batch,2024-01-15
700000004,P0000600,NINO,0.95,mdm_batch,2024-01-15
700000421,P0000601,NINO,0.95,mdm_batch,2024-01-15
700000337,P0000602,NINO,0.95,mdm_batch,2024-01-15
700000287,P0000604,NINO,0.95,mdm_batch,2024-01-15
700000265,P0000605,NINO,0.95,mdm_batch,2024-01-15
700000318,P0000606,NINO,0.95,mdm_batch,2024-01-15
700000297,P0000608,NINO,0.95,mdm_batch,2024-01-15
700000239,P0000609,NINO,0.95,mdm_batch,2024-01-15
700000131,P0000611,NINO,0.95,mdm_batch,2024-01-15
700000021,P0000612,NINO,0.95,mdm_batch,2024-01-15
700000449,P0000614,NINO,0.95,mdm_batch,2024-01-15
700000018,P0000615,NINO,0.95,mdm_batch,2024-01-15
700000318,P0000616,NINO,0.95,mdm_batch,2024-01-15
700000466,P0000617,NINO,0.95,mdm_batch,2024-01-15
700000342,P0000618,NINO,0.95,mdm_batch,2024-01-15
700000278,P0000619,NINO,0.95,mdm_batch,2024-01-15
700000433,P0000621,NINO,0.95,mdm_batch,2024-01-15
700000146,P0000622,NINO,0.95,mdm_batch,2024-01-15
700000185,P0000623,NINO,0.95,mdm_batch,2024-01-15
700000305,P0000624,NINO,0.95,mdm_batch,2024-01-15
700000209,P0000625,NINO,0.95,mdm_batch,2024-01-15
700000467,P0000626,NINO,0.95,mdm_batch,2024-01-15
700000270,P0000627,NINO,0.95,mdm_batch,2024-01-15
700000281,P0000629,NINO,0.95,mdm_batch,2024-01-15
700000494,P0000630,NINO,0.95,mdm_batch,2024-01-15
700000036,P0000631,NINO,0.95,mdm_batch,2024-01-15
700000407,P0000632,NINO,0.95,mdm_batch,2024-01-15
700000145,P0000633,NINO,0.95,mdm_batch,2024-01-15
700000134,P0000634,NINO,0.95,mdm_batch,2024-01-15
700000180,P0000636,NINO,0.95,mdm_batch,2024-01-15
700000067,P0000637,NINO,0.95,mdm_batch,2024-01-15
700000262,P0000638,NINO,0.95,mdm_batch,2024-01-15
700000450,P0000639,NINO,0.95,mdm_batch,2024-01-15
700000211,P0000640,NINO,0.95,mdm_batch,2024-01-15
700000144,P0000641,NINO,0.95,mdm_batch,2024-01-15
700000472,P0000643,NINO,0.95,mdm_batch,2024-01-15
700000072,P0000644,NINO,0.95,mdm_batch,2024-01-15
700000352,P0000646,NINO,0.95,mdm_batch,2024-01-15
700000468,P0000647,NINO,0.95,mdm_batch,2024-01-15
700000315,P0000649,NINO,0.95,mdm_batch,2024-01-15
700000254,P0000654,NINO,0.95,mdm_batch,2024-01-15
700000077,P0000656,NINO,0.95,mdm_batch,2024-01-15
700000264,P0000657,NINO,0.95,mdm_batch,2024-01-15
700000489,P0000658,NINO,0.95,mdm_batch,2024-01-15
700000019,P0000660,NINO,0.95,mdm_batch,2024-01-15
700000003,P0000661,NINO,0.95,mdm_batch,2024-01-15
700000323,P0000662,NINO,0.95,mdm_batch,2024-01-15
700000176,P0000663,NINO,0.95,mdm_batch,2024-01-15
700000325,P0000664,NINO,0.95,mdm_batch,2024-01-15
700000133,P0000665,NINO,0.95,mdm_batch,2024-01-15
700000264,P0000666,NINO,0.95,mdm_batch,2024-01-15
700000199,P0000667,NINO,0.95,mdm_batch,2024-01-15
700000290,P0000669,NINO,0.95,mdm_batch,2024-01-15
700000292,P0000671,NINO,0.95,mdm_batch,2024-01-15
700000402,P0000672,NINO,0.95,mdm_batch,2024-01-15
700000262,P0000675,NINO,0.95,mdm_batch,2024-01-15
700000234,P0000676,NINO,0.95,mdm_batch,2024-01-15
700000291,P0000678,NINO,0.95,mdm_batch,2024-01-15
700000480,P0000679,NINO,0.95,mdm_batch,2024-01-15
700000486,P0000680,NINO,0.95,mdm_batch,2024-01-15
700000311,P0000681,NINO,0.95,mdm_batch,2024-01-15
700000268,P0000682,NINO,0.95,mdm_batch,2024-01-15
700000009,P0000683,NINO,0.95,mdm_batch,2024-01-15
700000423,P0000684,NINO,0.95,mdm_batch,2024-01-15
700000245,P0000687,NINO,0.95,mdm_batch,2024-01-15
700000406,P0000689,NINO,0.95,mdm_batch,2024-01-15
700000418,P0000690,NINO,0.95,mdm_batch,2024-01-15
700000032,P0000691,NINO,0.95,mdm_batch,2024-01-15
700000383,P0000693,NINO,0.95,mdm_batch,2024-01-15
700000159,P0000694,NINO,0.95,mdm_batch,2024-01-15
700000429,P0000696,NINO,0.95,mdm_batch,2024-01-15
700000490,P0000697,NINO,0.95,mdm_batch,2024-01-15
700000349,P0000698,NINO,0.95,mdm_batch,2024-01-15
700000107,P0000699,NINO,0.95,mdm_batch,2024-01-15
700000167,P0000700,NINO,0.95,mdm_batch,2024-01-15
700000070,P0000703,NINO,0.95,mdm_batch,2024-01-15
700000324,P0000704,NINO,0.95,mdm_batch,2024-01-15
700000393,P0000707,NINO,0.95,mdm_batch,2024-01-15
700000097,P0000708,NINO,0.95,mdm_batch,2024-01-15
700000039,P0000709,NINO,0.95,mdm_batch,2024-01-15
700000314,P0000710,NINO,0.95,mdm_batch,2024-01-15
700000154,P0000711,NINO,0.95,mdm_batch,2024-01-15
700000394,P0000712,NINO,0.95,mdm_batch,2024-01-15
700000172,P0000713,NINO,0.95,mdm_batch,2024-01-15
700000063,P0000714,NINO,0.95,mdm_batch,2024-01-15
700000324,P0000715,NINO,0.95,mdm_batch,2024-01-15
700000086,P0000717,NINO,0.95,mdm_batch,2024-01-15
700000354,P0000718,NINO,0.95,mdm_batch,2024-01-15
700000238,P0000719,NINO,0.95,mdm_batch,2024-01-15
700000252,P0000720,NINO,0.95,mdm_batch,2024-01-15
700000006,P0000721,NINO,0.95,mdm_batch,2024-01-15
700000363,P0000722,NINO,0.95,mdm_batch,2024-01-15
700000231,P0000723,NINO,0.95,mdm_batch,2024-01-15
700000156,P0000724,NINO,0.95,mdm_batch,2024-01-15
700000491,P0000725,NINO,0.95,mdm_batch,2024-01-15
700000285,P0000726,NINO,0.95,mdm_batch,2024-01-15
700000395,P0000727,NINO,0.95,mdm_batch,2024-01-15
700000420,P0000728,NINO,0.95,mdm_batch,2024-01-15
700000101,P0000729,NINO,0.95,mdm_batch,2024-01-15
700000096,P0000731,NINO,0.95,mdm_batch,2024-01-15
700000153,P0000732,NINO,0.95,mdm_batch,2024-01-15
700000183,P0000734,NINO,0.95,mdm_batch,2024-01-15
700000208,P0000735,NINO,0.95,mdm_batch,2024-01-15
700000263,P0000736,NINO,0.95,mdm_batch,2024-01-15
700000185,P0000739,NINO,0.95,mdm_batch,2024-01-15
700000078,P0000742,NINO,0.95,mdm_batch,2024-01-15
700000027,P0000744,NINO,0.95,mdm_batch,2024-01-15
700000427,P0000745,NINO,0.95,mdm_batch,2024-01-15
700000295,P0000746,NINO,0.95,mdm_batch,2024-01-15
700000005,P0000747,NINO,0.95,mdm_batch,2024-01-15
700000090,P0000748,NINO,0.95,mdm_batch,2024-01-15
700000346,P0000749,NINO,0.95,mdm_batch,2024-01-15
700000426,P0000751,NINO,0.95,mdm_batch,2024-01-15
700000010,P0000752,NINO,0.95,mdm_batch,2024-01-15
700000397,P0000753,NINO,0.95,mdm_batch,2024-01-15
700000490,P0000754,NINO,0.95,mdm_batch,2024-01-15
700000247,P0000755,NINO,0.95,mdm_batch,2024-01-15
700000443,P0000758,NINO,0.95,mdm_batch,2024-01-15
700000007,P0000759,NINO,0.95,mdm_batch,2024-01-15
700000478,P0000760,NINO,0.95,mdm_batch,2024-01-15
700000172,P0000761,NINO,0.95,mdm_batch,2024-01-15
700000012,P0000763,NINO,0.95,mdm_batch,2024-01-15
700000128,P0000764,NINO,0.95,mdm_batch,2024-01-15
700000214,P0000766,NINO,0.95,mdm_batch,2024-01-15
700000335,P0000767,NINO,0.95,mdm_batch,2024-01-15
700000188,P0000768,NINO,0.95,mdm_batch,2024-01-15
700000409,P0000769,NINO,0.95,mdm_batch,2024-01-15
700000408,P0000770,NINO,0.95,mdm_batch,2024-01-15
700000341,P0000772,NINO,0.95,mdm_batch,2024-01-15
700000293,P0000773,NINO,0.95,mdm_batch,2024-01-15
700000469,P0000776,NINO,0.95,mdm_batch,2024-01-15
700000095,P0000777,NINO,0.95,mdm_batch,2024-01-15
700000454,P0000779,NINO,0.95,mdm_batch,2024-01-15
700000375,P0000780,NINO,0.95,mdm_batch,2024-01-15
700000189,P0000782,NINO,0.95,mdm_batch,2024-01-15
700000284,P0000784,NINO,0.95,mdm_batch,2024-01-15
700000305,P0000787,NINO,0.95,mdm_batch,2024-01-15
700000398,P0000788,NINO,0.95,mdm_batch,2024-01-15
700000094,P0000791,NINO,0.95,mdm_batch,2024-01-15
700000005,P0000792,NINO,0.95,mdm_batch,2024-01-15
700000057,P0000793,NINO,0.95,mdm_batch,2024-01-15
700000499,P0000795,NINO,0.95,mdm_batch,2024-01-15
700000161,P0000796,NINO,0.95,mdm_batch,2024-01-15
700000038,P0000797,NINO,0.95,mdm_batch,2024-01-15
700000371,P0000798,NINO,0.95,mdm_batch,2024-01-15
700000181,P0000799,NINO,0.95,mdm_batch,2024-01-15
700000044,P0000800,NINO,0.95,mdm_batch,2024-01-15
700000468,P0000801,NINO,0.95,mdm_batch,2024-01-15
700000359,P0000802,NINO,0.95,mdm_batch,2024-01-15
700000121,P0000803,NINO,0.95,mdm_batch,2024-01-15
700000132,P0000804,NINO,0.95,mdm_batch,2024-01-15
700000377,P0000805,NINO,0.95,mdm_batch,2024-01-15
700000298,P0000807,NINO,0.95,mdm_batch,2024-01-15
700000452,P0000808,NINO,0.95,mdm_batch,2024-01-15
700000200,P0000809,NINO,0.95,mdm_batch,2024-01-15
700000051,P0000811,NINO,0.95,mdm_batch,2024-01-15
700000333,P0000812,NINO,0.95,mdm_batch,2024-01-15
700000304,P0000815,NINO,0.95,mdm_batch,2024-01-15
700000440,P0000816,NINO,0.95,mdm_batch,2024-01-15
700000017,P0000817,NINO,0.95,mdm_batch,2024-01-15
700000097,P0000818,NINO,0.95,mdm_batch,2024-01-15
700000030,P0000820,NINO,0.95,mdm_batch,2024-01-15
700000089,P0000822,NINO,0.95,mdm_batch,2024-01-15
700000171,P0000823,NINO,0.95,mdm_batch,2024-01-15
700000176,P0000825,NINO,0.95,mdm_batch,2024-01-15
700000327,P0000826,NINO,0.95,mdm_batch,2024-01-15
700000221,P0000827,NINO,0.95,mdm_batch,2024-01-15
700000142,P0000828,NINO,0.95,mdm_batch,2024-01-15
700000122,P0000830,NINO,0.95,mdm_batch,2024-01-15
700000140,P0000832,NINO,0.95,mdm_batch,2024-01-15
700000398,P0000834,NINO,0.95,mdm_batch,2024-01-15
700000367,P0000835,NINO,0.95,mdm_batch,2024-01-15
700000367,P0000838,NINO,0.95,mdm_batch,2024-01-15
700000178,P0000839,NINO,0.95,mdm_batch,2024-01-15
700000007,P0000840,NINO,0.95,mdm_batch,2024-01-15
700000155,P0000841,NINO,0.95,mdm_batch,2024-01-15
700000218,P0000842,NINO,0.95,mdm_batch,2024-01-15
700000370,P0000843,NINO,0.95,mdm_batch,2024-01-15
700000152,P0000845,NINO,0.95,mdm_batch,2024-01-15
700000228,P0000846,NINO,0.95,mdm_batch,2024-01-15
700000069,P0000847,NINO,0.95,mdm_batch,2024-01-15
700000435,P0000848,NINO,0.95,mdm_batch,2024-01-15
700000211,P0000849,NINO,0.95,mdm_batch,2024-01-15
700000309,P0000851,NINO,0.95,mdm_batch,2024-01-15
700000022,P0000852,NINO,0.95,mdm_batch,2024-01-15
700000097,P0000853,NINO,0.95,mdm_batch,2024-01-15
700000011,P0000855,NINO,0.95,mdm_batch,2024-01-15
700000279,P0000856,NINO,0.95,mdm_batch,2024-01-15
700000042,P0000857,NINO,0.95,mdm_batch,2024-01-15
700000224,P0000859,NINO,0.95,mdm_batch,2024-01-15
700000163,P0000860,NINO,0.95,mdm_batch,2024-01-15
700000130,P0000861,NINO,0.95,mdm_batch,2024-01-15
700000212,P0000862,NINO,0.95,mdm_batch,2024-01-15
700000083,P0000863,NINO,0.95,mdm_batch,2024-01-15
700000364,P0000865,NINO,0.95,mdm_batch,2024-01-15
700000246,P0000867,NINO,0.95,mdm_batch,2024-01-15
700000229,P0000868,NINO,0.95,mdm_batch,2024-01-15
700000250,P0000869,NINO,0.95,mdm_batch,2024-01-15
700000463,P0000872,NINO,0.95,mdm_batch,2024-01-15
700000008,P0000873,NINO,0.95,mdm_batch,2024-01-15
700000390,P0000874,NINO,0.95,mdm_batch,2024-01-15
700000290,P0000875,NINO,0.95,mdm_batch,2024-01-15
700000321,P0000876,NINO,0.95,mdm_batch,2024-01-15
700000444,P0000878,NINO,0.95,mdm_batch,2024-01-15
700000252,P0000879,NINO,0.95,mdm_batch,2024-01-15
700000211,P0000880,NINO,0.95,mdm_batch,2024-01-15
700000164,P0000881,NINO,0.95,mdm_batch,2024-01-15
700000357,P0000882,NINO,0.95,mdm_batch,2024-01-15
700000369,P0000883,NINO,0.95,mdm_batch,2024-01-15
700000060,P0000884,NINO,0.95,mdm_batch,2024-01-15
700000480,P0000885,NINO,0.95,mdm_batch,2024-01-15
700000216,P0000886,NINO,0.95,mdm_batch,2024-01-15
700000093,P0000887,NINO,0.95,mdm_batch,2024-01-15
700000416,P0000889,NINO,0.95,mdm_batch,2024-01-15
700000404,P0000890,NINO,0.95,mdm_batch,2024-01-15
700000334,P0000891,NINO,0.95,mdm_batch,2024-01-15
700000075,P0000892,NINO,0.95,mdm_batch,2024-01-15
700000210,P0000893,NINO,0.95,mdm_batch,2024-01-15
700000316,P0000894,NINO,0.95,mdm_batch,2024-01-15
700000073,P0000895,NINO,0.95,mdm_batch,2024-01-15
700000054,P0000897,NINO,0.95,mdm_batch,2024-01-15
700000157,P0000898,NINO,0.95,mdm_batch,2024-01-15
700000046,P0000899,NINO,0.95,mdm_batch,2024-01-15
700000384,P0000900,NINO,0.95,mdm_batch,2024-01-15
700000165,P0000901,NINO,0.95,mdm_batch,2024-01-15
700000324,P0000903,NINO,0.95,mdm_batch,2024-01-15
700000156,P0000907,NINO,0.95,mdm_batch,2024-01-15
700000416,P0000909,NINO,0.95,mdm_batch,2024-01-15
700000383,P0000910,NINO,0.95,mdm_batch,2024-01-15
700000139,P0000912,NINO,0.95,mdm_batch,2024-01-15
700000263,P0000913,NINO,0.95,mdm_batch,2024-01-15
700000066,P0000915,NINO,0.95,mdm_batch,2024-01-15
700000375,P0000922,NINO,0.95,mdm_batch,2024-01-15
700000091,P0000924,NINO,0.95,mdm_batch,2024-01-15
700000090,P0000928,NINO,0.95,mdm_batch,2024-01-15
700000347,P0000929,NINO,0.95,mdm_batch,2024-01-15
700000028,P0000932,NINO,0.95,mdm_batch,2024-01-15
700000056,P0000933,NINO,0.95,mdm_batch,2024-01-15
700000468,P0000934,NINO,0.95,mdm_batch,2024-01-15
700000231,P0000938,NINO,0.95,mdm_batch,2024-01-15
700000249,P0000939,NINO,0.95,mdm_batch,2024-01-15
700000107,P0000940,NINO,0.95,mdm_batch,2024-01-15
700000263,P0000941,NINO,0.95,mdm_batch,2024-01-15
700000301,P0000942,NINO,0.95,mdm_batch,2024-01-15
700000316,P0000944,NINO,0.95,mdm_batch,2024-01-15
700000091,P0000945,NINO,0.95,mdm_batch,2024-01-15
700000280,P0000948,NINO,0.95,mdm_batch,2024-01-15
700000106,P0000950,NINO,0.95,mdm_batch,2024-01-15
700000182,P0000952,NINO,0.95,mdm_batch,2024-01-15
700000055,P0000956,NINO,0.95,mdm_batch,2024-01-15
700000201,P0000957,NINO,0.95,mdm_batch,2024-01-15
700000226,P0000960,NINO,0.95,mdm_batch,2024-01-15
700000146,P0000961,NINO,0.95,mdm_batch,2024-01-15
700000304,P0000964,NINO,0.95,mdm_batch,2024-01-15
700000114,P0000966,NINO,0.95,mdm_batch,2024-01-15
700000179,P0000968,NINO,0.95,mdm_batch,2024-01-15
700000125,P0000969,NINO,0.95,mdm_batch,2024-01-15
700000281,P0000970,NINO,0.95,mdm_batch,2024-01-15
700000458,P0000971,NINO,0.95,mdm_batch,2024-01-15
700000263,P0000972,NINO,0.95,mdm_batch,2024-01-15
700000059,P0000975,NINO,0.95,mdm_batch,2024-01-15
700000179,P0000976,NINO,0.95,mdm_batch,2024-01-15
700000015,P0000978,NINO,0.95,mdm_batch,2024-01-15
700000232,P0000985,NINO,0.95,mdm_batch,2024-01-15
700000223,P0000988,NINO,0.95,mdm_batch,2024-01-15
700000171,P0000991,NINO,0.95,mdm_batch,2024-01-15
700000367,P0000994,NINO,0.95,mdm_batch,2024-01-15
700000384,P0000995,NINO,0.95,mdm_batch,2024-01-15
700000259,P0000996,NINO,0.95,mdm_batch,2024-01-15
700000167,P0000998,NINO,0.95,mdm_batch,2024-01-15
700000081,P0001001,NINO,0.95,mdm_batch,2024-01-15
700000081,P0001005,NINO,0.95,mdm_batch,2024-01-15
700000082,P0001010,NINO,0.95,mdm_batch,2024-01-15
700000373,P0001012,NINO,0.95,mdm_batch,2024-01-15
700000287,P0001013,NINO,0.95,mdm_batch,2024-01-15
700000006,P0001014,NINO,0.95,mdm_batch,2024-01-15
700000006,P0001018,NINO,0.95,mdm_batch,2024-01-15
700000278,P0001020,NINO,0.95,mdm_batch,2024-01-15
700000203,P0001022,NINO,0.95,mdm_batch,2024-01-15
700000474,P0001025,NINO,0.95,mdm_batch,2024-01-15
700000130,P0001026,NINO,0.95,mdm_batch,2024-01-15
700000447,P0001028,NINO,0.95,mdm_batch,2024-01-15
700000351,P0001029,NINO,0.95,mdm_batch,2024-01-15
700000116,P0001038,NINO,0.95,mdm_batch,2024-01-15
700000227,P0001040,NINO,0.95,mdm_batch,2024-01-15
700000103,P0001041,NINO,0.95,mdm_batch,2024-01-15
700000370,P0001042,NINO,0.95,mdm_batch,2024-01-15
700000348,P0001048,NINO,0.95,mdm_batch,2024-01-15
700000075,P0001050,NINO,0.95,mdm_batch,2024-01-15
700000204,P0001051,NINO,0.95,mdm_batch,2024-01-15
700000276,P0001052,NINO,0.95,mdm_batch,2024-01-15
700000348,P0001053,NINO,0.95,mdm_batch,2024-01-15
700000295,P0001055,NINO,0.95,mdm_batch,2024-01-15
700000022,P0001057,NINO,0.95,mdm_batch,2024-01-15
700000240,P0001059,NINO,0.95,mdm_batch,2024-01-15
700000011,P0001060,NINO,0.95,mdm_batch,2024-01-15
700000355,P0001066,NINO,0.95,mdm_batch,2024-01-15
700000299,P0001067,NINO,0.95,mdm_batch,2024-01-15
700000185,P0001068,NINO,0.95,mdm_batch,2024-01-15
700000284,P0001072,NINO,0.95,mdm_batch,2024-01-15
700000180,P0001076,NINO,0.95,mdm_batch,2024-01-15
700000426,P0001079,NINO,0.95,mdm_batch,2024-01-15
700000439,P0001082,NINO,0.95,mdm_batch,2024-01-15
700000226,P0001083,NINO,0.95,mdm_batch,2024-01-15
700000186,P0001084,NINO,0.95,mdm_batch,2024-01-15
700000220,P0001088,NINO,0.95,mdm_batch,2024-01-15
700000026,P0001089,NINO,0.95,mdm_batch,2024-01-15
700000075,P0001092,NINO,0.95,mdm_batch,2024-01-15
700000139,P0001095,NINO,0.95,mdm_batch,2024-01-15
700000344,P0001096,NINO,0.95,mdm_batch,2024-01-15
700000379,P0001098,NINO,0.95,mdm_batch,2024-01-15
700000088,P0001100,NINO,0.95,mdm_batch,2024-01-15
700000354,P0001103,NINO,0.95,mdm_batch,2024-01-15
700000463,P0001106,NINO,0.95,mdm_batch,2024-01-15
700000357,P0001107,NINO,0.95,mdm_batch,2024-01-15
700000138,P0001108,NINO,0.95,mdm_batch,2024-01-15
700000319,P0001111,NINO,0.95,mdm_batch,2024-01-15
700000444,P0001115,NINO,0.95,mdm_batch,2024-01-15
700000232,P0001121,NINO,0.95,mdm_batch,2024-01-15
700000232,P0001124,NINO,0.95,mdm_batch,2024-01-15
700000385,P0001125,NINO,0.95,mdm_batch,2024-01-15
700000383,P0001126,NINO,0.95,mdm_batch,2024-01-15
700000257,P0001127,NINO,0.95,mdm_batch,2024-01-15
700000195,P0001129,NINO,0.95,mdm_batch,2024-01-15
700000431,P0001131,NINO,0.95,mdm_batch,2024-01-15
700000499,P0001134,NINO,0.95,mdm_batch,2024-01-15
700000364,P0001135,NINO,0.95,mdm_batch,2024-01-15
700000398,P0001137,NINO,0.95,mdm_batch,2024-01-15
700000035,P0001138,NINO,0.95,mdm_batch,2024-01-15
700000284,P0001141,NINO,0.95,mdm_batch,2024-01-15
700000469,P0001142,NINO,0.95,mdm_batch,2024-01-15
700000338,P0001150,NINO,0.95,mdm_batch,2024-01-15
700000156,P0001153,NINO,0.95,mdm_batch,2024-01-15
700000280,P0001156,NINO,0.95,mdm_batch,2024-01-15
700000477,P0001157,NINO,0.95,mdm_batch,2024-01-15
700000471,P0001158,NINO,0.95,mdm_batch,2024-01-15
700000347,P0001159,NINO,0.95,mdm_batch,2024-01-15
700000472,P0001160,NINO,0.95,mdm_batch,2024-01-15
700000057,P0001161,NINO,0.95,mdm_batch,2024-01-15
700000442,P0001166,NINO,0.95,mdm_batch,2024-01-15
700000216,P0001170,NINO,0.95,mdm_batch,2024-01-15
700000029,P0001173,NINO,0.95,mdm_batch,2024-01-15
700000248,P0001174,NINO,0.95,mdm_batch,2024-01-15
700000020,P0001177,NINO,0.95,mdm_batch,2024-01-15
700000291,P0001178,NINO,0.95,mdm_batch,2024-01-15
700000167,P0001181,NINO,0.95,mdm_batch,2024-01-15
700000188,P0001183,NINO,0.95,mdm_batch,2024-01-15
700000232,P0001184,NINO,0.95,mdm_batch,2024-01-15
700000447,P0001186,NINO,0.95,mdm_batch,2024-01-15
700000412,P0001188,NINO,0.95,mdm_batch,2024-01-15
700000291,P0001190,NINO,0.95,mdm_batch,2024-01-15
700000068,P0001191,NINO,0.95,mdm_batch,2024-01-15
700000406,P0001192,NINO,0.95,mdm_batch,2024-01-15
700000320,P0001194,NINO,0.95,mdm_batch,2024-01-15
700000355,P0001196,NINO,0.95,mdm_batch,2024-01-15
700000189,P0001198,NINO,0.95,mdm_batch,2024-01-15
700000094,P0001199,NINO,0.95,mdm_batch,2024-01-15
700000198,P0001200,NINO,0.95,mdm_batch,2024-01-15
700000151,P0001202,NINO,0.95,mdm_batch,2024-01-15
700000481,P0001203,NINO,0.95,mdm_batch,2024-01-15
700000046,P0001207,NINO,0.95,mdm_batch,2024-01-15
700000356,P0001208,NINO,0.95,mdm_batch,2024-01-15
700000340,P0001209,NINO,0.95,mdm_batch,2024-01-15
700000186,P0001210,NINO,0.95,mdm_batch,2024-01-15
700000095,P0001211,NINO,0.95,mdm_batch,2024-01-15
700000189,P0001212,NINO,0.95,mdm_batch,2024-01-15
700000147,P0001214,NINO,0.95,mdm_batch,2024-01-15
700000111,P0001215,NINO,0.95,mdm_batch,2024-01-15
700000376,P0001216,NINO,0.95,mdm_batch,2024-01-15
700000454,P0001218,NINO,0.95,mdm_batch,2024-01-15
700000171,P0001221,NINO,0.95,mdm_batch,2024-01-15
700000377,P0001223,NINO,0.95,mdm_batch,2024-01-15
700000154,P0001224,NINO,0.95,mdm_batch,2024-01-15
700000429,P0001225,NINO,0.95,mdm_batch,2024-01-15
700000224,P0001226,NINO,0.95,mdm_batch,2024-01-15
700000496,P0001227,NINO,0.95,mdm_batch,2024-01-15
700000300,P0001228,NINO,0.95,mdm_batch,2024-01-15
700000381,P0001230,NINO,0.95,mdm_batch,2024-01-15
700000300,P0001233,NINO,0.95,mdm_batch,2024-01-15
700000336,P0001234,NINO,0.95,mdm_batch,2024-01-15
700000321,P0001240,NINO,0.95,mdm_batch,2024-01-15
700000042,P0001245,NINO,0.95,mdm_batch,2024-01-15
700000322,P0001248,NINO,0.95,mdm_batch,2024-01-15
700000440,P0001252,NINO,0.95,mdm_batch,2024-01-15
700000190,P0001254,NINO,0.95,mdm_batch,2024-01-15
700000204,P0001257,NINO,0.95,mdm_batch,2024-01-15
700000206,P0001258,NINO,0.95,mdm_batch,2024-01-15
700000226,P0001261,NINO,0.95,mdm_batch,2024-01-15
700000444,P0001267,NINO,0.95,mdm_batch,2024-01-15
700000358,P0001268,NINO,0.95,mdm_batch,2024-01-15
700000220,P0001269,NINO,0.95,mdm_batch,2024-01-15
700000083,P0001273,NINO,0.95,mdm_batch,2024-01-15
700000441,P0001275,NINO,0.95,mdm_batch,2024-01-15
700000037,P0001278,NINO,0.95,mdm_batch,2024-01-15
700000382,P0001280,NINO,0.95,mdm_batch,2024-01-15
700000283,P0001282,NINO,0.95,mdm_batch,2024-01-15
700000016,P0001283,NINO,0.95,mdm_batch,2024-01-15
700000309,P0001287,NINO,0.95,mdm_batch,2024-01-15
700000098,P0001289,NINO,0.95,mdm_batch,2024-01-15
700000389,P0001290,NINO,0.95,mdm_batch,2024-01-15
700000035,P0001291,NINO,0.95,mdm_batch,2024-01-15
700000430,P0001293,NINO,0.95,mdm_batch,2024-01-15
700000016,P0001296,NINO,0.95,mdm_batch,2024-01-15
700000264,P0001297,NINO,0.95,mdm_batch,2024-01-15
700000235,P0001304,NINO,0.95,mdm_batch,2024-01-15
700000322,P0001307,NINO,0.95,mdm_batch,2024-01-15
700000430,P0001309,NINO,0.95,mdm_batch,2024-01-15
700000370,P0001311,NINO,0.95,mdm_batch,2024-01-15
700000326,P0001318,NINO,0.95,mdm_batch,2024-01-15
700000140,P0001321,NINO,0.95,mdm_batch,2024-01-15
700000046,P0001322,NINO,0.95,mdm_batch,2024-01-15
700000395,P0001323,NINO,0.95,mdm_batch,2024-01-15
700000312,P0001325,NINO,0.95,mdm_batch,2024-01-15
700000474,P0001326,NINO,0.95,mdm_batch,2024-01-15
700000473,P0001328,NINO,0.95,mdm_batch,2024-01-15
700000368,P0001333,NINO,0.95,mdm_batch,2024-01-15
700000447,P0001334,NINO,0.95,mdm_batch,2024-01-15
700000013,P0001335,NINO,0.95,mdm_batch,2024-01-15
700000039,P0001337,NINO,0.95,mdm_batch,2024-01-15
700000158,P0001339,NINO,0.95,mdm_batch,2024-01-15
700000157,P0001343,NINO,0.95,mdm_batch,2024-01-15
700000351,P0001345,NINO,0.95,mdm_batch,2024-01-15
700000290,P0001347,NINO,0.95,mdm_batch,2024-01-15
700000074,P0001357,NINO,0.95,mdm_batch,2024-01-15
700000303,P0001358,NINO,0.95,mdm_batch,2024-01-15
700000156,P0001359,NINO,0.95,mdm_batch,2024-01-15
700000152,P0001366,NINO,0.95,mdm_batch,2024-01-15
700000270,P0001367,NINO,0.95,mdm_batch,2024-01-15
700000425,P0001369,NINO,0.95,mdm_batch,2024-01-15
700000055,P0001373,NINO,0.95,mdm_batch,2024-01-15
700000497,P0001375,NINO,0.95,mdm_batch,2024-01-15
700000179,P0001378,NINO,0.95,mdm_batch,2024-01-15
700000123,P0001379,NINO,0.95,mdm_batch,2024-01-15
700000173,P0001383,NINO,0.95,mdm_batch,2024-01-15
700000114,P0001384,NINO,0.95,mdm_batch,2024-01-15
700000184,P0001387,NINO,0.95,mdm_batch,2024-01-15
700000071,P0001388,NINO,0.95,mdm_batch,2024-01-15
700000031,P0001389,NINO,0.95,mdm_batch,2024-01-15
700000226,P0001391,NINO,0.95,mdm_batch,2024-01-15
700000236,P0001395,NINO,0.95,mdm_batch,2024-01-15
700000306,P0001397,NINO,0.95,mdm_batch,2024-01-15
700000126,P0001399,NINO,0.95,mdm_batch,2024-01-15
700000462,P0001401,NINO,0.95,mdm_batch,2024-01-15
700000160,P0001402,NINO,0.95,mdm_batch,2024-01-15
700000468,P0001403,NINO,0.95,mdm_batch,2024-01-15
700000204,P0001405,NINO,0.95,mdm_batch,2024-01-15
700000456,P0001408,NINO,0.95,mdm_batch,2024-01-15
700000272,P0001409,NINO,0.95,mdm_batch,2024-01-15
700000136,P0001410,NINO,0.95,mdm_batch,2024-01-15
700000490,P0001412,NINO,0.95,mdm_batch,2024-01-15
700000058,P0001418,NINO,0.95,mdm_batch,2024-01-15
700000385,P0001423,NINO,0.95,mdm_batch,2024-01-15
700000154,P0001425,NINO,0.95,mdm_batch,2024-01-15
700000498,P0001426,NINO,0.95,mdm_batch,2024-01-15
700000278,P0001427,NINO,0.95,mdm_batch,2024-01-15
700000491,P0001431,NINO,0.95,mdm_batch,2024-01-15
700000458,P0001432,NINO,0.95,mdm_batch,2024-01-15
700000397,P0001433,NINO,0.95,mdm_batch,2024-01-15
700000398,P0001436,NINO,0.95,mdm_batch,2024-01-15
700000178,P0001438,NINO,0.95,mdm_batch,2024-01-15
700000434,P0001440,NINO,0.95,mdm_batch,2024-01-15
700000245,P0001443,NINO,0.95,mdm_batch,2024-01-15
700000097,P0001445,NINO,0.95,mdm_batch,2024-01-15
700000278,P0001447,NINO,0.95,mdm_batch,2024-01-15
700000360,P0001449,NINO,0.95,mdm_batch,2024-01-15
700000004,P0001450,NINO,0.95,mdm_batch,2024-01-15
700000430,P0001452,NINO,0.95,mdm_batch,2024-01-15
700000262,P0001455,NINO,0.95,mdm_batch,2024-01-15
700000413,P0001457,NINO,0.95,mdm_batch,2024-01-15
700000358,P0001460,NINO,0.95,mdm_batch,2024-01-15
700000195,P0001461,NINO,0.95,mdm_batch,2024-01-15
700000121,P0001463,NINO,0.95,mdm_batch,2024-01-15
700000469,P0001464,NINO,0.95,mdm_batch,2024-01-15
700000203,P0001465,NINO,0.95,mdm_batch,2024-01-15
700000309,P0001466,NINO,0.95,mdm_batch,2024-01-15
700000218,P0001467,NINO,0.95,mdm_batch,2024-01-15
700000307,P0001471,NINO,0.95,mdm_batch,2024-01-15
700000219,P0001475,NINO,0.95,mdm_batch,2024-01-15
700000070,P0001476,NINO,0.95,mdm_batch,2024-01-15
700000464,P0001478,NINO,0.95,mdm_batch,2024-01-15
700000466,P0001479,NINO,0.95,mdm_batch,2024-01-15
700000045,P0001480,NINO,0.95,mdm_batch,2024-01-15
700000153,P0001482,NINO,0.95,mdm_batch,2024-01-15
700000209,P0001483,NINO,0.95,mdm_batch,2024-01-15
700000128,P0001485,NINO,0.95,mdm_batch,2024-01-15
700000159,P0001488,NINO,0.95,mdm_batch,2024-01-15
700000116,P0001492,NINO,0.95,mdm_batch,2024-01-15
700000402,P0001496,NINO,0.95,mdm_batch,2024-01-15
700000322,P0001497,NINO,0.95,mdm_batch,2024-01-15
700000316,P0001498,NINO,0.95,mdm_batch,2024-01-15
700000080,P0001499,NINO,0.95,mdm_batch,2024-01-15
700000442,P0001501,NINO,0.95,mdm_batch,2024-01-15
700000434,P0001506,NINO,0.95,mdm_batch,2024-01-15
700000206,P0001509,NINO,0.95,mdm_batch,2024-01-15
700000389,P0001512,NINO,0.95,mdm_batch,2024-01-15
700000096,P0001513,NINO,0.95,mdm_batch,2024-01-15
700000298,P0001514,NINO,0.95,mdm_batch,2024-01-15
700000199,P0001520,NINO,0.95,mdm_batch,2024-01-15
700000186,P0001522,NINO,0.95,mdm_batch,2024-01-15
700000463,P0001523,NINO,0.95,mdm_batch,2024-01-15
700000415,P0001524,NINO,0.95,mdm_batch,2024-01-15
700000410,P0001525,NINO,0.95,mdm_batch,2024-01-15
700000215,P0001527,NINO,0.95,mdm_batch,2024-01-15
700000117,P0001528,NINO,0.95,mdm_batch,2024-01-15
700000371,P0001530,NINO,0.95,mdm_batch,2024-01-15
700000207,P0001535,NINO,0.95,mdm_batch,2024-01-15
700000419,P0001536,NINO,0.95,mdm_batch,2024-01-15
700000343,P0001538,NINO,0.95,mdm_batch,2024-01-15
700000318,P0001539,NINO,0.95,mdm_batch,2024-01-15
700000206,P0001542,NINO,0.95,mdm_batch,2024-01-15
700000383,P0001543,NINO,0.95,mdm_batch,2024-01-15
700000090,P0001544,NINO,0.95,mdm_batch,2024-01-15
700000369,P0001546,NINO,0.95,mdm_batch,2024-01-15
700000347,P0001551,NINO,0.95,mdm_batch,2024-01-15
700000137,P0001552,NINO,0.95,mdm_batch,2024-01-15
700000425,P0001553,NINO,0.95,mdm_batch,2024-01-15
700000200,P0001554,NINO,0.95,mdm_batch,2024-01-15
700000421,P0001555,NINO,0.95,mdm_batch,2024-01-15
700000097,P0001556,NINO,0.95,mdm_batch,2024-01-15
700000294,P0001557,NINO,0.95,mdm_batch,2024-01-15
700000296,P0001558,NINO,0.95,mdm_batch,2024-01-15
700000305,P0001559,NINO,0.95,mdm_batch,2024-01-15
700000108,P0001565,NINO,0.95,mdm_batch,2024-01-15
700000250,P0001566,NINO,0.95,mdm_batch,2024-01-15
700000059,P0001567,NINO,0.95,mdm_batch,2024-01-15
700000313,P0001569,NINO,0.95,mdm_batch,2024-01-15
700000479,P0001571,NINO,0.95,mdm_batch,2024-01-15
700000059,P0001572,NINO,0.95,mdm_batch,2024-01-15
700000467,P0001576,NINO,0.95,mdm_batch,2024-01-15
700000076,P0001580,NINO,0.95,mdm_batch,2024-01-15
700000413,P0001586,NINO,0.95,mdm_batch,2024-01-15
700000321,P0001587,NINO,0.95,mdm_batch,2024-01-15
700000189,P0001589,NINO,0.95,mdm_batch,2024-01-15
700000457,P0001590,NINO,0.95,mdm_batch,2024-01-15
700000397,P0001591,NINO,0.95,mdm_batch,2024-01-15
700000269,P0001592,NINO,0.95,mdm_batch,2024-01-15
700000149,P0001593,NINO,0.95,mdm_batch,2024-01-15
700000217,P0001595,NINO,0.95,mdm_batch,2024-01-15
700000477,P0001596,NINO,0.95,mdm_batch,2024-01-15
700000435,P0001597,NINO,0.95,mdm_batch,2024-01-15
700000146,P0001599,NINO,0.95,mdm_batch,2024-01-15
700000459,P0001600,NINO,0.95,mdm_batch,2024-01-15
700000244,P0001604,NINO,0.95,mdm_batch,2024-01-15
700000150,P0001605,NINO,0.95,mdm_batch,2024-01-15
700000208,P0001607,NINO,0.95,mdm_batch,2024-01-15
700000292,P0001611,NINO,0.95,mdm_batch,2024-01-15
700000272,P0001612,NINO,0.95,mdm_batch,2024-01-15
700000216,P0001613,NINO,0.95,mdm_batch,2024-01-15
700000499,P0001615,NINO,0.95,mdm_batch,2024-01-15
700000422,P0001617,NINO,0.95,mdm_batch,2024-01-15
700000089,P0001618,NINO,0.95,mdm_batch,2024-01-15
700000089,P0001619,NINO,0.95,mdm_batch,2024-01-15
700000028,P0001620,NINO,0.95,mdm_batch,2024-01-15
700000056,P0001624,NINO,0.95,mdm_batch,2024-01-15
700000012,P0001626,NINO,0.95,mdm_batch,2024-01-15
700000347,P0001629,NINO,0.95,mdm_batch,2024-01-15
700000228,P0001631,NINO,0.95,mdm_batch,2024-01-15
700000464,P0001633,NINO,0.95,mdm_batch,2024-01-15
700000048,P0001634,NINO,0.95,mdm_batch,2024-01-15
700000279,P0001637,NINO,0.95,mdm_batch,2024-01-15
700000430,P0001638,NINO,0.95,mdm_batch,2024-01-15
700000139,P0001640,NINO,0.95,mdm_batch,2024-01-15
700000403,P0001647,NINO,0.95,mdm_batch,2024-01-15
700000418,P0001648,NINO,0.95,mdm_batch,2024-01-15
700000412,P0001649,NINO,0.95,mdm_batch,2024-01-15
700000142,P0001651,NINO,0.95,mdm_batch,2024-01-15
700000072,P0001653,NINO,0.95,mdm_batch,2024-01-15
700000275,P0001654,NINO,0.95,mdm_batch,2024-01-15
700000254,P0001656,NINO,0.95,mdm_batch,2024-01-15
700000480,P0001657,NINO,0.95,mdm_batch,2024-01-15
700000321,P0001659,NINO,0.95,mdm_batch,2024-01-15
700000124,P0001660,NINO,0.95,mdm_batch,2024-01-15
700000456,P0001662,NINO,0.95,mdm_batch,2024-01-15
700000361,P0001663,NINO,0.95,mdm_batch,2024-01-15
700000008,P0001665,NINO,0.95,mdm_batch,2024-01-15
700000205,P0001668,NINO,0.95,mdm_batch,2024-01-15
700000170,P0001669,NINO,0.95,mdm_batch,2024-01-15
700000446,P0001671,NINO,0.95,mdm_batch,2024-01-15
700000118,P0001672,NINO,0.95,mdm_batch,2024-01-15
700000479,P0001673,NINO,0.95,mdm_batch,2024-01-15
700000423,P0001675,NINO,0.95,mdm_batch,2024-01-15
700000101,P0001676,NINO,0.95,mdm_batch,2024-01-15
700000255,P0001679,NINO,0.95,mdm_batch,2024-01-15
700000345,P0001681,NINO,0.95,mdm_batch,2024-01-15
700000004,P0001682,NINO,0.95,mdm_batch,2024-01-15
700000209,P0001683,NINO,0.95,mdm_batch,2024-01-15
700000355,P0001686,NINO,0.95,mdm_batch,2024-01-15
700000080,P0001689,NINO,0.95,mdm_batch,2024-01-15
700000281,P0001690,NINO,0.95,mdm_batch,2024-01-15
700000392,P0001691,NINO,0.95,mdm_batch,2024-01-15
700000278,P0001693,NINO,0.95,mdm_batch,2024-01-15
700000124,P0001696,NINO,0.95,mdm_batch,2024-01-15
700000426,P0001697,NINO,0.95,mdm_batch,2024-01-15
700000326,P0001698,NINO,0.95,mdm_batch,2024-01-15
700000264,P0001699,NINO,0.95,mdm_batch,2024-01-15
700000452,P0001702,NINO,0.95,mdm_batch,2024-01-15
700000377,P0001704,NINO,0.95,mdm_batch,2024-01-15
700000274,P0001705,NINO,0.95,mdm_batch,2024-01-15
700000034,P0001706,NINO,0.95,mdm_batch,2024-01-15
700000128,P0001708,NINO,0.95,mdm_batch,2024-01-15
700000337,P0001709,NINO,0.95,mdm_batch,2024-01-15
700000336,P0001710,NINO,0.95,mdm_batch,2024-01-15
700000399,P0001712,NINO,0.95,mdm_batch,2024-01-15
700000311,P0001714,NINO,0.95,mdm_batch,2024-01-15
700000144,P0001715,NINO,0.95,mdm_batch,2024-01-15
700000265,P0001716,NINO,0.95,mdm_batch,2024-01-15
700000047,P0001717,NINO,0.95,mdm_batch,2024-01-15
700000362,P0001718,NINO,0.95,mdm_batch,2024-01-15
700000460,P0001722,NINO,0.95,mdm_batch,2024-01-15
700000167,P0001723,NINO,0.95,mdm_batch,2024-01-15
700000101,P0001724,NINO,0.95,mdm_batch,2024-01-15
700000076,P0001725,NINO,0.95,mdm_batch,2024-01-15
700000252,P0001726,NINO,0.95,mdm_batch,2024-01-15
700000254,P0001727,NINO,0.95,mdm_batch,2024-01-15
700000249,P0001729,NINO,0.95,mdm_batch,2024-01-15
700000218,P0001732,NINO,0.95,mdm_batch,2024-01-15
700000267,P0001733,NINO,0.95,mdm_batch,2024-01-15
700000423,P0001734,NINO,0.95,mdm_batch,2024-01-15
700000168,P0001735,NINO,0.95,mdm_batch,2024-01-15
700000292,P0001737,NINO,0.95,mdm_batch,2024-01-15
700000286,P0001738,NINO,0.95,mdm_batch,2024-01-15
700000125,P0001739,NINO,0.95,mdm_batch,2024-01-15
700000250,P0001740,NINO,0.95,mdm_batch,2024-01-15
700000493,P0001742,NINO,0.95,mdm_batch,2024-01-15
700000032,P0001743,NINO,0.95,mdm_batch,2024-01-15
700000199,P0001746,NINO,0.95,mdm_batch,2024-01-15
700000492,P0001748,NINO,0.95,mdm_batch,2024-01-15
700000064,P0001749,NINO,0.95,mdm_batch,2024-01-15
700000112,P0001752,NINO,0.95,mdm_batch,2024-01-15
700000392,P0001753,NINO,0.95,mdm_batch,2024-01-15
700000459,P0001754,NINO,0.95,mdm_batch,2024-01-15
700000320,P0001755,NINO,0.95,mdm_batch,2024-01-15
700000318,P0001756,NINO,0.95,mdm_batch,2024-01-15
700000075,P0001763,NINO,0.95,mdm_batch,2024-01-15
700000002,P0001765,NINO,0.95,mdm_batch,2024-01-15
700000444,P0001766,NINO,0.95,mdm_batch,2024-01-15
700000275,P0001773,NINO,0.95,mdm_batch,2024-01-15
700000493,P0001774,NINO,0.95,mdm_batch,2024-01-15
700000184,P0001776,NINO,0.95,mdm_batch,2024-01-15
700000079,P0001779,NINO,0.95,mdm_batch,2024-01-15
700000166,P0001782,NINO,0.95,mdm_batch,2024-01-15
700000141,P0001783,NINO,0.95,mdm_batch,2024-01-15
700000312,P0001788,NINO,0.95,mdm_batch,2024-01-15
700000123,P0001789,NINO,0.95,mdm_batch,2024-01-15
700000102,P0001791,NINO,0.95,mdm_batch,2024-01-15
700000071,P0001792,NINO,0.95,mdm_batch,2024-01-15
700000492,P0001796,NINO,0.95,mdm_batch,2024-01-15
700000181,P0001797,NINO,0.95,mdm_batch,2024-01-15
700000262,P0001798,NINO,0.95,mdm_batch,2024-01-15
700000018,P0001800,NINO,0.95,mdm_batch,2024-01-15
700000151,P0001802,NINO,0.95,mdm_batch,2024-01-15
700000356,P0001803,NINO,0.95,mdm_batch,2024-01-15
700000004,P0001807,NINO,0.95,mdm_batch,2024-01-15
700000122,P0001808,NINO,0.95,mdm_batch,2024-01-15
700000179,P0001809,NINO,0.95,mdm_batch,2024-01-15
700000404,P0001811,NINO,0.95,mdm_batch,2024-01-15
700000466,P0001815,NINO,0.95,mdm_batch,2024-01-15
700000057,P0001816,NINO,0.95,mdm_batch,2024-01-15
700000371,P0001817,NINO,0.95,mdm_batch,2024-01-15
700000344,P0001819,NINO,0.95,mdm_batch,2024-01-15
700000150,P0001824,NINO,0.95,mdm_batch,2024-01-15
700000081,P0001825,NINO,0.95,mdm_batch,2024-01-15
700000051,P0001828,NINO,0.95,mdm_batch,2024-01-15
700000270,P0001829,NINO,0.95,mdm_batch,2024-01-15
700000393,P0001832,NINO,0.95,mdm_batch,2024-01-15
700000211,P0001833,NINO,0.95,mdm_batch,2024-01-15
700000318,P0001841,NINO,0.95,mdm_batch,2024-01-15
700000126,P0001842,NINO,0.95,mdm_batch,2024-01-15
700000053,P0001843,NINO,0.95,mdm_batch,2024-01-15
700000258,P0001845,NINO,0.95,mdm_batch,2024-01-15
700000265,P0001846,NINO,0.95,mdm_batch,2024-01-15
700000476,P0001847,NINO,0.95,mdm_batch,2024-01-15
700000208,P0001849,NINO,0.95,mdm_batch,2024-01-15
700000149,P0001850,NINO,0.95,mdm_batch,2024-01-15
700000117,P0001852,NINO,0.95,mdm_batch,2024-01-15
700000228,P0001853,NINO,0.95,mdm_batch,2024-01-15
700000019,P0001855,NINO,0.95,mdm_batch,2024-01-15
700000346,P0001857,NINO,0.95,mdm_batch,2024-01-15
700000485,P0001864,NINO,0.95,mdm_batch,2024-01-15
700000176,P0001865,NINO,0.95,mdm_batch,2024-01-15
700000119,P0001866,NINO,0.95,mdm_batch,2024-01-15
700000104,P0001869,NINO,0.95,mdm_batch,2024-01-15
700000412,P0001871,NINO,0.95,mdm_batch,2024-01-15
700000323,P0001872,NINO,0.95,mdm_batch,2024-01-15
700000322,P0001873,NINO,0.95,mdm_batch,2024-01-15
700000290,P0001875,NINO,0.95,mdm_batch,2024-01-15
700000432,P0001876,NINO,0.95,mdm_batch,2024-01-15
700000368,P0001878,NINO,0.95,mdm_batch,2024-01-15
700000412,P0001879,NINO,0.95,mdm_batch,2024-01-15
700000170,P0001880,NINO,0.95,mdm_batch,2024-01-15
700000240,P0001883,NINO,0.95,mdm_batch,2024-01-15
700000237,P0001886,NINO,0.95,mdm_batch,2024-01-15
700000096,P0001887,NINO,0.95,mdm_batch,2024-01-15
700000207,P0001888,NINO,0.95,mdm_batch,2024-01-15
700000180,P0001889,NINO,0.95,mdm_batch,2024-01-15
700000482,P0001891,NINO,0.95,mdm_batch,2024-01-15
700000371,P0001895,NINO,0.95,mdm_batch,2024-01-15
700000459,P0001899,NINO,0.95,mdm_batch,2024-01-15
700000454,P0001900,NINO,0.95,mdm_batch,2024-01-15
700000007,P0001903,NINO,0.95,mdm_batch,2024-01-15
700000299,P0001905,NINO,0.95,mdm_batch,2024-01-15
700000166,P0001906,NINO,0.95,mdm_batch,2024-01-15
700000447,P0001908,NINO,0.95,mdm_batch,2024-01-15
700000031,P0001909,NINO,0.95,mdm_batch,2024-01-15
700000343,P0001912,NINO,0.95,mdm_batch,2024-01-15
700000165,P0001914,NINO,0.95,mdm_batch,2024-01-15
700000333,P0001915,NINO,0.95,mdm_batch,2024-01-15
700000124,P0001916,NINO,0.95,mdm_batch,2024-01-15
700000492,P0001917,NINO,0.95,mdm_batch,2024-01-15
700000175,P0001919,NINO,0.95,mdm_batch,2024-01-15
700000233,P0001920,NINO,0.95,mdm_batch,2024-01-15
700000055,P0001921,NINO,0.95,mdm_batch,2024-01-15
700000398,P0001927,NINO,0.95,mdm_batch,2024-01-15
700000371,P0001928,NINO,0.95,mdm_batch,2024-01-15
700000393,P0001929,NINO,0.95,mdm_batch,2024-01-15
700000333,P0001930,NINO,0.95,mdm_batch,2024-01-15
700000343,P0001933,NINO,0.95,mdm_batch,2024-01-15
700000134,P0001934,NINO,0.95,mdm_batch,2024-01-15
700000097,P0001938,NINO,0.95,mdm_batch,2024-01-15
700000324,P0001939,NINO,0.95,mdm_batch,2024-01-15
700000212,P0001940,NINO,0.95,mdm_batch,2024-01-15
700000451,P0001942,NINO,0.95,mdm_batch,2024-01-15
700000130,P0001943,NINO,0.95,mdm_batch,2024-01-15
700000355,P0001946,NINO,0.95,mdm_batch,2024-01-15
700000381,P0001948,NINO,0.95,mdm_batch,2024-01-15
700000203,P0001949,NINO,0.95,mdm_batch,2024-01-15
700000234,P0001951,NINO,0.95,mdm_batch,2024-01-15
700000498,P0001953,NINO,0.95,mdm_batch,2024-01-15
700000398,P0001955,NINO,0.95,mdm_batch,2024-01-15
700000493,P0001958,NINO,0.95,mdm_batch,2024-01-15
700000353,P0001960,NINO,0.95,mdm_batch,2024-01-15
700000256,P0001962,NINO,0.95,mdm_batch,2024-01-15
700000191,P0001963,NINO,0.95,mdm_batch,2024-01-15
700000012,P0001967,NINO,0.95,mdm_batch,2024-01-15
700000312,P0001969,NINO,0.95,mdm_batch,2024-01-15
700000435,P0001971,NINO,0.95,mdm_batch,2024-01-15
700000067,P0001976,NINO,0.95,mdm_batch,2024-01-15
700000172,P0001980,NINO,0.95,mdm_batch,2024-01-15
700000348,P0001981,NINO,0.95,mdm_batch,2024-01-15
700000048,P0001983,NINO,0.95,mdm_batch,2024-01-15
700000071,P0001984,NINO,0.95,mdm_batch,2024-01-15
700000326,P0001985,NINO,0.95,mdm_batch,2024-01-15
700000265,P0001987,NINO,0.95,mdm_batch,2024-01-15
700000236,P0001988,NINO,0.95,mdm_batch,2024-01-15
700000186,P0001989,NINO,0.95,mdm_batch,2024-01-15
700000109,P0001991,NINO,0.95,mdm_batch,2024-01-15
700000348,P0001993,NINO,0.95,mdm_batch,2024-01-15
700000165,P0001995,NINO,0.95,mdm_batch,2024-01-15
700000037,P0002002,NINO,0.95,mdm_batch,2024-01-15
700000022,P0002004,NINO,0.95,mdm_batch,2024-01-15
700000413,P0002005,NINO,0.95,mdm_batch,2024-01-15
700000106,P0002006,NINO,0.95,mdm_batch,2024-01-15
700000479,P0002007,NINO,0.95,mdm_batch,2024-01-15
700000021,P0002008,NINO,0.95,mdm_batch,2024-01-15
700000255,P0002009,NINO,0.95,mdm_batch,2024-01-15
700000342,P0002010,NINO,0.95,mdm_batch,2024-01-15
700000098,P0002015,NINO,0.95,mdm_batch,2024-01-15
700000265,P0002017,NINO,0.95,mdm_batch,2024-01-15
700000434,P0002018,NINO,0.95,mdm_batch,2024-01-15
700000015,P0002020,NINO,0.95,mdm_batch,2024-01-15
700000490,P0002021,NINO,0.95,mdm_batch,2024-01-15
700000153,P0002022,NINO,0.95,mdm_batch,2024-01-15
700000198,P0002023,NINO,0.95,mdm_batch,2024-01-15
700000486,P0002024,NINO,0.95,mdm_batch,2024-01-15
700000359,P0002025,NINO,0.95,mdm_batch,2024-01-15
700000466,P0002027,NINO,0.95,mdm_batch,2024-01-15
700000044,P0002030,NINO,0.95,mdm_batch,2024-01-15
700000293,P0002033,NINO,0.95,mdm_batch,2024-01-15
700000127,P0002034,NINO,0.95,mdm_batch,2024-01-15
700000312,P0002035,NINO,0.95,mdm_batch,2024-01-15
700000225,P0002037,NINO,0.95,mdm_batch,2024-01-15
700000251,P0002040,NINO,0.95,mdm_batch,2024-01-15
700000434,P0002046,NINO,0.95,mdm_batch,2024-01-15
700000289,P0002047,NINO,0.95,mdm_batch,2024-01-15
700000315,P0002049,NINO,0.95,mdm_batch,2024-01-15
700000085,P0002051,NINO,0.95,mdm_batch,2024-01-15
700000221,P0002054,NINO,0.95,mdm_batch,2024-01-15
700000142,P0002056,NINO,0.95,mdm_batch,2024-01-15
700000437,P0002057,NINO,0.95,mdm_batch,2024-01-15
700000013,P0002062,NINO,0.95,mdm_batch,2024-01-15
700000410,P0002066,NINO,0.95,mdm_batch,2024-01-15
700000101,P0002068,NINO,0.95,mdm_batch,2024-01-15
700000332,P0002070,NINO,0.95,mdm_batch,2024-01-15
700000362,P0002072,NINO,0.95,mdm_batch,2024-01-15
700000471,P0002073,NINO,0.95,mdm_batch,2024-01-15
700000297,P0002074,NINO,0.95,mdm_batch,2024-01-15
700000323,P0002080,NINO,0.95,mdm_batch,2024-01-15
700000290,P0002082,NINO,0.95,mdm_batch,2024-01-15
700000340,P0002087,NINO,0.95,mdm_batch,2024-01-15
700000267,P0002089,NINO,0.95,mdm_batch,2024-01-15
700000033,P0002091,NINO,0.95,mdm_batch,2024-01-15
700000160,P0002093,NINO,0.95,mdm_batch,2024-01-15
700000216,P0002095,NINO,0.95,mdm_batch,2024-01-15
700000351,P0002097,NINO,0.95,mdm_batch,2024-01-15
700000194,P0002098,NINO,0.95,mdm_batch,2024-01-15
700000486,P0002100,NINO,0.95,mdm_batch,2024-01-15
700000362,P0002101,NINO,0.95,mdm_batch,2024-01-15
700000208,P0002105,NINO,0.95,mdm_batch,2024-01-15
700000325,P0002107,NINO,0.95,mdm_batch,2024-01-15
700000396,P0002109,NINO,0.95,mdm_batch,2024-01-15
700000195,P0002112,NINO,0.95,mdm_batch,2024-01-15
700000095,P0002113,NINO,0.95,mdm_batch,2024-01-15
700000274,P0002116,NINO,0.95,mdm_batch,2024-01-15
700000337,P0002117,NINO,0.95,mdm_batch,2024-01-15
700000142,P0002120,NINO,0.95,mdm_batch,2024-01-15
700000091,P0002121,NINO,0.95,mdm_batch,2024-01-15
700000251,P0002123,NINO,0.95,mdm_batch,2024-01-15
700000189,P0002124,NINO,0.95,mdm_batch,2024-01-15
700000197,P0002127,NINO,0.95,mdm_batch,2024-01-15
700000237,P0002128,NINO,0.95,mdm_batch,2024-01-15
700000206,P0002129,NINO,0.95,mdm_batch,2024-01-15
700000453,P0002134,NINO,0.95,mdm_batch,2024-01-15
700000160,P0002136,NINO,0.95,mdm_batch,2024-01-15
700000383,P0002140,NINO,0.95,mdm_batch,2024-01-15
700000453,P0002144,NINO,0.95,mdm_batch,2024-01-15
700000021,P0002149,NINO,0.95,mdm_batch,2024-01-15
700000274,P0002150,NINO,0.95,mdm_batch,2024-01-15
700000298,P0002151,NINO,0.95,mdm_batch,2024-01-15
700000347,P0002153,NINO,0.95,mdm_batch,2024-01-15
700000224,P0002154,NINO,0.95,mdm_batch,2024-01-15
700000359,P0002156,NINO,0.95,mdm_batch,2024-01-15
700000497,P0002160,NINO,0.95,mdm_batch,2024-01-15
700000144,P0002161,NINO,0.95,mdm_batch,2024-01-15
700000484,P0002162,NINO,0.95,mdm_batch,2024-01-15
700000076,P0002164,NINO,0.95,mdm_batch,2024-01-15
700000301,P0002165,NINO,0.95,mdm_batch,2024-01-15
700000251,P0002166,NINO,0.95,mdm_batch,2024-01-15
700000202,P0002167,NINO,0.95,mdm_batch,2024-01-15
700000006,P0002169,NINO,0.95,mdm_batch,2024-01-15
700000420,P0002170,NINO,0.95,mdm_batch,2024-01-15
700000429,P0002171,NINO,0.95,mdm_batch,2024-01-15
700000069,P0002172,NINO,0.95,mdm_batch,2024-01-15
700000214,P0002174,NINO,0.95,mdm_batch,2024-01-15
700000076,P0002175,NINO,0.95,mdm_batch,2024-01-15
700000324,P0002176,NINO,0.95,mdm_batch,2024-01-15
700000214,P0002177,NINO,0.95,mdm_batch,2024-01-15
700000104,P0002178,NINO,0.95,mdm_batch,2024-01-15
700000462,P0002179,NINO,0.95,mdm_batch,2024-01-15
700000087,P0002181,NINO,0.95,mdm_batch,2024-01-15
700000238,P0002182,NINO,0.95,mdm_batch,2024-01-15
700000320,P0002184,NINO,0.95,mdm_batch,2024-01-15
700000084,P0002185,NINO,0.95,mdm_batch,2024-01-15
700000389,P0002187,NINO,0.95,mdm_batch,2024-01-15
700000430,P0002188,NINO,0.95,mdm_batch,2024-01-15
700000453,P0002189,NINO,0.95,mdm_batch,2024-01-15
700000283,P0002192,NINO,0.95,mdm_batch,2024-01-15
700000418,P0002194,NINO,0.95,mdm_batch,2024-01-15
700000273,P0002195,NINO,0.95,mdm_batch,2024-01-15
700000332,P0002196,NINO,0.95,mdm_batch,2024-01-15
700000203,P0002197,NINO,0.95,mdm_batch,2024-01-15
700000340,P0002198,NINO,0.95,mdm_batch,2024-01-15
700000061,P0002199,NINO,0.95,mdm_batch,2024-01-15
700000184,P0002200,NINO,0.95,mdm_batch,2024-01-15
700000309,P0002201,NINO,0.95,mdm_batch,2024-01-15
700000047,P0002203,NINO,0.95,mdm_batch,2024-01-15
700000493,P0002204,NINO,0.95,mdm_batch,2024-01-15
700000313,P0002205,NINO,0.95,mdm_batch,2024-01-15
700000312,P0002208,NINO,0.95,mdm_batch,2024-01-15
700000206,P0002209,NINO,0.95,mdm_batch,2024-01-15
700000298,P0002211,NINO,0.95,mdm_batch,2024-01-15
700000436,P0002215,NINO,0.95,mdm_batch,2024-01-15
700000279,P0002216,NINO,0.95,mdm_batch,2024-01-15
700000375,P0002218,NINO,0.95,mdm_batch,2024-01-15
700000408,P0002222,NINO,0.95,mdm_batch,2024-01-15
700000051,P0002225,NINO,0.95,mdm_batch,2024-01-15
700000290,P0002227,NINO,0.95,mdm_batch,2024-01-15
700000166,P0002232,NINO,0.95,mdm_batch,2024-01-15
700000474,P0002235,NINO,0.95,mdm_batch,2024-01-15
700000402,P0002237,NINO,0.95,mdm_batch,2024-01-15
700000117,P0002240,NINO,0.95,mdm_batch,2024-01-15
700000128,P0002244,NINO,0.95,mdm_batch,2024-01-15
700000441,P0002245,NINO,0.95,mdm_batch,2024-01-15
700000498,P0002246,NINO,0.95,mdm_batch,2024-01-15
700000206,P0002247,NINO,0.95,mdm_batch,2024-01-15
700000261,P0002249,NINO,0.95,mdm_batch,2024-01-15
700000492,P0002251,NINO,0.95,mdm_batch,2024-01-15
700000174,P0002253,NINO,0.95,mdm_batch,2024-01-15
700000267,P0002254,NINO,0.95,mdm_batch,2024-01-15
700000444,P0002256,NINO,0.95,mdm_batch,2024-01-15
700000218,P0002257,NINO,0.95,mdm_batch,2024-01-15
700000476,P0002258,NINO,0.95,mdm_batch,2024-01-15
700000227,P0002260,NINO,0.95,mdm_batch,2024-01-15
700000177,P0002261,NINO,0.95,mdm_batch,2024-01-15
700000302,P0002263,NINO,0.95,mdm_batch,2024-01-15
700000347,P0002269,NINO,0.95,mdm_batch,2024-01-15
700000293,P0002270,NINO,0.95,mdm_batch,2024-01-15
700000046,P0002273,NINO,0.95,mdm_batch,2024-01-15
700000113,P0002274,NINO,0.95,mdm_batch,2024-01-15
700000105,P0002275,NINO,0.95,mdm_batch,2024-01-15
700000163,P0002283,NINO,0.95,mdm_batch,2024-01-15
700000117,P0002285,NINO,0.95,mdm_batch,2024-01-15
700000428,P0002289,NINO,0.95,mdm_batch,2024-01-15
700000402,P0002290,NINO,0.95,mdm_batch,2024-01-15
700000082,P0002291,NINO,0.95,mdm_batch,2024-01-15
700000377,P0002292,NINO,0.95,mdm_batch,2024-01-15
700000124,P0002296,NINO,0.95,mdm_batch,2024-01-15
700000228,P0002299,NINO,0.95,mdm_batch,2024-01-15
700000259,P0002300,NINO,0.95,mdm_batch,2024-01-15
700000200,P0002301,NINO,0.95,mdm_batch,2024-01-15
700000226,P0002302,NINO,0.95,mdm_batch,2024-01-15
700000455,P0002304,NINO,0.95,mdm_batch,2024-01-15
700000181,P0002307,NINO,0.95,mdm_batch,2024-01-15
700000321,P0002309,NINO,0.95,mdm_batch,2024-01-15
700000337,P0002310,NINO,0.95,mdm_batch,2024-01-15
700000154,P0002313,NINO,0.95,mdm_batch,2024-01-15
700000456,P0002315,NINO,0.95,mdm_batch,2024-01-15
700000449,P0002317,NINO,0.95,mdm_batch,2024-01-15
700000301,P0002320,NINO,0.95,mdm_batch,2024-01-15
700000251,P0002321,NINO,0.95,mdm_batch,2024-01-15
700000423,P0002323,NINO,0.95,mdm_batch,2024-01-15
700000291,P0002324,NINO,0.95,mdm_batch,2024-01-15
700000487,P0002325,NINO,0.95,mdm_batch,2024-01-15
700000039,P0002328,NINO,0.95,mdm_batch,2024-01-15
700000224,P0002329,NINO,0.95,mdm_batch,2024-01-15
700000021,P0002330,NINO,0.95,mdm_batch,2024-01-15
700000159,P0002333,NINO,0.95,mdm_batch,2024-01-15
700000148,P0002336,NINO,0.95,mdm_batch,2024-01-15
700000413,P0002338,NINO,0.95,mdm_batch,2024-01-15
700000002,P0002345,NINO,0.95,mdm_batch,2024-01-15
700000410,P0002346,NINO,0.95,mdm_batch,2024-01-15
700000115,P0002348,NINO,0.95,mdm_batch,2024-01-15
700000049,P0002351,NINO,0.95,mdm_batch,2024-01-15
700000063,P0002355,NINO,0.95,mdm_batch,2024-01-15
700000257,P0002360,NINO,0.95,mdm_batch,2024-01-15
700000117,P0002361,NINO,0.95,mdm_batch,2024-01-15
700000497,P0002363,NINO,0.95,mdm_batch,2024-01-15
700000223,P0002364,NINO,0.95,mdm_batch,2024-01-15
700000075,P0002365,NINO,0.95,mdm_batch,2024-01-15
700000430,P0002367,NINO,0.95,mdm_batch,2024-01-15
700000073,P0002376,NINO,0.95,mdm_batch,2024-01-15
700000124,P0002378,NINO,0.95,mdm_batch,2024-01-15
700000042,P0002381,NINO,0.95,mdm_batch,2024-01-15
700000306,P0002383,NINO,0.95,mdm_batch,2024-01-15
700000227,P0002385,NINO,0.95,mdm_batch,2024-01-15
700000442,P0002388,NINO,0.95,mdm_batch,2024-01-15
700000365,P0002390,NINO,0.95,mdm_batch,2024-01-15
700000094,P0002391,NINO,0.95,mdm_batch,2024-01-15
700000137,P0002393,NINO,0.95,mdm_batch,2024-01-15
700000181,P0002394,NINO,0.95,mdm_batch,2024-01-15
700000164,P0002395,NINO,0.95,mdm_batch,2024-01-15
700000053,P0002400,NINO,0.95,mdm_batch,2024-01-15
700000363,P0002402,NINO,0.95,mdm_batch,2024-01-15
700000285,P0002403,NINO,0.95,mdm_batch,2024-01-15
700000339,P0002405,NINO,0.95,mdm_batch,2024-01-15
700000493,P0002410,NINO,0.95,mdm_batch,2024-01-15
700000052,P0002414,NINO,0.95,mdm_batch,2024-01-15
700000268,P0002415,NINO,0.95,mdm_batch,2024-01-15
700000068,P0002419,NINO,0.95,mdm_batch,2024-01-15
700000346,P0002420,NINO,0.95,mdm_batch,2024-01-15
700000388,P0002421,NINO,0.95,mdm_batch,2024-01-15
700000349,P0002422,NINO,0.95,mdm_batch,2024-01-15
700000436,P0002423,NINO,0.95,mdm_batch,2024-01-15
700000436,P0002424,NINO,0.95,mdm_batch,2024-01-15
700000013,P0002428,NINO,0.95,mdm_batch,2024-01-15
700000028,P0002431,NINO,0.95,mdm_batch,2024-01-15
700000080,P0002432,NINO,0.95,mdm_batch,2024-01-15
700000058,P0002433,NINO,0.95,mdm_batch,2024-01-15
700000069,P0002434,NINO,0.95,mdm_batch,2024-01-15
700000294,P0002436,NINO,0.95,mdm_batch,2024-01-15
700000180,P0002437,NINO,0.95,mdm_batch,2024-01-15
700000138,P0002439,NINO,0.95,mdm_batch,2024-01-15
700000394,P0002446,NINO,0.95,mdm_batch,2024-01-15
700000445,P0002448,NINO,0.95,mdm_batch,2024-01-15
700000433,P0002449,NINO,0.95,mdm_batch,2024-01-15
700000156,P0002450,NINO,0.95,mdm_batch,2024-01-15
700000323,P0002451,NINO,0.95,mdm_batch,2024-01-15
700000122,P0002452,NINO,0.95,mdm_batch,2024-01-15
700000212,P0002455,NINO,0.95,mdm_batch,2024-01-15
700000278,P0002458,NINO,0.95,mdm_batch,2024-01-15
700000099,P0002460,NINO,0.95,mdm_batch,2024-01-15
700000071,P0002462,NINO,0.95,mdm_batch,2024-01-15
700000044,P0002465,NINO,0.95,mdm_batch,2024-01-15
700000314,P0002467,NINO,0.95,mdm_batch,2024-01-15
700000172,P0002469,NINO,0.95,mdm_batch,2024-01-15
700000107,P0002474,NINO,0.95,mdm_batch,2024-01-15
700000062,P0002475,NINO,0.95,mdm_batch,2024-01-15
700000189,P0002479,NINO,0.95,mdm_batch,2024-01-15
700000066,P0002480,NINO,0.95,mdm_batch,2024-01-15
700000093,P0002483,NINO,0.95,mdm_batch,2024-01-15
700000457,P0002484,NINO,0.95,mdm_batch,2024-01-15
700000450,P0002485,NINO,0.95,mdm_batch,2024-01-15
700000180,P0002486,NINO,0.95,mdm_batch,2024-01-15
700000183,P0002488,NINO,0.95,mdm_batch,2024-01-15
700000300,P0002491,NINO,0.95,mdm_batch,2024-01-15
700000152,P0002493,NINO,0.95,mdm_batch,2024-01-15
700000263,P0002497,NINO,0.95,mdm_batch,2024-01-15
700000447,P0002498,NINO,0.95,mdm_batch,2024-01-15
700000430,P0002499,NINO,0.95,mdm_batch,2024-01-15
700000330,P0002504,NINO,0.95,mdm_batch,2024-01-15
700000413,P0002510,NINO,0.95,mdm_batch,2024-01-15
700000354,P0002511,NINO,0.95,mdm_batch,2024-01-15
700000288,P0002512,NINO,0.95,mdm_batch,2024-01-15
700000085,P0002513,NINO,0.95,mdm_batch,2024-01-15
700000282,P0002515,NINO,0.95,mdm_batch,2024-01-15
700000015,P0002516,NINO,0.95,mdm_batch,2024-01-15
700000430,P0002520,NINO,0.95,mdm_batch,2024-01-15
700000491,P0002521,NINO,0.95,mdm_batch,2024-01-15
700000332,P0002522,NINO,0.95,mdm_batch,2024-01-15
700000272,P0002527,NINO,0.95,mdm_batch,2024-01-15
700000397,P0002529,NINO,0.95,mdm_batch,2024-01-15
700000154,P0002530,NINO,0.95,mdm_batch,2024-01-15
700000179,P0002532,NINO,0.95,mdm_batch,2024-01-15
700000175,P0002533,NINO,0.95,mdm_batch,2024-01-15
700000028,P0002536,NINO,0.95,mdm_batch,2024-01-15
700000003,P0002537,NINO,0.95,mdm_batch,2024-01-15
700000490,P0002539,NINO,0.95,mdm_batch,2024-01-15
700000132,P0002542,NINO,0.95,mdm_batch,2024-01-15
700000391,P0002544,NINO,0.95,mdm_batch,2024-01-15
700000148,P0002545,NINO,0.95,mdm_batch,2024-01-15
700000366,P0002547,NINO,0.95,mdm_batch,2024-01-15
700000197,P0002548,NINO,0.95,mdm_batch,2024-01-15
700000335,P0002550,NINO,0.95,mdm_batch,2024-01-15
700000122,P0002552,NINO,0.95,mdm_batch,2024-01-15
700000149,P0002554,NINO,0.95,mdm_batch,2024-01-15
700000049,P0002556,NINO,0.95,mdm_batch,2024-01-15
700000106,P0002557,NINO,0.95,mdm_batch,2024-01-15
700000432,P0002558,NINO,0.95,mdm_batch,2024-01-15
700000372,P0002559,NINO,0.95,mdm_batch,2024-01-15
700000066,P0002563,NINO,0.95,mdm_batch,2024-01-15
700000129,P0002564,NINO,0.95,mdm_batch,2024-01-15
700000023,P0002565,NINO,0.95,mdm_batch,2024-01-15
700000008,P0002567,NINO,0.95,mdm_batch,2024-01-15
700000329,P0002569,NINO,0.95,mdm_batch,2024-01-15
700000239,P0002570,NINO,0.95,mdm_batch,2024-01-15
700000272,P0002574,NINO,0.95,mdm_batch,2024-01-15
700000266,P0002577,NINO,0.95,mdm_batch,2024-01-15
700000177,P0002578,NINO,0.95,mdm_batch,2024-01-15
700000212,P0002581,NINO,0.95,mdm_batch,2024-01-15
700000497,P0002583,NINO,0.95,mdm_batch,2024-01-15
700000031,P0002584,NINO,0.95,mdm_batch,2024-01-15
700000148,P0002585,NINO,0.95,mdm_batch,2024-01-15
700000165,P0002588,NINO,0.95,mdm_batch,2024-01-15
700000022,P0002590,NINO,0.95,mdm_batch,2024-01-15
700000488,P0002591,NINO,0.95,mdm_batch,2024-01-15
700000402,P0002593,NINO,0.95,mdm_batch,2024-01-15
700000459,P0002594,NINO,0.95,mdm_batch,2024-01-15
700000334,P0002595,NINO,0.95,mdm_batch,2024-01-15
700000322,P0002596,NINO,0.95,mdm_batch,2024-01-15
700000217,P0002604,NINO,0.95,mdm_batch,2024-01-15
700000181,P0002605,NINO,0.95,mdm_batch,2024-01-15
700000216,P0002606,NINO,0.95,mdm_batch,2024-01-15
700000074,P0002608,NINO,0.95,mdm_batch,2024-01-15
700000429,P0002613,NINO,0.95,mdm_batch,2024-01-15
700000418,P0002614,NINO,0.95,mdm_batch,2024-01-15
700000494,P0002616,NINO,0.95,mdm_batch,2024-01-15
700000400,P0002619,NINO,0.95,mdm_batch,2024-01-15
700000227,P0002622,NINO,0.95,mdm_batch,2024-01-15
700000354,P0002625,NINO,0.95,mdm_batch,2024-01-15
700000114,P0002626,NINO,0.95,mdm_batch,2024-01-15
700000472,P0002628,NINO,0.95,mdm_batch,2024-01-15
700000063,P0002629,NINO,0.95,mdm_batch,2024-01-15
700000426,P0002631,NINO,0.95,mdm_batch,2024-01-15
700000341,P0002632,NINO,0.95,mdm_batch,2024-01-15
700000226,P0002634,NINO,0.95,mdm_batch,2024-01-15
700000211,P0002637,NINO,0.95,mdm_batch,2024-01-15
700000198,P0002640,NINO,0.95,mdm_batch,2024-01-15
700000379,P0002641,NINO,0.95,mdm_batch,2024-01-15
700000470,P0002642,NINO,0.95,mdm_batch,2024-01-15
700000116,P0002646,NINO,0.95,mdm_batch,2024-01-15
700000065,P0002651,NINO,0.95,mdm_batch,2024-01-15
700000323,P0002653,NINO,0.95,mdm_batch,2024-01-15
700000247,P0002654,NINO,0.95,mdm_batch,2024-01-15
700000114,P0002662,NINO,0.95,mdm_batch,2024-01-15
700000148,P0002663,NINO,0.95,mdm_batch,2024-01-15
700000480,P0002666,NINO,0.95,mdm_batch,2024-01-15
700000024,P0002667,NINO,0.95,mdm_batch,2024-01-15
700000438,P0002668,NINO,0.95,mdm_batch,2024-01-15
700000099,P0002669,NINO,0.95,mdm_batch,2024-01-15
700000362,P0002670,NINO,0.95,mdm_batch,2024-01-15
700000065,P0002672,NINO,0.95,mdm_batch,2024-01-15
700000123,P0002677,NINO,0.95,mdm_batch,2024-01-15
700000087,P0002683,NINO,0.95,mdm_batch,2024-01-15
700000216,P0002687,NINO,0.95,mdm_batch,2024-01-15
700000379,P0002688,NINO,0.95,mdm_batch,2024-01-15
700000111,P0002689,NINO,0.95,mdm_batch,2024-01-15
700000088,P0002691,NINO,0.95,mdm_batch,2024-01-15
700000129,P0002693,NINO,0.95,mdm_batch,2024-01-15
700000428,P0002699,NINO,0.95,mdm_batch,2024-01-15
700000327,P0002701,NINO,0.95,mdm_batch,2024-01-15
700000071,P0002704,NINO,0.95,mdm_batch,2024-01-15
700000146,P0002705,NINO,0.95,mdm_batch,2024-01-15
700000052,P0002706,NINO,0.95,mdm_batch,2024-01-15
700000347,P0002708,NINO,0.95,mdm_batch,2024-01-15
700000472,P0002709,NINO,0.95,mdm_batch,2024-01-15
700000313,P0002710,NINO,0.95,mdm_batch,2024-01-15
700000423,P0002713,NINO,0.95,mdm_batch,2024-01-15
700000021,P0002714,NINO,0.95,mdm_batch,2024-01-15
700000483,P0002717,NINO,0.95,mdm_batch,2024-01-15
700000114,P0002718,NINO,0.95,mdm_batch,2024-01-15
700000070,P0002722,NINO,0.95,mdm_batch,2024-01-15
700000413,P0002724,NINO,0.95,mdm_batch,2024-01-15
700000430,P0002726,NINO,0.95,mdm_batch,2024-01-15
700000056,P0002727,NINO,0.95,mdm_batch,2024-01-15
700000023,P0002728,NINO,0.95,mdm_batch,2024-01-15
700000143,P0002729,NINO,0.95,mdm_batch,2024-01-15
700000014,P0002737,NINO,0.95,mdm_batch,2024-01-15
700000289,P0002739,NINO,0.95,mdm_batch,2024-01-15
700000192,P0002740,NINO,0.95,mdm_batch,2024-01-15
700000314,P0002741,NINO,0.95,mdm_batch,2024-01-15
700000469,P0002742,NINO,0.95,mdm_batch,2024-01-15
700000443,P0002745,NINO,0.95,mdm_batch,2024-01-15
700000316,P0002749,NINO,0.95,mdm_batch,2024-01-15
700000339,P0002750,NINO,0.95,mdm_batch,2024-01-15
700000344,P0002753,NINO,0.95,mdm_batch,2024-01-15
700000118,P0002756,NINO,0.95,mdm_batch,2024-01-15
700000226,P0002757,NINO,0.95,mdm_batch,2024-01-15
700000379,P0002759,NINO,0.95,mdm_batch,2024-01-15
700000483,P0002761,NINO,0.95,mdm_batch,2024-01-15
700000492,P0002762,NINO,0.95,mdm_batch,2024-01-15
700000240,P0002763,NINO,0.95,mdm_batch,2024-01-15
700000295,P0002765,NINO,0.95,mdm_batch,2024-01-15
700000195,P0002766,NINO,0.95,mdm_batch,2024-01-15
700000003,P0002767,NINO,0.95,mdm_batch,2024-01-15
700000497,P0002768,NINO,0.95,mdm_batch,2024-01-15
700000160,P0002769,NINO,0.95,mdm_batch,2024-01-15
700000144,P0002771,NINO,0.95,mdm_batch,2024-01-15
700000364,P0002772,NINO,0.95,mdm_batch,2024-01-15
700000164,P0002773,NINO,0.95,mdm_batch,2024-01-15
700000097,P0002774,NINO,0.95,mdm_batch,2024-01-15
700000279,P0002777,NINO,0.95,mdm_batch,2024-01-15
700000446,P0002779,NINO,0.95,mdm_batch,2024-01-15
700000241,P0002782,NINO,0.95,mdm_batch,2024-01-15
700000498,P0002784,NINO,0.95,mdm_batch,2024-01-15
700000288,P0002785,NINO,0.95,mdm_batch,2024-01-15
700000056,P0002787,NINO,0.95,mdm_batch,2024-01-15
700000438,P0002790,NINO,0.95,mdm_batch,2024-01-15
700000356,P0002793,NINO,0.95,mdm_batch,2024-01-15
700000346,P0002794,NINO,0.95,mdm_batch,2024-01-15
700000195,P0002797,NINO,0.95,mdm_batch,2024-01-15
700000126,P0002802,NINO,0.95,mdm_batch,2024-01-15
700000147,P0002806,NINO,0.95,mdm_batch,2024-01-15
700000210,P0002807,NINO,0.95,mdm_batch,2024-01-15
700000104,P0002808,NINO,0.95,mdm_batch,2024-01-15
700000181,P0002809,NINO,0.95,mdm_batch,2024-01-15
700000255,P0002813,NINO,0.95,mdm_batch,2024-01-15
700000077,P0002815,NINO,0.95,mdm_batch,2024-01-15
700000311,P0002818,NINO,0.95,mdm_batch,2024-01-15
700000104,P0002823,NINO,0.95,mdm_batch,2024-01-15
700000204,P0002824,NINO,0.95,mdm_batch,2024-01-15
700000043,P0002825,NINO,0.95,mdm_batch,2024-01-15
700000045,P0002829,NINO,0.95,mdm_batch,2024-01-15
700000068,P0002830,NINO,0.95,mdm_batch,2024-01-15
700000016,P0002831,NINO,0.95,mdm_batch,2024-01-15
700000148,P0002834,NINO,0.95,mdm_batch,2024-01-15
700000221,P0002835,NINO,0.95,mdm_batch,2024-01-15
700000125,P0002836,NINO,0.95,mdm_batch,2024-01-15
700000483,P0002837,NINO,0.95,mdm_batch,2024-01-15
700000312,P0002842,NINO,0.95,mdm_batch,2024-01-15
700000365,P0002846,NINO,0.95,mdm_batch,2024-01-15
700000015,P0002849,NINO,0.95,mdm_batch,2024-01-15
700000379,P0002856,NINO,0.95,mdm_batch,2024-01-15
700000261,P0002857,NINO,0.95,mdm_batch,2024-01-15
700000134,P0002859,NINO,0.95,mdm_batch,2024-01-15
700000017,P0002860,NINO,0.95,mdm_batch,2024-01-15
700000461,P0002861,NINO,0.95,mdm_batch,2024-01-15
700000137,P0002863,NINO,0.95,mdm_batch,2024-01-15
700000486,P0002869,NINO,0.95,mdm_batch,2024-01-15
700000096,P0002870,NINO,0.95,mdm_batch,2024-01-15
700000058,P0002871,NINO,0.95,mdm_batch,2024-01-15
700000193,P0002872,NINO,0.95,mdm_batch,2024-01-15
700000131,P0002873,NINO,0.95,mdm_batch,2024-01-15
700000305,P0002875,NINO,0.95,mdm_batch,2024-01-15
700000006,P0002877,NINO,0.95,mdm_batch,2024-01-15
700000018,P0002878,NINO,0.95,mdm_batch,2024-01-15
700000301,P0002880,NINO,0.95,mdm_batch,2024-01-15
700000291,P0002881,NINO,0.95,mdm_batch,2024-01-15
700000226,P0002882,NINO,0.95,mdm_batch,2024-01-15
700000487,P0002884,NINO,0.95,mdm_batch,2024-01-15
700000074,P0002885,NINO,0.95,mdm_batch,2024-01-15
700000281,P0002886,NINO,0.95,mdm_batch,2024-01-15
700000101,P0002887,NINO,0.95,mdm_batch,2024-01-15
700000035,P0002889,NINO,0.95,mdm_batch,2024-01-15
700000260,P0002890,NINO,0.95,mdm_batch,2024-01-15
700000087,P0002891,NINO,0.95,mdm_batch,2024-01-15
700000194,P0002894,NINO,0.95,mdm_batch,2024-01-15
700000235,P0002895,NINO,0.95,mdm_batch,2024-01-15
700000152,P0002901,NINO,0.95,mdm_batch,2024-01-15
700000188,P0002903,NINO,0.95,mdm_batch,2024-01-15
700000084,P0002906,NINO,0.95,mdm_batch,2024-01-15
700000183,P0002908,NINO,0.95,mdm_batch,2024-01-15
700000230,P0002915,NINO,0.95,mdm_batch,2024-01-15
700000129,P0002916,NINO,0.95,mdm_batch,2024-01-15
700000364,P0002919,NINO,0.95,mdm_batch,2024-01-15
700000005,P0002920,NINO,0.95,mdm_batch,2024-01-15
700000051,P0002921,NINO,0.95,mdm_batch,2024-01-15
700000032,P0002924,NINO,0.95,mdm_batch,2024-01-15
700000212,P0002926,NINO,0.95,mdm_batch,2024-01-15
700000034,P0002931,NINO,0.95,mdm_batch,2024-01-15
700000423,P0002933,NINO,0.95,mdm_batch,2024-01-15
700000097,P0002934,NINO,0.95,mdm_batch,2024-01-15
700000031,P0002938,NINO,0.95,mdm_batch,2024-01-15
700000125,P0002940,NINO,0.95,mdm_batch,2024-01-15
700000361,P0002941,NINO,0.95,mdm_batch,2024-01-15
700000214,P0002942,NINO,0.95,mdm_batch,2024-01-15
700000244,P0002943,NINO,0.95,mdm_batch,2024-01-15
700000272,P0002945,NINO,0.95,mdm_batch,2024-01-15
700000181,P0002946,NINO,0.95,mdm_batch,2024-01-15
700000269,P0002948,NINO,0.95,mdm_batch,2024-01-15
700000023,P0002949,NINO,0.95,mdm_batch,2024-01-15
700000042,P0002950,NINO,0.95,mdm_batch,2024-01-15
700000224,P0002951,NINO,0.95,mdm_batch,2024-01-15
700000226,P0002952,NINO,0.95,mdm_batch,2024-01-15
700000348,P0002954,NINO,0.95,mdm_batch,2024-01-15
700000240,P0002955,NINO,0.95,mdm_batch,2024-01-15
700000274,P0002956,NINO,0.95,mdm_batch,2024-01-15
700000007,P0002957,NINO,0.95,mdm_batch,2024-01-15
700000319,P0002959,NINO,0.95,mdm_batch,2024-01-15
700000080,P0002964,NINO,0.95,mdm_batch,2024-01-15
700000323,P0002966,NINO,0.95,mdm_batch,2024-01-15
700000418,P0002968,NINO,0.95,mdm_batch,2024-01-15
700000487,P0002970,NINO,0.95,mdm_batch,2024-01-15
700000001,P0002971,NINO,0.95,mdm_batch,2024-01-15
700000069,P0002976,NINO,0.95,mdm_batch,2024-01-15
700000350,P0002977,NINO,0.95,mdm_batch,2024-01-15
700000380,P0002979,NINO,0.95,mdm_batch,2024-01-15
700000021,P0002980,NINO,0.95,mdm_batch,2024-01-15
700000367,P0002983,NINO,0.95,mdm_batch,2024-01-15
700000280,P0002984,NINO,0.95,mdm_batch,2024-01-15
700000487,P0002987,NINO,0.95,mdm_batch,2024-01-15
700000087,P0002990,NINO,0.95,mdm_batch,2024-01-15
700000178,P0002994,NINO,0.95,mdm_batch,2024-01-15
700000325,P0002996,NINO,0.95,mdm_batch,2024-01-15
700000123,P0003001,NINO,0.95,mdm_batch,2024-01-15
700000027,P0003002,NINO,0.95,mdm_batch,2024-01-15
700000167,P0003004,NINO,0.95,mdm_batch,2024-01-15
700000145,P0003006,NINO,0.95,mdm_batch,2024-01-15
700000362,P0003008,NINO,0.95,mdm_batch,2024-01-15
700000174,P0003010,NINO,0.95,mdm_batch,2024-01-15
700000472,P0003015,NINO,0.95,mdm_batch,2024-01-15
700000200,P0003017,NINO,0.95,mdm_batch,2024-01-15
700000187,P0003018,NINO,0.95,mdm_batch,2024-01-15
700000191,P0003023,NINO,0.95,mdm_batch,2024-01-15
700000497,P0003024,NINO,0.95,mdm_batch,2024-01-15
700000333,P0003025,NINO,0.95,mdm_batch,2024-01-15
700000038,P0003026,NINO,0.95,mdm_batch,2024-01-15
700000019,P0003027,NINO,0.95,mdm_batch,2024-01-15
700000455,P0003031,NINO,0.95,mdm_batch,2024-01-15
700000114,P0003033,NINO,0.95,mdm_batch,2024-01-15
700000482,P0003035,NINO,0.95,mdm_batch,2024-01-15
700000356,P0003045,NINO,0.95,mdm_batch,2024-01-15
700000440,P0003048,NINO,0.95,mdm_batch,2024-01-15
700000259,P0003051,NINO,0.95,mdm_batch,2024-01-15
700000289,P0003053,NINO,0.95,mdm_batch,2024-01-15
700000238,P0003056,NINO,0.95,mdm_batch,2024-01-15
700000349,P0003061,NINO,0.95,mdm_batch,2024-01-15
700000379,P0003062,NINO,0.95,mdm_batch,2024-01-15
700000165,P0003063,NINO,0.95,mdm_batch,2024-01-15
700000113,P0003066,NINO,0.95,mdm_batch,2024-01-15
700000281,P0003069,NINO,0.95,mdm_batch,2024-01-15
700000117,P0003073,NINO,0.95,mdm_batch,2024-01-15
700000480,P0003074,NINO,0.95,mdm_batch,2024-01-15
700000292,P0003075,NINO,0.95,mdm_batch,2024-01-15
700000262,P0003078,NINO,0.95,mdm_batch,2024-01-15
700000393,P0003081,NINO,0.95,mdm_batch,2024-01-15
700000250,P0003085,NINO,0.95,mdm_batch,2024-01-15
700000188,P0003086,NINO,0.95,mdm_batch,2024-01-15
700000461,P0003090,NINO,0.95,mdm_batch,2024-01-15
700000284,P0003092,NINO,0.95,mdm_batch,2024-01-15
700000301,P0003093,NINO,0.95,mdm_batch,2024-01-15
700000105,P0003097,NINO,0.95,mdm_batch,2024-01-15
700000286,P0003099,NINO,0.95,mdm_batch,2024-01-15
700000057,P0003102,NINO,0.95,mdm_batch,2024-01-15
700000087,P0003104,NINO,0.95,mdm_batch,2024-01-15
700000309,P0003106,NINO,0.95,mdm_batch,2024-01-15
700000058,P0003108,NINO,0.95,mdm_batch,2024-01-15
700000059,P0003112,NINO,0.95,mdm_batch,2024-01-15
700000479,P0003114,NINO,0.95,mdm_batch,2024-01-15
700000186,P0003115,NINO,0.95,mdm_batch,2024-01-15
700000364,P0003121,NINO,0.95,mdm_batch,2024-01-15
700000154,P0003122,NINO,0.95,mdm_batch,2024-01-15
700000298,P0003125,NINO,0.95,mdm_batch,2024-01-15
700000156,P0003129,NINO,0.95,mdm_batch,2024-01-15
700000486,P0003130,NINO,0.95,mdm_batch,2024-01-15
700000063,P0003135,NINO,0.95,mdm_batch,2024-01-15
700000092,P0003136,NINO,0.95,mdm_batch,2024-01-15
700000258,P0003137,NINO,0.95,mdm_batch,2024-01-15
700000214,P0003139,NINO,0.95,mdm_batch,2024-01-15
700000064,P0003142,NINO,0.95,mdm_batch,2024-01-15
700000263,P0003144,NINO,0.95,mdm_batch,2024-01-15
700000322,P0003148,NINO,0.95,mdm_batch,2024-01-15
700000453,P0003150,NINO,0.95,mdm_batch,2024-01-15
700000090,P0003151,NINO,0.95,mdm_batch,2024-01-15
700000322,P0003152,NINO,0.95,mdm_batch,2024-01-15
700000203,P0003153,NINO,0.95,mdm_batch,2024-01-15
700000363,P0003154,NINO,0.95,mdm_batch,2024-01-15
700000488,P0003157,NINO,0.95,mdm_batch,2024-01-15
700000327,P0003159,NINO,0.95,mdm_batch,2024-01-15
700000205,P0003165,NINO,0.95,mdm_batch,2024-01-15
700000486,P0003168,NINO,0.95,mdm_batch,2024-01-15
700000415,P0003170,NINO,0.95,mdm_batch,2024-01-15
700000203,P0003174,NINO,0.95,mdm_batch,2024-01-15
700000082,P0003178,NINO,0.95,mdm_batch,2024-01-15
700000468,P0003181,NINO,0.95,mdm_batch,2024-01-15
700000216,P0003183,NINO,0.95,mdm_batch,2024-01-15
700000160,P0003186,NINO,0.95,mdm_batch,2024-01-15
700000080,P0003188,NINO,0.95,mdm_batch,2024-01-15
700000041,P0003190,NINO,0.95,mdm_batch,2024-01-15
700000423,P0003192,NINO,0.95,mdm_batch,2024-01-15
700000128,P0003194,NINO,0.95,mdm_batch,2024-01-15
700000432,P0003200,NINO,0.95,mdm_batch,2024-01-15
