life_policy_id,application_id,process_dt_yymmdd,plan_cd,contract_status,insured_name,insured_dob_yymmdd,gender,sum_assured,modal_premium,pay_freq,matched_party_id
PM0485738843,AP0929583699,260115,EN15,PE,NORMAN CLARKE,901007,M,0000007196172,0000000000350,48,
PM0101064292,AP0479525745,260115,TL30,AC,DEREK OKAFOR,301013,M,0000016199985,0000000000443,55,
PM0669079081,AP0016106913,260115,EN15,AC,MARGARET WHITTAKER,490420,M,0000002009404,0000000000319,04,
PM0557405272,AP0250875089,260115,TL30,GR,MARGARET OGUNLEYE,831109,F,0000014649229,0000000000376,27,
PM0813885616,AP0246601881,260115,EN15,AC,MARGARET OGUNLEYE,970213,M,0000004617271,0000000000205,64,
PM0909791941,AP0735403067,260115,TL10,AC,GORDON WHITTAKER,850723,M,0000014335349,0000000000290,11,
PM0835919667,AP0724678204,260115,TL30,AC,DEREK BOWEN,670114,M,0000004959143,0000000000103,20,
PM0064310053,AP0499225355,260115,WL01,AC,JOAN OKAFOR,490817,M,0000007398307,0000000000100,83,
PM0423970576,AP0451782903,260115,TL20,AC,EILEEN DUFFY,630107,M,0000007284992,0000000000273,39,
PM0045212925,AP0157151355,260115,TL20,AC,EILEEN WHITTAKER,670513,M,0000003462846,0000000000063,68,
PM0016652739,AP0645623609,260115,TL30,AC,LESLIE CLARKE,411016,M,0000020279411,0000000000103,95,
PM0333731075,AP0975412555,260115,TL20,LA,GORDON MCALLISTER,451221,F,0000019586846,0000000000143,83,
PM0648039930,AP0084286383,260115,WL01,AC,DEREK OGUNLEYE,290909,F,0000008999617,0000000000271,64,
PM0315073807,AP0558425437,260115,TL20,TE,DEREK PATEL,540818,F,0000022928076,0000000000418,61,
PM0228063029,AP0985007987,260115,TL20,RS,MARGARET OGUNLEYE,590715,F,0000009357202,0000000000054,62,
PM0395980274,AP0570160794,260115,EN15,AC,DEREK SZYMANSKI,420811,M,0000023042981,0000000000357,05,
PM0991694386,AP0019213748,260115,WL01,AC,HAROLD BOWEN,290120,F,0000022346810,0000000000064,04,
PM0342421092,AP0146679362,260115,TL10,AC,NORMAN OKAFOR,721202,M,0000024611939,0000000000099,89,
PM0735669865,AP0508178856,260115,TL10,AC,MARGARET CLARKE,980120,M,0000023221934,0000000000265,56,
PM0653765862,AP0077576879,260115,TL10,AC,JOAN OGUNLEYE,570724,F,0000012077991,0000000000269,56,
PM0473007426,AP0496736832,260115,EN15,AC,BRENDA OKAFOR,280520,M,0000003943805,0000000000330,19,
PM0533918740,AP0837460796,260115,EN15,CL,NORMAN BOWEN,260610,M,0000005805678,0000000000415,92,
PM0809355755,AP0972511163,260115,TL30,CL,NORMAN CLARKE,550613,M,0000023343864,0000000000179,23,
PM0945181553,AP0229983999,260115,WL01,AC,LESLIE SZYMANSKI,510305,F,0000017658669,0000000000244,86,
PM0882462907,AP0181600790,260115,TL10,AC,NORMAN BOWEN,520713,F,0000021996134,0000000000355,77,
PM0343969135,AP0080186194,260115,TL10,AC,LESLIE WHITTAKER,601012,M,0000011369337,0000000000440,51,
PM0435068434,AP0488372590,260115,TL20,AC,EILEEN MCALLISTER,430121,F,0000004868988,0000000000307,60,
PM0083717924,AP0734968488,260115,TL20,AC,NORMAN BOWEN,471201,M,0000016844386,0000000000365,51,
PM0243155936,AP0292438883,260115,TL30,LA,HAROLD OKAFOR,891025,M,0000006341609,0000000000272,89,
PM0440751922,AP0958474580,260115,WL01,AC,NORMAN CLARKE,501101,F,0000013643402,0000000000375,45,
PM0497902384,AP0350541589,260115,TL20,AC,HAROLD OGUNLEYE,520413,F,0000003947500,0000000000218,06,
PM0977094018,AP0771234624,260115,TL10,AC,BRENDA OGUNLEYE,290811,F,0000019465068,0000000000291,17,
PM0987582724,AP0030505395,260115,TL20,AC,DOREEN WHITTAKER,470911,F,0000024037917,0000000000107,07,
PM0944827033,AP0528905136,260115,EN15,TE,DEREK MCALLISTER,810918,F,0000010736478,0000000000383,00,
PM0334682707,AP0720801445,260115,WL01,LA,GORDON BOWEN,430917,F,0000010159098,0000000000390,51,
PM0575422195,AP0122707883,260115,EN15,AC,LESLIE HUGHES,280902,M,0000018314683,0000000000277,52,
PM0527250669,AP0100096392,260115,TL20,AC,BRENDA CLARKE,770709,F,0000009263700,0000000000325,09,
PM0465657765,AP0967328346,260115,WL01,GR,STANLEY OGUNLEYE,490720,M,0000001986980,0000000000185,53,
PM0208420378,AP0166998057,260115,TL20,AC,JOAN BOWEN,661212,F,0000009202939,0000000000421,17,
PM0784791191,AP0625171891,260115,TL10,GR,LESLIE BOWEN,501217,M,0000015655771,0000000000030,23,
PM0577870257,AP0219329207,260115,EN15,CL,GORDON OKAFOR,520920,M,0000020684528,0000000000104,43,
PM0339166908,AP0647603222,260115,TL30,AC,GORDON MCALLISTER,370308,M,0000005447356,0000000000072,76,
PM0466859970,AP0893534157,260115,WL01,LA,HAROLD PATEL,500721,F,0000023991996,0000000000026,63,
PM0978579272,AP0881514153,260115,TL30,AC,HAROLD OKAFOR,680922,M,0000007342032,0000000000061,23,
PM0040196456,AP0818188262,260115,EN15,LA,BRENDA DUFFY,860307,M,0000007192010,0000000000090,33,
PM0303970346,AP0995243047,260115,TL10,LA,MARGARET PATEL,840225,F,0000004245181,0000000000229,18,
PM0553285341,AP0380716850,260115,WL01,AC,LESLIE SZYMANSKI,261123,F,0000002371626,0000000000146,24,
PM0386083325,AP0793854092,260115,TL30,AC,GORDON DUFFY,460217,M,0000001517330,0000000000227,13,
PM0541475847,AP0627725416,260115,TL30,RS,EILEEN BOWEN,391224,F,0000006369948,0000000000280,83,
PM0823849672,AP0463473948,260115,TL20,AC,GORDON PATEL,340610,M,0000016731673,0000000000081,10,
PM0249223204,AP0293105236,260115,TL30,AC,GORDON HUGHES,970318,M,0000003578120,0000000000270,32,
PM0752962201,AP0128430739,260115,WL01,LA,MARGARET OGUNLEYE,381208,M,0000009611191,0000000000305,74,
PM0817445295,AP0209858645,260115,WL01,AC,DEREK BOWEN,570511,M,0000019456873,0000000000369,21,
PM0685060814,AP0477110725,260115,TL10,LA,LESLIE WHITTAKER,740313,M,0000016829690,0000000000125,83,
PM0461256197,AP0531000900,260115,WL01,AC,BRENDA HUGHES,640617,F,0000010588192,0000000000331,69,
PM0712527315,AP0769445303,260115,TL30,AC,MARGARET MCALLISTER,990121,M,0000006254202,0000000000282,91,
PM0963728510,AP0338383335,260115,WL01,AC,LESLIE SZYMANSKI,340414,M,0000017025880,0000000000179,44,
PM0561952922,AP0105734526,260115,WL01,AC,GORDON DUFFY,390120,M,0000014997498,0000000000313,64,
PM0383000567,AP0567042744,260115,TL20,AC,STANLEY CLARKE,421114,F,0000016285836,0000000000408,90,
PM0390863400,AP0835335432,260115,EN15,AC,EILEEN PATEL,550804,F,0000017876149,0000000000217,24,
PM0295016173,AP0291533622,260115,EN15,TE,HAROLD DUFFY,491109,M,0000009034140,0000000000139,39,
PM0943578976,AP0733548771,260115,TL10,CL,MARGARET WHITTAKER,590514,M,0000001902742,0000000000423,51,
PM0581590297,AP0298809877,260115,TL10,RS,DEREK PATEL,950421,M,0000013521963,0000000000332,20,
PM0363198920,AP0369045628,260115,WL01,RS,PAULINE OGUNLEYE,400826,F,0000021928988,0000000000154,69,
PM0418894194,AP0869598778,260115,TL20,AC,PAULINE DUFFY,660518,M,0000007169565,0000000000295,26,
PM0496086167,AP0939715424,260115,TL30,AC,BRENDA OGUNLEYE,801019,M,0000017269096,0000000000318,76,
PM0333016518,AP0228986568,260115,EN15,AC,HAROLD BOWEN,881225,M,0000024286132,0000000000229,92,
PM0384186586,AP0705730948,260115,TL30,AC,DEREK SZYMANSKI,811020,F,0000024053608,0000000000197,97,
PM0492069967,AP0341041068,260115,TL20,AC,HAROLD OKAFOR,560212,F,0000013266300,0000000000030,80,
PM0854838418,AP0209337155,260115,EN15,AC,DOREEN OKAFOR,441019,F,0000006948809,0000000000130,73,
PM0871719535,AP0023869378,260115,TL20,GR,MARGARET OKAFOR,451010,F,0000001749613,0000000000441,77,
PM0846176064,AP0585677985,260115,TL10,AC,DEREK BOWEN,380603,M,0000001871067,0000000000430,58,
PM0800787567,AP0876443791,260115,WL01,AC,HAROLD MCALLISTER,870911,F,0000016403836,0000000000273,46,
PM0721970439,AP0146797171,260115,WL01,GR,BRENDA OGUNLEYE,300725,M,0000023371962,0000000000243,82,
PM0954177378,AP0498923616,260115,EN15,CL,MARGARET OKAFOR,711201,M,0000004688538,0000000000291,30,
PM0795892061,AP0174218063,260115,WL01,TE,PAULINE SZYMANSKI,510714,F,0000018752689,0000000000206,38,
PM0331189871,AP0784658451,260115,TL10,AC,JOAN PATEL,470125,M,0000016393415,0000000000026,25,
PM0335598597,AP0116689869,260115,TL20,AC,STANLEY MCALLISTER,551023,F,0000016834754,0000000000404,79,
PM0198628312,AP0960484603,260115,TL30,AC,PAULINE BOWEN,950916,M,0000009739735,0000000000332,69,
PM0518202283,AP0926185390,260115,TL20,AC,MARGARET MCALLISTER,420717,M,0000018307990,0000000000194,92,
PM0938505003,AP0507499781,260115,TL30,AC,GORDON HUGHES,450706,M,0000011797942,0000000000109,85,
PM0683937628,AP0796367441,260115,EN15,AC,BRENDA OKAFOR,310319,M,0000006982732,0000000000015,89,
PM0088504770,AP0377664746,260115,TL30,LA,HAROLD OKAFOR,370823,F,0000016725745,0000000000069,30,
PM0020434759,AP0847527674,260115,TL20,AC,GORDON OGUNLEYE,810402,M,0000019232517,0000000000285,76,
PM0893362985,AP0334371993,260115,TL30,AC,DOREEN OGUNLEYE,960515,M,0000023385732,0000000000058,93,
PM0113550364,AP0716895509,260115,WL01,TE,NORMAN OGUNLEYE,810128,M,0000013654273,0000000000326,46,
PM0491868057,AP0828736203,260115,TL10,TE,GORDON DUFFY,440521,F,0000013616087,0000000000368,74,
PM0810591362,AP0421121728,260115,EN15,TE,DEREK BOWEN,490413,F,0000004677025,0000000000230,87,
PM0777165786,AP0687545116,260115,TL30,AC,DOREEN OGUNLEYE,380320,M,0000004167418,0000000000101,14,
PM0207409979,AP0431943808,260115,TL10,AC,LESLIE OGUNLEYE,370402,M,0000006270920,0000000000096,33,
PM0366849380,AP0988503380,260115,WL01,GR,PAULINE MCALLISTER,431213,M,0000017198207,0000000000232,19,
PM0780544114,AP0430257046,260115,EN15,TE,STANLEY MCALLISTER,920109,F,0000012107035,0000000000138,70,
PM0114114983,AP0598292308,260115,WL01,AC,BRENDA SZYMANSKI,620220,F,0000024938831,0000000000118,77,
PM0588682957,AP0251164487,260115,TL30,LA,BRENDA OKAFOR,431023,M,0000007649459,0000000000353,18,
PM0673359963,AP0708071362,260115,TL20,PE,DEREK PATEL,560819,F,0000015008838,0000000000233,61,
PM0285795511,AP0497178263,260115,TL10,AC,HAROLD PATEL,551018,F,0000019325736,0000000000382,47,
PM0180962713,AP0976386690,260115,TL30,LA,PAULINE OGUNLEYE,250522,F,0000013201527,0000000000172,85,
PM0892016088,AP0178107631,260115,TL20,LA,BRENDA OGUNLEYE,830113,F,0000007042073,0000000000446,47,
PM0660587633,AP0635545688,260115,TL10,AC,GORDON HUGHES,840105,F,0000018712001,0000000000268,21,
PM0186496453,AP0361037338,260115,EN15,AC,EILEEN MCALLISTER,970602,F,0000022532068,0000000000039,81,
PM0534242705,AP0644345287,260115,TL10,GR,STANLEY HUGHES,970725,F,0000010447821,0000000000333,36,
PM0126024089,AP0607702093,260115,TL10,GR,STANLEY OKAFOR,910714,F,0000001812425,0000000000225,16,
PM0785986355,AP0404248516,260115,EN15,AC,EILEEN DUFFY,330404,M,0000015997438,0000000000173,82,
PM0510793740,AP0746148191,260115,TL10,GR,GORDON OKAFOR,641113,F,0000008914533,0000000000059,85,
PM0605549361,AP0864638811,260115,TL20,AC,JOAN HUGHES,970203,F,0000004307227,0000000000355,55,
PM0000619099,AP0317941676,260115,TL20,TE,EILEEN WHITTAKER,660303,M,0000015789808,0000000000309,93,
PM0382786517,AP0743326668,260115,EN15,AC,MARGARET BOWEN,280811,F,0000011329678,0000000000227,56,
PM0943529073,AP0221736440,260115,TL20,AC,HAROLD WHITTAKER,500627,M,0000012883436,0000000000324,65,
PM0572408399,AP0679028099,260115,TL20,AC,MARGARET OGUNLEYE,641227,F,0000011502131,0000000000194,49,
PM0747271524,AP0836364836,260115,WL01,AC,DEREK PATEL,530504,M,0000024841629,0000000000143,75,
PM0538404316,AP0713599746,260115,TL30,AC,STANLEY OKAFOR,391017,F,0000008683798,0000000000212,22,
PM0142318097,AP0687119812,260115,TL10,AC,DEREK CLARKE,920217,F,0000002521415,0000000000019,57,
PM0576872799,AP0269405322,260115,WL01,LA,DEREK PATEL,610408,M,0000007017291,0000000000197,91,
PM0200102425,AP0848648546,260115,TL20,AC,LESLIE CLARKE,990701,F,0000017773871,0000000000054,46,
PM0344458931,AP0706804571,260115,WL01,AC,BRENDA BOWEN,891122,M,0000018465804,0000000000363,44,
PM0120378142,AP0652919918,260115,WL01,AC,JOAN CLARKE,950526,M,0000008916780,0000000000185,18,
PM0915508977,AP0622867532,260115,EN15,GR,EILEEN WHITTAKER,501023,F,0000002762150,0000000000390,28,
PM0163005447,AP0653158014,260115,TL10,LA,NORMAN HUGHES,890824,M,0000009822987,0000000000035,27,
PM0610848729,AP0687049292,260115,EN15,LA,HAROLD MCALLISTER,430110,F,0000015272706,0000000000042,73,
PM0821729850,AP0632106187,260115,WL01,AC,JOAN OKAFOR,460709,F,0000009326192,0000000000119,73,
PM0065650812,AP0339083897,260115,WL01,AC,STANLEY MCALLISTER,300316,M,0000021157795,0000000000103,17,
PM0003591979,AP0258363190,260115,WL01,GR,PAULINE OGUNLEYE,750910,M,0000016834096,0000000000293,16,
PM0317506929,AP0271881086,260115,TL10,LA,GORDON HUGHES,840208,M,0000013213781,0000000000217,37,
PM0042599992,AP0172239450,260115,WL01,LA,JOAN WHITTAKER,681023,M,0000020819219,0000000000131,18,
PM0409236566,AP0406656164,260115,TL10,AC,DOREEN SZYMANSKI,560326,F,0000019439847,0000000000122,39,
PM0230267913,AP0637681524,260115,WL01,RS,EILEEN CLARKE,820821,F,0000023790031,0000000000134,01,
PM0450089201,AP0078150357,260115,TL10,TE,EILEEN SZYMANSKI,601001,F,0000018411491,0000000000134,30,
PM0609212393,AP0991667994,260115,TL20,AC,DEREK SZYMANSKI,320324,M,0000013070797,0000000000104,84,
PM0021901443,AP0345834144,260115,WL01,AC,DEREK HUGHES,660525,M,0000018424831,0000000000050,98,
PM0524443759,AP0043833969,260115,TL20,AC,BRENDA DUFFY,410107,M,0000011478378,0000000000284,14,
PM0555082272,AP0758713027,260115,EN15,AC,STANLEY CLARKE,730307,F,0000010406771,0000000000365,60,
PM0146766337,AP0415008670,260115,EN15,AC,GORDON OGUNLEYE,620612,M,0000021512097,0000000000156,39,
PM0802196193,AP0676880370,260115,WL01,LA,MARGARET BOWEN,330418,F,0000024126084,0000000000246,58,
PM0251900254,AP0841070960,260115,TL30,AC,DOREEN OGUNLEYE,750802,F,0000017438712,0000000000266,23,
PM0755201724,AP0300447569,260115,TL20,AC,DOREEN MCALLISTER,850312,F,0000023320558,0000000000172,16,
PM0974434852,AP0453446263,260115,TL20,GR,LESLIE BOWEN,950523,M,0000001773264,0000000000271,48,
PM0979703698,AP0434180120,260115,TL30,AC,DOREEN CLARKE,990516,M,0000011923023,0000000000181,05,
PM0372681503,AP0347401783,260115,TL30,LA,EILEEN BOWEN,481116,M,0000013898739,0000000000418,21,
PM0618658826,AP0759443790,260115,TL20,PE,DEREK WHITTAKER,940720,F,0000014944213,0000000000056,69,
PM0944597858,AP0482718879,260115,WL01,AC,MARGARET PATEL,890510,M,0000017610599,0000000000251,19,
PM0650058466,AP0206645833,260115,TL30,AC,EILEEN MCALLISTER,550901,F,0000019247314,0000000000273,14,
PM0911579562,AP0698112605,260115,EN15,AC,LESLIE OKAFOR,670512,F,0000004486099,0000000000027,69,
PM0737180934,AP0167949256,260115,TL20,AC,PAULINE SZYMANSKI,871010,F,0000013399112,0000000000286,84,
PM0254508654,AP0693909740,260115,TL20,AC,STANLEY PATEL,901205,M,0000003121870,0000000000060,00,
PM0911558737,AP0484880955,260115,EN15,PE,JOAN CLARKE,300320,F,0000014848124,0000000000330,86,
PM0426689551,AP0544870113,260115,WL01,AC,HAROLD BOWEN,721222,M,0000011967664,0000000000135,31,
PM0609314908,AP0451608637,260115,TL20,LA,HAROLD BOWEN,450307,M,0000013648371,0000000000422,10,
PM0700080033,AP0198262371,260115,TL10,GR,LESLIE PATEL,591209,F,0000015069495,0000000000180,13,
PM0729394333,AP0148994569,260115,TL10,AC,HAROLD OGUNLEYE,300410,F,0000012960918,0000000000367,89,
PM0971449215,AP0028472804,260115,EN15,GR,PAULINE SZYMANSKI,330515,F,0000022796812,0000000000200,94,
PM0821812902,AP0152470699,260115,EN15,AC,JOAN MCALLISTER,940526,F,0000005928924,0000000000304,83,
PM0945458410,AP0524273189,260115,WL01,AC,PAULINE SZYMANSKI,270519,F,0000020086951,0000000000109,13,
PM0345898883,AP0244345039,260115,TL10,GR,GORDON SZYMANSKI,950518,F,0000002719011,0000000000114,36,
PM0719680431,AP0084202543,260115,TL10,AC,STANLEY CLARKE,420428,F,0000014709089,0000000000332,36,
PM0866516275,AP0601066678,260115,WL01,LA,MARGARET MCALLISTER,951022,F,0000021905560,0000000000180,43,
PM0928353984,AP0267985878,260115,WL01,LA,HAROLD WHITTAKER,470106,F,0000019086118,0000000000092,84,
PM0385395773,AP0025760527,260115,EN15,AC,DEREK OKAFOR,840107,F,0000003137568,0000000000253,88,
PM0869852882,AP0263123554,260115,WL01,AC,EILEEN OKAFOR,370813,M,0000024664657,0000000000282,73,
PM0010185915,AP0619346516,260115,TL20,AC,STANLEY HUGHES,720922,F,0000010288713,0000000000253,99,
PM0335173337,AP0299805168,260115,TL10,CL,STANLEY DUFFY,370511,M,0000008167623,0000000000133,01,
PM0586519083,AP0326937790,260115,TL20,AC,STANLEY OGUNLEYE,440312,M,0000012755376,0000000000134,50,
PM0429202584,AP0539632187,260115,TL10,AC,DEREK SZYMANSKI,930401,M,0000006857350,0000000000225,30,
PM0621473393,AP0345240993,260115,WL01,GR,GORDON CLARKE,771206,F,0000010172693,0000000000060,84,
PM0946465520,AP0196971422,260115,TL30,GR,MARGARET PATEL,731102,F,0000008123226,0000000000418,99,
PM0919506965,AP0767199248,260115,WL01,GR,LESLIE OGUNLEYE,401223,F,0000016207403,0000000000300,85,
PM0898298696,AP0413008370,260115,EN15,AC,DOREEN DUFFY,941002,F,0000018288315,0000000000036,10,
PM0305132115,AP0637121050,260115,TL10,LA,MARGARET SZYMANSKI,440915,F,0000012010502,0000000000182,76,
PM0202179798,AP0791079707,260115,WL01,LA,DOREEN WHITTAKER,410804,M,0000008855774,0000000000137,50,
PM0856496221,AP0111878068,260115,EN15,AC,EILEEN OGUNLEYE,480123,F,0000012489916,0000000000179,30,
PM0222722963,AP0575868910,260115,TL10,AC,GORDON CLARKE,601108,F,0000003467893,0000000000085,30,
PM0941448710,AP0259636280,260115,TL10,GR,MARGARET OKAFOR,330326,M,0000013275909,0000000000132,00,
PM0997348611,AP0371286566,260115,TL20,AC,DEREK HUGHES,481013,M,0000002045435,0000000000419,39,
PM0094800792,AP0696828652,260115,TL20,LA,JOAN SZYMANSKI,500922,F,0000015454161,0000000000262,86,
PM0906938264,AP0676143967,260115,TL30,CL,LESLIE MCALLISTER,510325,F,0000005295953,0000000000127,40,
PM0044401373,AP0138624262,260115,TL30,AC,EILEEN SZYMANSKI,700507,F,0000001269796,0000000000060,23,
PM0934636950,AP0333148237,260115,WL01,AC,PAULINE OGUNLEYE,590712,M,0000021559940,0000000000283,03,
PM0543836122,AP0132692225,260115,TL10,AC,BRENDA HUGHES,550819,M,0000004944642,0000000000201,69,
PM0726581566,AP0696159600,260115,WL01,AC,NORMAN HUGHES,501214,F,0000021175051,0000000000159,42,
PM0450004364,AP0357869884,260115,TL30,LA,NORMAN BOWEN,621123,F,0000001425767,0000000000415,16,
PM0402473552,AP0141917777,260115,EN15,AC,DOREEN HUGHES,600604,F,0000020820888,0000000000083,39,
PM0962629365,AP0224664654,260115,TL10,AC,MARGARET SZYMANSKI,281219,F,0000023454138,0000000000240,35,
PM0077889770,AP0388418835,260115,TL20,AC,BRENDA SZYMANSKI,861121,F,0000021318610,0000000000054,91,
PM0465327016,AP0889777285,260115,TL20,CL,BRENDA OGUNLEYE,320215,M,0000023017980,0000000000277,98,
PM0534019115,AP0397184699,260115,TL20,GR,DOREEN OGUNLEYE,350106,F,0000022775102,0000000000423,28,
PM0833231781,AP0949206301,260115,TL10,AC,NORMAN PATEL,270628,F,0000013287020,0000000000030,84,
PM0575401699,AP0602458385,260115,EN15,AC,DEREK BOWEN,891004,M,0000003272946,0000000000387,16,
PM0547294192,AP0549971745,260115,TL30,AC,STANLEY MCALLISTER,561014,F,0000016648747,0000000000050,58,
PM0182745105,AP0599276276,260115,TL10,AC,PAULINE OGUNLEYE,890305,M,0000019935973,0000000000359,04,
PM0443861773,AP0882909846,260115,TL10,AC,PAULINE OGUNLEYE,730310,M,0000018819904,0000000000420,41,
PM0529824767,AP0322935203,260115,EN15,CL,MARGARET HUGHES,780503,F,0000008202808,0000000000185,93,
PM0353032205,AP0961694555,260115,WL01,AC,JOAN OKAFOR,421017,F,0000004260236,0000000000273,50,
PM0793845150,AP0643995302,260115,TL30,AC,STANLEY OGUNLEYE,790813,F,0000013028565,0000000000440,14,
PM0125412143,AP0053223465,260115,TL30,GR,MARGARET PATEL,920718,F,0000011827931,0000000000276,97,
PM0034791985,AP0337599740,260115,TL30,GR,GORDON OKAFOR,920824,M,0000001300620,0000000000259,72,
PM0007599657,AP0738278427,260115,EN15,AC,GORDON SZYMANSKI,720507,M,0000021441223,0000000000401,29,
PM0534328515,AP0126599714,260115,EN15,RS,STANLEY WHITTAKER,360409,F,0000020779152,0000000000192,02,
PM0096403456,AP0306844594,260115,EN15,TE,DEREK OGUNLEYE,750427,M,0000009399220,0000000000230,07,
PM0879781682,AP0167394307,260115,TL30,CL,EILEEN WHITTAKER,870113,F,0000021961516,0000000000069,91,
PM0685785855,AP0770612182,260115,TL10,LA,JOAN MCALLISTER,990901,M,0000017078200,0000000000289,16,
PM0839017196,AP0089616221,260115,WL01,TE,PAULINE HUGHES,821114,M,0000004958702,0000000000306,63,
PM0895519138,AP0382171044,260115,EN15,TE,DEREK OGUNLEYE,750523,M,0000022903357,0000000000382,13,
PM0445409353,AP0348046592,260115,EN15,AC,DEREK PATEL,600814,F,0000002052847,0000000000298,07,
PM0530023657,AP0468949604,260115,WL01,GR,NORMAN OGUNLEYE,951228,M,0000006587105,0000000000398,92,
PM0371801983,AP0883955361,260115,TL20,CL,STANLEY HUGHES,911113,F,0000016193168,0000000000391,35,
PM0827724073,AP0626875076,260115,TL20,GR,HAROLD HUGHES,660223,F,0000017425185,0000000000168,08,
PM0784271083,AP0441113271,260115,EN15,AC,EILEEN OGUNLEYE,570708,M,0000008158786,0000000000298,59,
PM0444273533,AP0976710617,260115,EN15,AC,DOREEN CLARKE,400406,M,0000021801799,0000000000082,04,
PM0037657846,AP0749979936,260115,TL30,LA,PAULINE OKAFOR,870616,F,0000006085387,0000000000307,75,
PM0104882691,AP0265276757,260115,TL20,AC,GORDON OKAFOR,690206,F,0000007379060,0000000000396,71,
PM0390864108,AP0116972942,260115,TL30,LA,HAROLD BOWEN,390412,F,0000001682200,0000000000128,04,
PM0307598953,AP0271514251,260115,EN15,AC,EILEEN CLARKE,340501,F,0000010564637,0000000000196,91,
PM0171911150,AP0882524850,260115,EN15,AC,LESLIE OGUNLEYE,941206,F,0000018936640,0000000000447,50,
PM0329038979,AP0058338084,260115,WL01,PE,STANLEY OKAFOR,540815,F,0000024025194,0000000000257,79,
PM0607758754,AP0780214547,260115,TL30,AC,DEREK OKAFOR,391022,M,0000003408883,0000000000213,13,
PM0209701534,AP0394515446,260115,TL30,AC,PAULINE WHITTAKER,330301,M,0000014867884,0000000000389,16,
PM0468983503,AP0565859822,260115,TL20,AC,BRENDA SZYMANSKI,880423,M,0000004413762,0000000000288,46,
PM0084496968,AP0744626975,260115,WL01,AC,BRENDA OKAFOR,360310,M,0000009592024,0000000000234,95,
PM0581128879,AP0936837980,260115,TL20,AC,MARGARET DUFFY,871022,M,0000020173560,0000000000416,56,
PM0092771059,AP0825964504,260115,EN15,AC,MARGARET OGUNLEYE,390528,M,0000011092993,0000000000030,76,
PM0890933199,AP0200129087,260115,EN15,GR,LESLIE OGUNLEYE,250603,F,0000008253851,0000000000274,14,
PM0360286210,AP0235497825,260115,TL30,AC,MARGARET MCALLISTER,580119,F,0000013404796,0000000000359,79,
PM0488447532,AP0699617049,260115,TL20,AC,PAULINE MCALLISTER,440409,M,0000016144997,0000000000328,91,
PM0255820022,AP0728104846,260115,EN15,AC,LESLIE OKAFOR,980519,M,0000001749901,0000000000135,92,
PM0323723910,AP0547300013,260115,TL30,TE,HAROLD MCALLISTER,290418,M,0000004106796,0000000000066,49,
PM0474175873,AP0233902025,260115,TL10,AC,BRENDA PATEL,721112,F,0000003345263,0000000000062,94,
PM0847846517,AP0719905194,260115,TL20,AC,GORDON HUGHES,610919,F,0000003287378,0000000000326,85,
PM0035328515,AP0408451007,260115,TL10,AC,PAULINE PATEL,330406,M,0000017536382,0000000000163,18,
PM0999366195,AP0146316741,260115,TL20,TE,STANLEY WHITTAKER,490405,F,0000024543166,0000000000170,30,
PM0399768513,AP0780409472,260115,TL10,AC,PAULINE OGUNLEYE,481212,F,0000023694475,0000000000047,27,
PM0196324285,AP0625410404,260115,TL10,AC,BRENDA OKAFOR,941015,M,0000018674386,0000000000186,58,
PM0017732259,AP0082348032,260115,TL30,RS,JOAN OKAFOR,480311,F,0000022414501,0000000000387,53,
PM0851257811,AP0959037359,260115,EN15,AC,STANLEY DUFFY,870802,F,0000007401902,0000000000111,59,
PM0818945152,AP0627512404,260115,WL01,LA,MARGARET BOWEN,450106,M,0000014461778,0000000000153,67,
PM0455342693,AP0858092768,260115,WL01,LA,JOAN OGUNLEYE,840106,M,0000012476220,0000000000024,95,
PM0361424797,AP0279794322,260115,EN15,LA,STANLEY CLARKE,571024,F,0000011640184,0000000000124,02,
PM0461300383,AP0579950440,260115,EN15,AC,EILEEN SZYMANSKI,870422,F,0000021866660,0000000000446,26,
PM0821646461,AP0183568646,260115,TL30,AC,BRENDA DUFFY,760323,M,0000012399705,0000000000201,15,
PM0372701206,AP0514827055,260115,EN15,AC,NORMAN OKAFOR,731101,F,0000023238094,0000000000340,38,
PM0616548102,AP0909294077,260115,EN15,AC,MARGARET OGUNLEYE,650821,M,0000017166233,0000000000055,46,
PM0300778814,AP0578212373,260115,WL01,AC,DEREK BOWEN,310419,M,0000014374790,0000000000042,33,
PM0457621715,AP0379130100,260115,EN15,AC,DEREK CLARKE,860310,M,0000011603716,0000000000344,66,
PM0694292227,AP0231051249,260115,WL01,AC,JOAN PATEL,561223,F,0000010175941,0000000000210,09,
PM0325664599,AP0767030502,260115,TL20,AC,MARGARET OKAFOR,680826,M,0000022612338,0000000000415,10,
PM0716411660,AP0171545281,260115,TL10,AC,EILEEN HUGHES,640506,M,0000021480567,0000000000186,34,
PM0804329053,AP0780301040,260115,TL10,AC,DOREEN HUGHES,251009,F,0000017567182,0000000000433,85,
PM0763481041,AP0379444696,260115,TL10,AC,PAULINE CLARKE,540421,F,0000021747189,0000000000092,12,
PM0339269304,AP0501188471,260115,TL30,TE,PAULINE WHITTAKER,591125,M,0000004464888,0000000000231,65,
PM0311965001,AP0572152913,260115,EN15,LA,EILEEN CLARKE,320604,M,0000010371656,0000000000157,54,
PM0038009117,AP0103803949,260115,EN15,AC,NORMAN OKAFOR,560507,F,0000020487810,0000000000253,70,
PM0427682296,AP0075126254,260115,TL30,AC,STANLEY BOWEN,921118,F,0000014905051,0000000000156,20,
PM0984121569,AP0084893082,260115,TL10,AC,DOREEN CLARKE,781118,F,0000022513912,0000000000342,69,
PM0013142588,AP0566635765,260115,TL10,AC,PAULINE WHITTAKER,440318,F,0000010146008,0000000000398,16,
PM0823507480,AP0856086359,260115,TL10,TE,MARGARET CLARKE,320704,M,0000016933279,0000000000142,03,
PM0002274898,AP0289289586,260115,WL01,TE,LESLIE CLARKE,410716,F,0000020232611,0000000000175,43,
PM0049833252,AP0093338587,260115,EN15,AC,GORDON WHITTAKER,980813,F,0000001564718,0000000000266,10,
PM0664717875,AP0113399684,260115,TL20,AC,HAROLD CLARKE,651104,F,0000012263405,0000000000214,33,
PM0793644559,AP0428227436,260115,TL20,AC,MARGARET OGUNLEYE,590807,F,0000013273980,0000000000449,30,
PM0467267678,AP0338811716,260115,TL20,LA,MARGARET HUGHES,631025,F,0000003987935,0000000000313,27,
PM0707901166,AP0403723067,260115,EN15,AC,JOAN OGUNLEYE,540508,F,0000021272919,0000000000406,91,
PM0228387514,AP0701591409,260115,TL30,AC,LESLIE OGUNLEYE,941024,M,0000012465457,0000000000384,14,
PM0901826557,AP0446820034,260115,TL30,PE,DOREEN BOWEN,361013,F,0000008412293,0000000000276,06,
PM0064188479,AP0534884485,260115,EN15,AC,GORDON HUGHES,331023,F,0000024901010,0000000000237,60,
PM0270117085,AP0275103945,260115,EN15,AC,BRENDA PATEL,280325,M,0000020616165,0000000000227,83,
PM0294678616,AP0812666541,260115,EN15,AC,BRENDA CLARKE,660321,F,0000017591010,0000000000449,68,
PM0725858425,AP0155918301,260115,TL10,LA,MARGARET CLARKE,840918,F,0000015751959,0000000000388,19,
PM0464496430,AP0814885124,260115,TL10,AC,MARGARET BOWEN,941206,F,0000024159652,0000000000253,18,
PM0157271407,AP0384849797,260115,EN15,LA,BRENDA WHITTAKER,940613,M,0000023053461,0000000000280,15,
PM0221861898,AP0191046990,260115,TL10,AC,DEREK WHITTAKER,490501,M,0000017411708,0000000000052,71,
PM0714633143,AP0879284685,260115,TL30,AC,GORDON DUFFY,711211,M,0000012309835,0000000000158,12,
PM0474444193,AP0985073802,260115,EN15,AC,LESLIE OKAFOR,700418,M,0000008473530,0000000000409,50,
PM0695161579,AP0989691241,260115,TL30,AC,DOREEN PATEL,481022,F,0000006751271,0000000000325,06,
PM0232016017,AP0826639304,260115,TL30,AC,NORMAN SZYMANSKI,320416,M,0000023441851,0000000000045,87,
PM0102237009,AP0347953400,260115,TL10,LA,STANLEY CLARKE,930703,M,0000004417341,0000000000288,69,
PM0594550419,AP0292769803,260115,TL10,TE,PAULINE SZYMANSKI,310825,F,0000010698741,0000000000159,86,
PM0268063326,AP0386547057,260115,TL10,AC,EILEEN BOWEN,580101,M,0000013222446,0000000000218,42,
PM0288481915,AP0185825487,260115,TL10,AC,DEREK CLARKE,900410,M,0000019288055,0000000000423,05,
PM0443628208,AP0876977871,260115,WL01,AC,BRENDA BOWEN,840817,M,0000020304362,0000000000364,33,
PM0318032753,AP0323237213,260115,WL01,AC,JOAN WHITTAKER,830517,F,0000007417531,0000000000255,83,
PM0799448655,AP0488151940,260115,TL10,AC,BRENDA OKAFOR,541021,F,0000007532174,0000000000063,74,
PM0583588451,AP0458070016,260115,EN15,LA,EILEEN WHITTAKER,620912,M,0000003535088,0000000000363,54,
PM0857456221,AP0418238559,260115,TL10,AC,BRENDA HUGHES,941002,M,0000020541861,0000000000128,51,
PM0723900492,AP0536249315,260115,TL20,AC,JOAN OKAFOR,681021,M,0000021623486,0000000000026,69,
PM0648544220,AP0078144767,260115,TL20,RS,EILEEN SZYMANSKI,470917,M,0000004399454,0000000000432,35,
PM0874483537,AP0855302589,260115,TL20,RS,PAULINE WHITTAKER,690124,M,0000005714662,0000000000147,22,
PM0951833729,AP0508523773,260115,TL30,AC,HAROLD PATEL,651104,F,0000021641810,0000000000019,39,
PM0411081646,AP0943766620,260115,TL30,AC,HAROLD PATEL,780821,F,0000002181071,0000000000172,24,
PM0985170526,AP0214732547,260115,TL10,AC,EILEEN PATEL,550710,F,0000023325867,0000000000093,71,
PM0529857719,AP0007597558,260115,TL10,AC,NORMAN DUFFY,740217,F,0000009503260,0000000000046,94,
PM0654002203,AP0398627988,260115,EN15,AC,DOREEN PATEL,480417,M,0000001381337,0000000000342,48,
PM0481510807,AP0203647480,260115,WL01,TE,MARGARET OGUNLEYE,940105,F,0000007358313,0000000000266,35,
PM0665317521,AP0403392694,260115,TL20,RS,STANLEY WHITTAKER,690205,M,0000010286909,0000000000121,37,
PM0259338667,AP0941615739,260115,WL01,AC,DEREK WHITTAKER,420620,F,0000002254132,0000000000403,35,
PM0193213212,AP0205089842,260115,WL01,AC,DOREEN MCALLISTER,341117,F,0000006640673,0000000000061,29,
PM0439986210,AP0160648166,260115,WL01,LA,HAROLD OKAFOR,370701,M,0000016914739,0000000000216,47,
PM0207633372,AP0865942717,260115,TL30,AC,DOREEN DUFFY,750518,F,0000010595282,0000000000101,55,
PM0992745601,AP0758899826,260115,TL10,CL,MARGARET BOWEN,610510,F,0000009202333,0000000000080,03,
PM0928941620,AP0915810928,260115,TL30,RS,EILEEN OGUNLEYE,960224,F,0000014928998,0000000000252,30,
PM0251419619,AP0901115484,260115,WL01,CL,EILEEN DUFFY,430513,M,0000017666070,0000000000384,67,
PM0466351651,AP0675122207,260115,EN15,AC,GORDON SZYMANSKI,740409,F,0000016015986,0000000000034,78,
PM0543471459,AP0744923806,260115,EN15,AC,BRENDA BOWEN,500718,M,0000021392166,0000000000237,44,
PM0001091350,AP0738330713,260115,TL10,CL,STANLEY BOWEN,850921,F,0000001907127,0000000000057,76,
PM0191033074,AP0775905962,260115,WL01,GR,JOAN HUGHES,590618,M,0000014336979,0000000000173,21,
PM0982332465,AP0840532864,260115,TL20,AC,LESLIE DUFFY,451102,M,0000015152343,0000000000286,30,
PM0614543585,AP0722949572,260115,TL30,CL,MARGARET SZYMANSKI,370105,F,0000016415093,0000000000182,87,
PM0919305854,AP0898159559,260115,TL30,AC,MARGARET WHITTAKER,850404,M,0000001999787,0000000000399,21,
PM0570743961,AP0373904451,260115,TL20,AC,LESLIE SZYMANSKI,400622,M,0000022800445,0000000000258,38,
PM0926720106,AP0057753244,260115,EN15,AC,EILEEN CLARKE,611114,F,0000016717332,0000000000153,52,
PM0914978821,AP0282804763,260115,WL01,LA,BRENDA PATEL,900502,F,0000019084022,0000000000101,20,
PM0732333475,AP0104026725,260115,TL30,AC,NORMAN DUFFY,890726,F,0000010377955,0000000000273,55,
PM0732501917,AP0515149145,260115,TL30,AC,DEREK WHITTAKER,760903,F,0000023747049,0000000000113,73,
PM0105339901,AP0646468718,260115,TL20,RS,PAULINE CLARKE,620512,M,0000013878792,0000000000154,74,
PM0951119768,AP0181253175,260115,WL01,AC,PAULINE PATEL,420224,M,0000003161193,0000000000386,21,
PM0357421171,AP0478780248,260115,TL20,LA,MARGARET BOWEN,310623,M,0000005829019,0000000000293,38,
PM0593559864,AP0039919004,260115,TL30,GR,DOREEN MCALLISTER,301006,F,0000016784272,0000000000339,24,
PM0223838365,AP0831555412,260115,TL10,AC,PAULINE CLARKE,480602,M,0000014983496,0000000000041,70,
PM0906456142,AP0586640380,260115,EN15,LA,EILEEN MCALLISTER,460917,M,0000011651590,0000000000125,38,
PM0361537922,AP0724127832,260115,WL01,TE,HAROLD MCALLISTER,840204,M,0000018092356,0000000000077,67,
PM0887318929,AP0452164885,260115,WL01,CL,NORMAN SZYMANSKI,500603,M,0000006906442,0000000000162,66,
PM0138120420,AP0096486069,260115,EN15,LA,BRENDA DUFFY,800708,M,0000022754987,0000000000260,34,
PM0695002455,AP0268745292,260115,TL30,AC,STANLEY OKAFOR,591222,F,0000006163110,0000000000203,42,
PM0412831152,AP0338625718,260115,EN15,AC,PAULINE BOWEN,731104,M,0000024480306,0000000000108,19,
PM0573558721,AP0273388987,260115,WL01,AC,DEREK OGUNLEYE,701216,F,0000007766380,0000000000205,54,
PM0782869408,AP0515022982,260115,TL10,AC,JOAN DUFFY,660807,M,0000001399287,0000000000093,58,
PM0850568966,AP0803902028,260115,EN15,LA,MARGARET MCALLISTER,830820,F,0000017369146,0000000000224,30,
PM0470647369,AP0379660012,260115,TL30,AC,STANLEY DUFFY,980205,M,0000012468572,0000000000427,54,
PM0541064446,AP0099415844,260115,TL20,AC,LESLIE PATEL,630619,M,0000010931364,0000000000208,08,
PM0507861948,AP0142590347,260115,TL30,TE,DEREK PATEL,910928,F,0000014875305,0000000000352,81,
PM0099184733,AP0878445305,260115,TL20,RS,MARGARET PATEL,640215,F,0000005702106,0000000000319,96,
PM0674763617,AP0836103781,260115,EN15,AC,DEREK SZYMANSKI,780116,M,0000019378032,0000000000262,86,
PM0373675746,AP0286932245,260115,EN15,RS,JOAN PATEL,770617,M,0000022954298,0000000000148,21,
PM0276234851,AP0063845277,260115,WL01,AC,BRENDA PATEL,501018,M,0000019095503,0000000000396,21,
PM0896989419,AP0699142203,260115,WL01,CL,PAULINE CLARKE,810323,F,0000017593128,0000000000398,85,
PM0176659300,AP0459082350,260115,TL20,AC,MARGARET CLARKE,410603,F,0000009091738,0000000000201,58,
PM0469266619,AP0490545178,260115,TL10,AC,STANLEY CLARKE,891123,M,0000011951712,0000000000386,49,
PM0048548034,AP0564583615,260115,WL01,LA,STANLEY WHITTAKER,950214,M,0000023435987,0000000000162,10,
PM0340087231,AP0240349618,260115,TL30,AC,EILEEN PATEL,321022,M,0000021752018,0000000000265,14,
PM0113042049,AP0366375167,260115,TL10,AC,GORDON PATEL,350407,F,0000013697247,0000000000221,69,
PM0047269409,AP0485229015,260115,WL01,AC,DEREK CLARKE,370526,M,0000003149128,0000000000210,25,
PM0183759341,AP0915068374,260115,TL30,AC,GORDON OGUNLEYE,830515,M,0000003531600,0000000000399,84,
PM0093921632,AP0964051381,260115,WL01,GR,MARGARET WHITTAKER,620510,F,0000015052260,0000000000276,22,
PM0076553222,AP0442228530,260115,TL20,AC,HAROLD DUFFY,680808,F,0000017773284,0000000000056,30,
PM0442756317,AP0290372587,260115,EN15,AC,DOREEN DUFFY,930512,F,0000001564518,0000000000313,88,
PM0624446289,AP0527678988,260115,WL01,AC,EILEEN DUFFY,310110,M,0000010999380,0000000000117,97,
PM0863169425,AP0516119339,260115,EN15,AC,HAROLD WHITTAKER,710115,F,0000018984360,0000000000359,49,
PM0108924539,AP0431476182,260115,EN15,CL,NORMAN OGUNLEYE,690725,F,0000010047470,0000000000344,73,
PM0495617225,AP0572723469,260115,EN15,GR,BRENDA WHITTAKER,931018,F,0000002663721,0000000000407,74,
PM0007815564,AP0623738656,260115,TL20,LA,EILEEN PATEL,870224,F,0000022267437,0000000000216,22,
PM0241194221,AP0960103038,260115,WL01,TE,EILEEN OGUNLEYE,771215,M,0000003032877,0000000000400,70,
PM0035979715,AP0474715865,260115,WL01,AC,STANLEY PATEL,381013,F,0000016519726,0000000000096,32,
PM0593469300,AP0721867385,260115,EN15,AC,PAULINE SZYMANSKI,740717,F,0000016864055,0000000000358,91,
PM0020412904,AP0789971024,260115,EN15,AC,HAROLD MCALLISTER,500821,F,0000017180271,0000000000412,35,
PM0335384862,AP0701185357,260115,TL10,AC,DEREK MCALLISTER,301108,F,0000004345445,0000000000173,84,
PM0588509565,AP0109930982,260115,WL01,AC,HAROLD DUFFY,850324,F,0000012784435,0000000000348,79,
PM0796572932,AP0686437551,260115,TL20,AC,EILEEN MCALLISTER,470424,F,0000004883248,0000000000039,46,
PM0608469147,AP0730726461,260115,TL10,TE,HAROLD WHITTAKER,300702,F,0000018176355,0000000000334,76,
PM0917600087,AP0725325850,260115,TL20,TE,STANLEY HUGHES,720121,F,0000003275508,0000000000263,23,
PM0220243983,AP0161025767,260115,WL01,AC,JOAN OKAFOR,380301,M,0000014347303,0000000000175,47,
PM0446366849,AP0880681378,260115,EN15,AC,JOAN WHITTAKER,471210,F,0000021591052,0000000000129,75,
PM0686446940,AP0076624505,260115,TL30,CL,MARGARET OKAFOR,311115,F,0000021341169,0000000000332,76,
PM0833837729,AP0015701066,260115,EN15,LA,LESLIE PATEL,710602,F,0000001157713,0000000000437,70,
PM0520576588,AP0637179974,260115,TL20,AC,LESLIE MCALLISTER,841113,F,0000024775380,0000000000022,36,
PM0065065254,AP0611887407,260115,WL01,AC,EILEEN OGUNLEYE,371010,F,0000014254386,0000000000096,48,
PM0383217476,AP0861200399,260115,TL10,AC,LESLIE MCALLISTER,980910,F,0000008592107,0000000000227,63,
PM0447294528,AP0961552296,260115,TL30,AC,NORMAN OKAFOR,591218,F,0000013006043,0000000000057,86,
PM0875577335,AP0833180402,260115,EN15,AC,EILEEN HUGHES,320605,M,0000009314285,0000000000078,35,
PM0886872384,AP0608969812,260115,TL10,LA,NORMAN DUFFY,840313,F,0000011485898,0000000000349,48,
PM0413158355,AP0882648244,260115,TL10,TE,JOAN WHITTAKER,580207,F,0000006722355,0000000000213,27,
PM0343400064,AP0909699242,260115,EN15,AC,HAROLD BOWEN,700220,M,0000020521086,0000000000064,52,
PM0240239395,AP0770085347,260115,EN15,LA,MARGARET PATEL,321216,F,0000015975310,0000000000339,63,
PM0041988346,AP0697512106,260115,EN15,AC,NORMAN OGUNLEYE,671206,M,0000024542335,0000000000286,64,
PM0444037640,AP0553482602,260115,EN15,AC,EILEEN BOWEN,690225,M,0000014278683,0000000000255,40,
PM0107631076,AP0097843039,260115,EN15,GR,MARGARET CLARKE,450123,F,0000021544595,0000000000233,95,
PM0291704634,AP0250480308,260115,TL10,AC,MARGARET PATEL,280316,F,0000020490517,0000000000290,21,
PM0329050971,AP0888136311,260115,TL20,LA,DOREEN OGUNLEYE,840112,M,0000021446338,0000000000421,01,
PM0753828736,AP0135021313,260115,TL20,AC,JOAN MCALLISTER,560505,F,0000017885528,0000000000340,31,
PM0055117703,AP0880461460,260115,TL30,AC,DEREK PATEL,621102,M,0000001083344,0000000000246,75,
PM0218757856,AP0465315365,260115,TL20,LA,JOAN MCALLISTER,370618,M,0000011014225,0000000000051,78,
PM0867545953,AP0793965050,260115,TL30,AC,DEREK MCALLISTER,980727,F,0000009900804,0000000000017,36,
PM0576160222,AP0258863149,260115,WL01,AC,HAROLD CLARKE,530404,M,0000017166108,0000000000199,40,
PM0546871840,AP0745069631,260115,TL30,AC,MARGARET OKAFOR,400121,M,0000016524852,0000000000270,41,
PM0779574104,AP0483998696,260115,EN15,AC,MARGARET MCALLISTER,410803,M,0000012622676,0000000000412,23,
PM0689861556,AP0015464541,260115,TL20,AC,PAULINE WHITTAKER,571126,F,0000021043134,0000000000104,91,
PM0154523683,AP0429293757,260115,WL01,GR,MARGARET PATEL,870327,M,0000017538110,0000000000156,55,
PM0060450573,AP0477996843,260115,WL01,GR,NORMAN PATEL,620514,F,0000010828344,0000000000141,15,
PM0662252882,AP0592325300,260115,TL10,TE,LESLIE OKAFOR,430919,M,0000018953234,0000000000057,89,
PM0811641944,AP0448205295,260115,WL01,AC,HAROLD OGUNLEYE,730817,F,0000015800364,0000000000051,05,
PM0884005905,AP0155888096,260115,WL01,TE,DEREK PATEL,400903,M,0000022947095,0000000000293,48,
PM0888321816,AP0082885109,260115,EN15,AC,NORMAN OKAFOR,450527,M,0000021637809,0000000000398,32,
PM0024135637,AP0214491259,260115,TL30,AC,DEREK PATEL,330506,F,0000002561731,0000000000157,51,
PM0907173750,AP0999393227,260115,EN15,AC,NORMAN MCALLISTER,520114,M,0000001962356,0000000000075,79,
PM0376852851,AP0618778115,260115,TL30,AC,PAULINE DUFFY,501217,F,0000010394299,0000000000412,56,
PM0815579145,AP0211835302,260115,TL30,RS,JOAN MCALLISTER,950606,M,0000019677582,0000000000396,56,
PM0333425167,AP0788085663,260115,TL10,PE,MARGARET DUFFY,560403,F,0000004357436,0000000000140,10,
PM0293123258,AP0203078969,260115,TL30,AC,JOAN PATEL,990420,M,0000008783680,0000000000396,52,
PM0407225494,AP0648558376,260115,EN15,AC,GORDON HUGHES,461228,M,0000008552630,0000000000033,17,
PM0466118089,AP0145909062,260115,EN15,AC,BRENDA DUFFY,950122,M,0000006766552,0000000000380,48,
PM0314491329,AP0132637080,260115,EN15,AC,EILEEN OGUNLEYE,620119,M,0000014303225,0000000000354,71,
PM0847365634,AP0656591275,260115,TL10,TE,GORDON BOWEN,500107,M,0000023185369,0000000000067,27,
PM0628314249,AP0689971219,260115,EN15,LA,NORMAN CLARKE,430517,M,0000016568127,0000000000359,07,
PM0296566280,AP0787404524,260115,TL10,LA,EILEEN DUFFY,590925,F,0000007997448,0000000000204,01,
PM0529196138,AP0788724013,260115,EN15,AC,STANLEY PATEL,890817,F,0000012361956,0000000000422,15,
PM0093375116,AP0128275047,260115,TL10,AC,LESLIE DUFFY,540724,F,0000017317747,0000000000410,80,
PM0716284957,AP0909345172,260115,EN15,AC,DEREK OKAFOR,310716,F,0000017139738,0000000000124,01,
PM0320082382,AP0177661459,260115,TL10,AC,PAULINE PATEL,461017,M,0000008446516,0000000000206,45,
PM0589402266,AP0214622464,260115,WL01,AC,JOAN CLARKE,450612,F,0000015801402,0000000000202,40,
PM0877873544,AP0593589464,260115,TL10,LA,LESLIE HUGHES,660420,M,0000023910212,0000000000192,75,
PM0987199879,AP0695688796,260115,TL20,GR,STANLEY BOWEN,880315,F,0000008777289,0000000000151,72,
PM0375883624,AP0645749345,260115,TL30,AC,LESLIE CLARKE,470420,F,0000023867025,0000000000373,09,
PM0273356436,AP0466461934,260115,WL01,GR,JOAN BOWEN,580728,M,0000015712525,0000000000272,95,
PM0561437922,AP0981804099,260115,EN15,AC,BRENDA MCALLISTER,441207,M,0000004098867,0000000000248,48,
PM0938127394,AP0878809996,260115,TL30,AC,PAULINE CLARKE,380801,F,0000006547857,0000000000229,22,
PM0338377262,AP0508789455,260115,WL01,LA,JOAN MCALLISTER,380122,F,0000021089414,0000000000172,26,
PM0515021619,AP0774040823,260115,TL10,AC,DOREEN CLARKE,530406,M,0000017495216,0000000000333,62,
PM0098303428,AP0658850909,260115,TL20,AC,PAULINE SZYMANSKI,890723,F,0000004415342,0000000000163,99,
PM0806193439,AP0945706072,260115,TL10,AC,GORDON CLARKE,830417,M,0000022035422,0000000000131,40,
PM0918357389,AP0037345925,260115,TL10,AC,MARGARET OKAFOR,280409,F,0000020761632,0000000000307,52,
PM0729515606,AP0926674260,260115,EN15,LA,GORDON CLARKE,930423,M,0000015428375,0000000000361,70,
PM0921956755,AP0137769410,260115,TL10,GR,GORDON PATEL,960510,F,0000001258769,0000000000258,07,
PM0825261858,AP0010614985,260115,WL01,AC,EILEEN OGUNLEYE,761125,F,0000011942790,0000000000281,91,
PM0907750401,AP0420148320,260115,TL20,PE,STANLEY WHITTAKER,860517,F,0000005935055,0000000000315,29,
