golden_seed,key_value,diff_reason
_placeholder_,_none_,Documented intentional diffs go here: golden seed name + pipe-joined key columns + reason (DQR reference)
golden_stg_earned_premium,ALB-CLB-0000210,Canonical unearned_premium() subtracts the rounded earned figure so earned + unearned tie out to GWP exactly; legacy BTEQ 06 rounded each leg independently (0.01 penny break)
golden_stg_earned_premium,ALB-CLB-0000215,Canonical unearned_premium() subtracts the rounded earned figure so earned + unearned tie out to GWP exactly; legacy BTEQ 06 rounded each leg independently (0.01 penny break)
golden_stg_earned_premium,ALB-CLB-0000920,Canonical unearned_premium() subtracts the rounded earned figure so earned + unearned tie out to GWP exactly; legacy BTEQ 06 rounded each leg independently (0.01 penny break)
golden_stg_earned_premium,ALB-CLB-0002308,Canonical unearned_premium() subtracts the rounded earned figure so earned + unearned tie out to GWP exactly; legacy BTEQ 06 rounded each leg independently (0.01 penny break)
golden_stg_earned_premium,ALB-CLB-0002646,Canonical unearned_premium() subtracts the rounded earned figure so earned + unearned tie out to GWP exactly; legacy BTEQ 06 rounded each leg independently (0.01 penny break)
golden_stg_earned_premium,ALB-CLB-0002975,Canonical unearned_premium() subtracts the rounded earned figure so earned + unearned tie out to GWP exactly; legacy BTEQ 06 rounded each leg independently (0.01 penny break)
golden_stg_earned_premium,ALB-CLB-0003921,Canonical unearned_premium() subtracts the rounded earned figure so earned + unearned tie out to GWP exactly; legacy BTEQ 06 rounded each leg independently (0.01 penny break)
golden_stg_earned_premium,ALB-CLB-0004416,Canonical unearned_premium() subtracts the rounded earned figure so earned + unearned tie out to GWP exactly; legacy BTEQ 06 rounded each leg independently (0.01 penny break)
golden_stg_earned_premium,ALB-CPM-0002029,Canonical unearned_premium() subtracts the rounded earned figure so earned + unearned tie out to GWP exactly; legacy BTEQ 06 rounded each leg independently (0.01 penny break)
golden_stg_earned_premium,ALB-CPM-0002360,Canonical unearned_premium() subtracts the rounded earned figure so earned + unearned tie out to GWP exactly; legacy BTEQ 06 rounded each leg independently (0.01 penny break)
golden_stg_earned_premium,ALB-CPM-0002544,Canonical unearned_premium() subtracts the rounded earned figure so earned + unearned tie out to GWP exactly; legacy BTEQ 06 rounded each leg independently (0.01 penny break)
golden_stg_earned_premium,ALB-CPM-0003352,Canonical unearned_premium() subtracts the rounded earned figure so earned + unearned tie out to GWP exactly; legacy BTEQ 06 rounded each leg independently (0.01 penny break)
golden_stg_earned_premium,ALB-CPM-0004366,Canonical unearned_premium() subtracts the rounded earned figure so earned + unearned tie out to GWP exactly; legacy BTEQ 06 rounded each leg independently (0.01 penny break)
golden_stg_earned_premium,ALB-CPM-0004632,Canonical unearned_premium() subtracts the rounded earned figure so earned + unearned tie out to GWP exactly; legacy BTEQ 06 rounded each leg independently (0.01 penny break)
golden_stg_earned_premium,ALB-CPM-0005170,Canonical unearned_premium() subtracts the rounded earned figure so earned + unearned tie out to GWP exactly; legacy BTEQ 06 rounded each leg independently (0.01 penny break)
golden_stg_earned_premium,ALB-HOM-0000233,Canonical unearned_premium() subtracts the rounded earned figure so earned + unearned tie out to GWP exactly; legacy BTEQ 06 rounded each leg independently (0.01 penny break)
golden_stg_earned_premium,ALB-HOM-0000291,Canonical unearned_premium() subtracts the rounded earned figure so earned + unearned tie out to GWP exactly; legacy BTEQ 06 rounded each leg independently (0.01 penny break)
golden_stg_earned_premium,ALB-HOM-0000993,Canonical unearned_premium() subtracts the rounded earned figure so earned + unearned tie out to GWP exactly; legacy BTEQ 06 rounded each leg independently (0.01 penny break)
golden_stg_earned_premium,ALB-HOM-0002114,Canonical unearned_premium() subtracts the rounded earned figure so earned + unearned tie out to GWP exactly; legacy BTEQ 06 rounded each leg independently (0.01 penny break)
golden_stg_earned_premium,ALB-HOM-0002225,Canonical unearned_premium() subtracts the rounded earned figure so earned + unearned tie out to GWP exactly; legacy BTEQ 06 rounded each leg independently (0.01 penny break)
golden_stg_earned_premium,ALB-HOM-0002928,Canonical unearned_premium() subtracts the rounded earned figure so earned + unearned tie out to GWP exactly; legacy BTEQ 06 rounded each leg independently (0.01 penny break)
golden_stg_earned_premium,ALB-HOM-0003367,Canonical unearned_premium() subtracts the rounded earned figure so earned + unearned tie out to GWP exactly; legacy BTEQ 06 rounded each leg independently (0.01 penny break)
golden_stg_earned_premium,ALB-HOM-0004156,Canonical unearned_premium() subtracts the rounded earned figure so earned + unearned tie out to GWP exactly; legacy BTEQ 06 rounded each leg independently (0.01 penny break)
golden_stg_earned_premium,ALB-HOM-0004700,Canonical unearned_premium() subtracts the rounded earned figure so earned + unearned tie out to GWP exactly; legacy BTEQ 06 rounded each leg independently (0.01 penny break)
golden_stg_earned_premium,ALB-MOT-0000933,Canonical unearned_premium() subtracts the rounded earned figure so earned + unearned tie out to GWP exactly; legacy BTEQ 06 rounded each leg independently (0.01 penny break)
golden_stg_earned_premium,ALB-MOT-0001577,Canonical unearned_premium() subtracts the rounded earned figure so earned + unearned tie out to GWP exactly; legacy BTEQ 06 rounded each leg independently (0.01 penny break)
golden_stg_earned_premium,ALB-MOT-0001971,Canonical unearned_premium() subtracts the rounded earned figure so earned + unearned tie out to GWP exactly; legacy BTEQ 06 rounded each leg independently (0.01 penny break)
golden_stg_earned_premium,ALB-MOT-0004625,Canonical unearned_premium() subtracts the rounded earned figure so earned + unearned tie out to GWP exactly; legacy BTEQ 06 rounded each leg independently (0.01 penny break)
golden_stg_earned_premium,ALB-PET-0001741,Canonical unearned_premium() subtracts the rounded earned figure so earned + unearned tie out to GWP exactly; legacy BTEQ 06 rounded each leg independently (0.01 penny break)
golden_stg_earned_premium,ALB-PET-0001743,Canonical unearned_premium() subtracts the rounded earned figure so earned + unearned tie out to GWP exactly; legacy BTEQ 06 rounded each leg independently (0.01 penny break)
golden_stg_earned_premium,ALB-PET-0003372,Canonical unearned_premium() subtracts the rounded earned figure so earned + unearned tie out to GWP exactly; legacy BTEQ 06 rounded each leg independently (0.01 penny break)
golden_stg_earned_premium,ALB-PET-0003797,Canonical unearned_premium() subtracts the rounded earned figure so earned + unearned tie out to GWP exactly; legacy BTEQ 06 rounded each leg independently (0.01 penny break)
golden_stg_earned_premium,ALB-PET-0004087,Canonical unearned_premium() subtracts the rounded earned figure so earned + unearned tie out to GWP exactly; legacy BTEQ 06 rounded each leg independently (0.01 penny break)
golden_stg_earned_premium,ALB-PET-0004622,Canonical unearned_premium() subtracts the rounded earned figure so earned + unearned tie out to GWP exactly; legacy BTEQ 06 rounded each leg independently (0.01 penny break)
golden_stg_earned_premium,ALB-TRV-0000299,Canonical unearned_premium() subtracts the rounded earned figure so earned + unearned tie out to GWP exactly; legacy BTEQ 06 rounded each leg independently (0.01 penny break)
golden_stg_earned_premium,ALB-TRV-0000490,Canonical unearned_premium() subtracts the rounded earned figure so earned + unearned tie out to GWP exactly; legacy BTEQ 06 rounded each leg independently (0.01 penny break)
golden_stg_earned_premium,ALB-TRV-0000808,Canonical unearned_premium() subtracts the rounded earned figure so earned + unearned tie out to GWP exactly; legacy BTEQ 06 rounded each leg independently (0.01 penny break)
golden_stg_earned_premium,ALB-TRV-0002032,Canonical unearned_premium() subtracts the rounded earned figure so earned + unearned tie out to GWP exactly; legacy BTEQ 06 rounded each leg independently (0.01 penny break)
golden_stg_earned_premium,ALB-TRV-0002088,Canonical unearned_premium() subtracts the rounded earned figure so earned + unearned tie out to GWP exactly; legacy BTEQ 06 rounded each leg independently (0.01 penny break)
golden_stg_earned_premium,ALB-TRV-0002519,Canonical unearned_premium() subtracts the rounded earned figure so earned + unearned tie out to GWP exactly; legacy BTEQ 06 rounded each leg independently (0.01 penny break)
golden_stg_earned_premium,ALB-TRV-0003056,Canonical unearned_premium() subtracts the rounded earned figure so earned + unearned tie out to GWP exactly; legacy BTEQ 06 rounded each leg independently (0.01 penny break)
golden_stg_earned_premium,ALB-TRV-0003690,Canonical unearned_premium() subtracts the rounded earned figure so earned + unearned tie out to GWP exactly; legacy BTEQ 06 rounded each leg independently (0.01 penny break)
golden_stg_earned_premium,ALB-TRV-0005059,Canonical unearned_premium() subtracts the rounded earned figure so earned + unearned tie out to GWP exactly; legacy BTEQ 06 rounded each leg independently (0.01 penny break)
golden_stg_policy_360,ALB-CLB-0000515,"DQR-014 converged postcode rule: standardise_postcode auto-repairs compact postcodes (EC1A1BB), flipping postcode_dq_status INVALID -> VALID vs the legacy BTEQ 04 space-required variant"
golden_stg_policy_360,ALB-CLB-0002185,"DQR-014 converged postcode rule: standardise_postcode auto-repairs compact postcodes (EC1A1BB), flipping postcode_dq_status INVALID -> VALID vs the legacy BTEQ 04 space-required variant"
golden_stg_policy_360,ALB-CLB-0002849,"DQR-014 converged postcode rule: standardise_postcode auto-repairs compact postcodes (EC1A1BB), flipping postcode_dq_status INVALID -> VALID vs the legacy BTEQ 04 space-required variant"
golden_stg_policy_360,ALB-CLB-0003047,"DQR-014 converged postcode rule: standardise_postcode auto-repairs compact postcodes (EC1A1BB), flipping postcode_dq_status INVALID -> VALID vs the legacy BTEQ 04 space-required variant"
golden_stg_policy_360,ALB-CLB-0003309,"DQR-014 converged postcode rule: standardise_postcode auto-repairs compact postcodes (EC1A1BB), flipping postcode_dq_status INVALID -> VALID vs the legacy BTEQ 04 space-required variant"
golden_stg_policy_360,ALB-CLB-0004478,"DQR-014 converged postcode rule: standardise_postcode auto-repairs compact postcodes (EC1A1BB), flipping postcode_dq_status INVALID -> VALID vs the legacy BTEQ 04 space-required variant"
golden_stg_policy_360,ALB-CLB-0004680,"DQR-014 converged postcode rule: standardise_postcode auto-repairs compact postcodes (EC1A1BB), flipping postcode_dq_status INVALID -> VALID vs the legacy BTEQ 04 space-required variant"
golden_stg_policy_360,ALB-CLB-0005033,"DQR-014 converged postcode rule: standardise_postcode auto-repairs compact postcodes (EC1A1BB), flipping postcode_dq_status INVALID -> VALID vs the legacy BTEQ 04 space-required variant"
golden_stg_policy_360,ALB-CLB-0005063,"DQR-014 converged postcode rule: standardise_postcode auto-repairs compact postcodes (EC1A1BB), flipping postcode_dq_status INVALID -> VALID vs the legacy BTEQ 04 space-required variant"
golden_stg_policy_360,ALB-CPM-0000685,"DQR-014 converged postcode rule: standardise_postcode auto-repairs compact postcodes (EC1A1BB), flipping postcode_dq_status INVALID -> VALID vs the legacy BTEQ 04 space-required variant"
golden_stg_policy_360,ALB-CPM-0000976,"DQR-014 converged postcode rule: standardise_postcode auto-repairs compact postcodes (EC1A1BB), flipping postcode_dq_status INVALID -> VALID vs the legacy BTEQ 04 space-required variant"
golden_stg_policy_360,ALB-CPM-0001591,"DQR-014 converged postcode rule: standardise_postcode auto-repairs compact postcodes (EC1A1BB), flipping postcode_dq_status INVALID -> VALID vs the legacy BTEQ 04 space-required variant"
golden_stg_policy_360,ALB-CPM-0002112,"DQR-014 converged postcode rule: standardise_postcode auto-repairs compact postcodes (EC1A1BB), flipping postcode_dq_status INVALID -> VALID vs the legacy BTEQ 04 space-required variant"
golden_stg_policy_360,ALB-CPM-0002581,"DQR-014 converged postcode rule: standardise_postcode auto-repairs compact postcodes (EC1A1BB), flipping postcode_dq_status INVALID -> VALID vs the legacy BTEQ 04 space-required variant"
golden_stg_policy_360,ALB-CPM-0003014,"DQR-014 converged postcode rule: standardise_postcode auto-repairs compact postcodes (EC1A1BB), flipping postcode_dq_status INVALID -> VALID vs the legacy BTEQ 04 space-required variant"
golden_stg_policy_360,ALB-CPM-0003063,"DQR-014 converged postcode rule: standardise_postcode auto-repairs compact postcodes (EC1A1BB), flipping postcode_dq_status INVALID -> VALID vs the legacy BTEQ 04 space-required variant"
golden_stg_policy_360,ALB-CPM-0003671,"DQR-014 converged postcode rule: standardise_postcode auto-repairs compact postcodes (EC1A1BB), flipping postcode_dq_status INVALID -> VALID vs the legacy BTEQ 04 space-required variant"
golden_stg_policy_360,ALB-CPM-0004279,"DQR-014 converged postcode rule: standardise_postcode auto-repairs compact postcodes (EC1A1BB), flipping postcode_dq_status INVALID -> VALID vs the legacy BTEQ 04 space-required variant"
golden_stg_policy_360,ALB-CPM-0004721,"DQR-014 converged postcode rule: standardise_postcode auto-repairs compact postcodes (EC1A1BB), flipping postcode_dq_status INVALID -> VALID vs the legacy BTEQ 04 space-required variant"
golden_stg_policy_360,ALB-CPM-0004923,"DQR-014 converged postcode rule: standardise_postcode auto-repairs compact postcodes (EC1A1BB), flipping postcode_dq_status INVALID -> VALID vs the legacy BTEQ 04 space-required variant"
golden_stg_policy_360,ALB-HOM-0000103,"DQR-014 converged postcode rule: standardise_postcode auto-repairs compact postcodes (EC1A1BB), flipping postcode_dq_status INVALID -> VALID vs the legacy BTEQ 04 space-required variant"
golden_stg_policy_360,ALB-HOM-0000764,"DQR-014 converged postcode rule: standardise_postcode auto-repairs compact postcodes (EC1A1BB), flipping postcode_dq_status INVALID -> VALID vs the legacy BTEQ 04 space-required variant"
golden_stg_policy_360,ALB-HOM-0002790,"DQR-014 converged postcode rule: standardise_postcode auto-repairs compact postcodes (EC1A1BB), flipping postcode_dq_status INVALID -> VALID vs the legacy BTEQ 04 space-required variant"
golden_stg_policy_360,ALB-HOM-0002990,"DQR-014 converged postcode rule: standardise_postcode auto-repairs compact postcodes (EC1A1BB), flipping postcode_dq_status INVALID -> VALID vs the legacy BTEQ 04 space-required variant"
golden_stg_policy_360,ALB-HOM-0002994,"DQR-014 converged postcode rule: standardise_postcode auto-repairs compact postcodes (EC1A1BB), flipping postcode_dq_status INVALID -> VALID vs the legacy BTEQ 04 space-required variant"
golden_stg_policy_360,ALB-MOT-0000951,"DQR-014 converged postcode rule: standardise_postcode auto-repairs compact postcodes (EC1A1BB), flipping postcode_dq_status INVALID -> VALID vs the legacy BTEQ 04 space-required variant"
golden_stg_policy_360,ALB-MOT-0001098,"DQR-014 converged postcode rule: standardise_postcode auto-repairs compact postcodes (EC1A1BB), flipping postcode_dq_status INVALID -> VALID vs the legacy BTEQ 04 space-required variant"
golden_stg_policy_360,ALB-MOT-0001350,"DQR-014 converged postcode rule: standardise_postcode auto-repairs compact postcodes (EC1A1BB), flipping postcode_dq_status INVALID -> VALID vs the legacy BTEQ 04 space-required variant"
golden_stg_policy_360,ALB-MOT-0001605,"DQR-014 converged postcode rule: standardise_postcode auto-repairs compact postcodes (EC1A1BB), flipping postcode_dq_status INVALID -> VALID vs the legacy BTEQ 04 space-required variant"
golden_stg_policy_360,ALB-MOT-0002077,"DQR-014 converged postcode rule: standardise_postcode auto-repairs compact postcodes (EC1A1BB), flipping postcode_dq_status INVALID -> VALID vs the legacy BTEQ 04 space-required variant"
golden_stg_policy_360,ALB-MOT-0002230,"DQR-014 converged postcode rule: standardise_postcode auto-repairs compact postcodes (EC1A1BB), flipping postcode_dq_status INVALID -> VALID vs the legacy BTEQ 04 space-required variant"
golden_stg_policy_360,ALB-MOT-0002353,"DQR-014 converged postcode rule: standardise_postcode auto-repairs compact postcodes (EC1A1BB), flipping postcode_dq_status INVALID -> VALID vs the legacy BTEQ 04 space-required variant"
golden_stg_policy_360,ALB-MOT-0002436,"DQR-014 converged postcode rule: standardise_postcode auto-repairs compact postcodes (EC1A1BB), flipping postcode_dq_status INVALID -> VALID vs the legacy BTEQ 04 space-required variant"
golden_stg_policy_360,ALB-MOT-0002832,"DQR-014 converged postcode rule: standardise_postcode auto-repairs compact postcodes (EC1A1BB), flipping postcode_dq_status INVALID -> VALID vs the legacy BTEQ 04 space-required variant"
golden_stg_policy_360,ALB-MOT-0002864,"DQR-014 converged postcode rule: standardise_postcode auto-repairs compact postcodes (EC1A1BB), flipping postcode_dq_status INVALID -> VALID vs the legacy BTEQ 04 space-required variant"
golden_stg_policy_360,ALB-MOT-0004506,"DQR-014 converged postcode rule: standardise_postcode auto-repairs compact postcodes (EC1A1BB), flipping postcode_dq_status INVALID -> VALID vs the legacy BTEQ 04 space-required variant"
golden_stg_policy_360,ALB-MOT-0005154,"DQR-014 converged postcode rule: standardise_postcode auto-repairs compact postcodes (EC1A1BB), flipping postcode_dq_status INVALID -> VALID vs the legacy BTEQ 04 space-required variant"
golden_stg_policy_360,ALB-PET-0000016,"DQR-014 converged postcode rule: standardise_postcode auto-repairs compact postcodes (EC1A1BB), flipping postcode_dq_status INVALID -> VALID vs the legacy BTEQ 04 space-required variant"
golden_stg_policy_360,ALB-PET-0000483,"DQR-014 converged postcode rule: standardise_postcode auto-repairs compact postcodes (EC1A1BB), flipping postcode_dq_status INVALID -> VALID vs the legacy BTEQ 04 space-required variant"
golden_stg_policy_360,ALB-PET-0001806,"DQR-014 converged postcode rule: standardise_postcode auto-repairs compact postcodes (EC1A1BB), flipping postcode_dq_status INVALID -> VALID vs the legacy BTEQ 04 space-required variant"
golden_stg_policy_360,ALB-PET-0002466,"DQR-014 converged postcode rule: standardise_postcode auto-repairs compact postcodes (EC1A1BB), flipping postcode_dq_status INVALID -> VALID vs the legacy BTEQ 04 space-required variant"
golden_stg_policy_360,ALB-PET-0002895,"DQR-014 converged postcode rule: standardise_postcode auto-repairs compact postcodes (EC1A1BB), flipping postcode_dq_status INVALID -> VALID vs the legacy BTEQ 04 space-required variant"
golden_stg_policy_360,ALB-PET-0002965,"DQR-014 converged postcode rule: standardise_postcode auto-repairs compact postcodes (EC1A1BB), flipping postcode_dq_status INVALID -> VALID vs the legacy BTEQ 04 space-required variant"
golden_stg_policy_360,ALB-PET-0004445,"DQR-014 converged postcode rule: standardise_postcode auto-repairs compact postcodes (EC1A1BB), flipping postcode_dq_status INVALID -> VALID vs the legacy BTEQ 04 space-required variant"
golden_stg_policy_360,ALB-PET-0004689,"DQR-014 converged postcode rule: standardise_postcode auto-repairs compact postcodes (EC1A1BB), flipping postcode_dq_status INVALID -> VALID vs the legacy BTEQ 04 space-required variant"
golden_stg_policy_360,ALB-PET-0004747,"DQR-014 converged postcode rule: standardise_postcode auto-repairs compact postcodes (EC1A1BB), flipping postcode_dq_status INVALID -> VALID vs the legacy BTEQ 04 space-required variant"
golden_stg_policy_360,ALB-PET-0005118,"DQR-014 converged postcode rule: standardise_postcode auto-repairs compact postcodes (EC1A1BB), flipping postcode_dq_status INVALID -> VALID vs the legacy BTEQ 04 space-required variant"
golden_stg_policy_360,ALB-TRV-0000407,"DQR-014 converged postcode rule: standardise_postcode auto-repairs compact postcodes (EC1A1BB), flipping postcode_dq_status INVALID -> VALID vs the legacy BTEQ 04 space-required variant"
golden_stg_policy_360,ALB-TRV-0001301,"DQR-014 converged postcode rule: standardise_postcode auto-repairs compact postcodes (EC1A1BB), flipping postcode_dq_status INVALID -> VALID vs the legacy BTEQ 04 space-required variant"
golden_stg_policy_360,ALB-TRV-0001531,"DQR-014 converged postcode rule: standardise_postcode auto-repairs compact postcodes (EC1A1BB), flipping postcode_dq_status INVALID -> VALID vs the legacy BTEQ 04 space-required variant"
golden_stg_policy_360,ALB-TRV-0003210,"DQR-014 converged postcode rule: standardise_postcode auto-repairs compact postcodes (EC1A1BB), flipping postcode_dq_status INVALID -> VALID vs the legacy BTEQ 04 space-required variant"
golden_stg_policy_360,ALB-TRV-0003679,"DQR-014 converged postcode rule: standardise_postcode auto-repairs compact postcodes (EC1A1BB), flipping postcode_dq_status INVALID -> VALID vs the legacy BTEQ 04 space-required variant"
golden_stg_policy_360,ALB-TRV-0004069,"DQR-014 converged postcode rule: standardise_postcode auto-repairs compact postcodes (EC1A1BB), flipping postcode_dq_status INVALID -> VALID vs the legacy BTEQ 04 space-required variant"
golden_stg_policy_360,ALB-TRV-0004255,"DQR-014 converged postcode rule: standardise_postcode auto-repairs compact postcodes (EC1A1BB), flipping postcode_dq_status INVALID -> VALID vs the legacy BTEQ 04 space-required variant"
golden_stg_policy_360,ALB-TRV-0004336,"DQR-014 converged postcode rule: standardise_postcode auto-repairs compact postcodes (EC1A1BB), flipping postcode_dq_status INVALID -> VALID vs the legacy BTEQ 04 space-required variant"
golden_stg_policy_360,ALB-TRV-0004453,"DQR-014 converged postcode rule: standardise_postcode auto-repairs compact postcodes (EC1A1BB), flipping postcode_dq_status INVALID -> VALID vs the legacy BTEQ 04 space-required variant"
golden_stg_policy_360,ALB-TRV-0005123,"DQR-014 converged postcode rule: standardise_postcode auto-repairs compact postcodes (EC1A1BB), flipping postcode_dq_status INVALID -> VALID vs the legacy BTEQ 04 space-required variant"
golden_stg_policy_360,ALB-TRV-0005173,"DQR-014 converged postcode rule: standardise_postcode auto-repairs compact postcodes (EC1A1BB), flipping postcode_dq_status INVALID -> VALID vs the legacy BTEQ 04 space-required variant"
golden_stg_policy_360,ALB-CLB-0000092,Cross-engine half-pence rounding boundary: the canonical earned_premium() cast lands exactly on .xx5 which DuckDB decimal division truncates and Snowflake rounds half-up (1p break vs the DuckDB-generated legacy baseline)
golden_stg_policy_360,ALB-CLB-0002556,Cross-engine half-pence rounding boundary: the canonical earned_premium() cast lands exactly on .xx5 which DuckDB decimal division truncates and Snowflake rounds half-up (1p break vs the DuckDB-generated legacy baseline)
golden_stg_policy_360,ALB-CPM-0001791,Cross-engine half-pence rounding boundary: the canonical earned_premium() cast lands exactly on .xx5 which DuckDB decimal division truncates and Snowflake rounds half-up (1p break vs the DuckDB-generated legacy baseline)
golden_stg_policy_360,ALB-HOM-0004540,Cross-engine half-pence rounding boundary: the canonical earned_premium() cast lands exactly on .xx5 which DuckDB decimal division truncates and Snowflake rounds half-up (1p break vs the DuckDB-generated legacy baseline)
golden_stg_policy_360,ALB-HOM-0004700,Cross-engine half-pence rounding boundary: the canonical earned_premium() cast lands exactly on .xx5 which DuckDB decimal division truncates and Snowflake rounds half-up (1p break vs the DuckDB-generated legacy baseline)
golden_stg_policy_360,ALB-MOT-0003041,Cross-engine half-pence rounding boundary: the canonical earned_premium() cast lands exactly on .xx5 which DuckDB decimal division truncates and Snowflake rounds half-up (1p break vs the DuckDB-generated legacy baseline)
golden_stg_policy_360,ALB-PET-0000120,Cross-engine half-pence rounding boundary: the canonical earned_premium() cast lands exactly on .xx5 which DuckDB decimal division truncates and Snowflake rounds half-up (1p break vs the DuckDB-generated legacy baseline)
golden_stg_policy_360,ALB-PET-0004818,Cross-engine half-pence rounding boundary: the canonical earned_premium() cast lands exactly on .xx5 which DuckDB decimal division truncates and Snowflake rounds half-up (1p break vs the DuckDB-generated legacy baseline)
golden_stg_policy_360,ALB-TRV-0000490,Cross-engine half-pence rounding boundary: the canonical earned_premium() cast lands exactly on .xx5 which DuckDB decimal division truncates and Snowflake rounds half-up (1p break vs the DuckDB-generated legacy baseline)
golden_stg_policy_360,ALB-TRV-0000536,Cross-engine half-pence rounding boundary: the canonical earned_premium() cast lands exactly on .xx5 which DuckDB decimal division truncates and Snowflake rounds half-up (1p break vs the DuckDB-generated legacy baseline)
golden_stg_earned_premium,ALB-CPM-0001791,Cross-engine half-pence rounding boundary: the canonical earned_premium() cast lands exactly on .xx5 which DuckDB decimal division truncates and Snowflake rounds half-up (1p break vs the DuckDB-generated legacy baseline)
golden_stg_earned_premium,ALB-CPM-0002702,Cross-engine half-pence rounding boundary: the canonical earned_premium() cast lands exactly on .xx5 which DuckDB decimal division truncates and Snowflake rounds half-up (1p break vs the DuckDB-generated legacy baseline)
golden_stg_earned_premium,ALB-CPM-0004284,Cross-engine half-pence rounding boundary: the canonical earned_premium() cast lands exactly on .xx5 which DuckDB decimal division truncates and Snowflake rounds half-up (1p break vs the DuckDB-generated legacy baseline)
golden_stg_earned_premium,ALB-PET-0004818,Cross-engine half-pence rounding boundary: the canonical earned_premium() cast lands exactly on .xx5 which DuckDB decimal division truncates and Snowflake rounds half-up (1p break vs the DuckDB-generated legacy baseline)
golden_stg_earned_premium,ALB-TRV-0000536,Cross-engine half-pence rounding boundary: the canonical earned_premium() cast lands exactly on .xx5 which DuckDB decimal division truncates and Snowflake rounds half-up (1p break vs the DuckDB-generated legacy baseline)
