life_policy_id,application_id,process_dt_yymmdd,plan_cd,contract_status,insured_name,insured_dob_yymmdd,gender,sum_assured,modal_premium,pay_freq,matched_party_id,insured_dob_ccyymmdd,annualised_premium_in_force
PM0485738843,AP0929583699,260115,EN15,PE,NORMAN CLARKE,901007,M,7196172.00,35048.60,12,,19901007,420583.20
PM0101064292,AP0479525745,260115,TL30,AC,DEREK OKAFOR,301013,M,16199985.00,44355.94,12,,20301013,532271.28
PM0669079081,AP0016106913,260115,EN15,AC,MARGARET WHITTAKER,490420,M,2009404.00,31904.41,12,,19490420,382852.92
PM0557405272,AP0250875089,260115,TL30,GR,MARGARET OGUNLEYE,831109,F,14649229.00,37627.10,12,,19831109,451525.20
PM0813885616,AP0246601881,260115,EN15,AC,MARGARET OGUNLEYE,970213,M,4617271.00,20564.49,1,,19970213,20564.49
PM0909791941,AP0735403067,260115,TL10,AC,GORDON WHITTAKER,850723,M,14335349.00,29011.09,12,,19850723,348133.08
PM0835919667,AP0724678204,260115,TL30,AC,DEREK BOWEN,670114,M,4959143.00,10320.31,1,,19670114,10320.31
PM0064310053,AP0499225355,260115,WL01,AC,JOAN OKAFOR,490817,M,7398307.00,10083.53,12,,19490817,121002.36
PM0423970576,AP0451782903,260115,TL20,AC,EILEEN DUFFY,630107,M,7284992.00,27339.77,12,,19630107,328077.24
PM0045212925,AP0157151355,260115,TL20,AC,EILEEN WHITTAKER,670513,M,3462846.00,6368.11,4,,19670513,25472.44
PM0016652739,AP0645623609,260115,TL30,AC,LESLIE CLARKE,411016,M,20279411.00,10395.49,4,,19411016,41581.96
PM0333731075,AP0975412555,260115,TL20,LA,GORDON MCALLISTER,451221,F,19586846.00,14383.87,12,,19451221,172606.44
PM0648039930,AP0084286383,260115,WL01,AC,DEREK OGUNLEYE,290909,F,8999617.00,27164.32,12,,20290909,325971.84
PM0315073807,AP0558425437,260115,TL20,TE,DEREK PATEL,540818,F,22928076.00,41861.78,1,,19540818,41861.78
PM0228063029,AP0985007987,260115,TL20,RS,MARGARET OGUNLEYE,590715,F,9357202.00,5462.05,4,,19590715,21848.20
PM0395980274,AP0570160794,260115,EN15,AC,DEREK SZYMANSKI,420811,M,23042981.00,35705.74,4,,19420811,142822.96
PM0991694386,AP0019213748,260115,WL01,AC,HAROLD BOWEN,290120,F,22346810.00,6404.61,1,,20290120,6404.61
PM0342421092,AP0146679362,260115,TL10,AC,NORMAN OKAFOR,721202,M,24611939.00,9989.43,12,,19721202,119873.16
PM0735669865,AP0508178856,260115,TL10,AC,MARGARET CLARKE,980120,M,23221934.00,26556.48,12,,19980120,318677.76
PM0653765862,AP0077576879,260115,TL10,AC,JOAN OGUNLEYE,570724,F,12077991.00,26956.94,12,,19570724,323483.28
PM0473007426,AP0496736832,260115,EN15,AC,BRENDA OKAFOR,280520,M,3943805.00,33019.02,4,,20280520,132076.08
PM0533918740,AP0837460796,260115,EN15,CL,NORMAN BOWEN,260610,M,5805678.00,41592.25,12,,20260610,499107.00
PM0809355755,AP0972511163,260115,TL30,CL,NORMAN CLARKE,550613,M,23343864.00,17923.25,12,,19550613,215079.00
PM0945181553,AP0229983999,260115,WL01,AC,LESLIE SZYMANSKI,510305,F,17658669.00,24486.05,1,,19510305,24486.05
PM0882462907,AP0181600790,260115,TL10,AC,NORMAN BOWEN,520713,F,21996134.00,35577.63,12,,19520713,426931.56
PM0343969135,AP0080186194,260115,TL10,AC,LESLIE WHITTAKER,601012,M,11369337.00,44051.72,1,,19601012,44051.72
PM0435068434,AP0488372590,260115,TL20,AC,EILEEN MCALLISTER,430121,F,4868988.00,30760.13,12,,19430121,369121.56
PM0083717924,AP0734968488,260115,TL20,AC,NORMAN BOWEN,471201,M,16844386.00,36551.91,1,,19471201,36551.91
PM0243155936,AP0292438883,260115,TL30,LA,HAROLD OKAFOR,891025,M,6341609.00,27289.89,4,,19891025,109159.56
PM0440751922,AP0958474580,260115,WL01,AC,NORMAN CLARKE,501101,F,13643402.00,37545.72,12,,19501101,450548.64
PM0497902384,AP0350541589,260115,TL20,AC,HAROLD OGUNLEYE,520413,F,3947500.00,21806.68,12,,19520413,261680.16
PM0977094018,AP0771234624,260115,TL10,AC,BRENDA OGUNLEYE,290811,F,19465068.00,29117.98,12,,20290811,349415.76
PM0987582724,AP0030505395,260115,TL20,AC,DOREEN WHITTAKER,470911,F,24037917.00,10707.60,4,,19470911,42830.40
PM0944827033,AP0528905136,260115,EN15,TE,DEREK MCALLISTER,810918,F,10736478.00,38300.81,4,,19810918,153203.24
PM0334682707,AP0720801445,260115,WL01,LA,GORDON BOWEN,430917,F,10159098.00,39051.63,4,,19430917,156206.52
PM0575422195,AP0122707883,260115,EN15,AC,LESLIE HUGHES,280902,M,18314683.00,27752.69,12,,20280902,333032.28
PM0527250669,AP0100096392,260115,TL20,AC,BRENDA CLARKE,770709,F,9263700.00,32509.63,4,,19770709,130038.52
PM0465657765,AP0967328346,260115,WL01,GR,STANLEY OGUNLEYE,490720,M,1986980.00,18553.16,1,,19490720,18553.16
PM0208420378,AP0166998057,260115,TL20,AC,JOAN BOWEN,661212,F,9202939.00,42117.63,1,,19661212,42117.63
PM0784791191,AP0625171891,260115,TL10,GR,LESLIE BOWEN,501217,M,15655771.00,3023.48,12,,19501217,36281.76
PM0577870257,AP0219329207,260115,EN15,CL,GORDON OKAFOR,520920,M,20684528.00,10443.29,12,,19520920,125319.48
PM0339166908,AP0647603222,260115,TL30,AC,GORDON MCALLISTER,370308,M,5447356.00,7276.33,12,,20370308,87315.96
PM0466859970,AP0893534157,260115,WL01,LA,HAROLD PATEL,500721,F,23991996.00,2663.12,4,,19500721,10652.48
PM0978579272,AP0881514153,260115,TL30,AC,HAROLD OKAFOR,680922,M,7342032.00,6123.61,1,,19680922,6123.61
PM0040196456,AP0818188262,260115,EN15,LA,BRENDA DUFFY,860307,M,7192010.00,9033.26,4,,19860307,36133.04
PM0303970346,AP0995243047,260115,TL10,LA,MARGARET PATEL,840225,F,4245181.00,22918.50,12,,19840225,275022.00
PM0553285341,AP0380716850,260115,WL01,AC,LESLIE SZYMANSKI,261123,F,2371626.00,14624.23,12,,20261123,175490.76
PM0386083325,AP0793854092,260115,TL30,AC,GORDON DUFFY,460217,M,1517330.00,22713.10,12,,19460217,272557.20
PM0541475847,AP0627725416,260115,TL30,RS,EILEEN BOWEN,391224,F,6369948.00,28083.17,12,,20391224,336998.04
PM0823849672,AP0463473948,260115,TL20,AC,GORDON PATEL,340610,M,16731673.00,8110.01,12,,20340610,97320.12
PM0249223204,AP0293105236,260115,TL30,AC,GORDON HUGHES,970318,M,3578120.00,27032.65,12,,19970318,324391.80
PM0752962201,AP0128430739,260115,WL01,LA,MARGARET OGUNLEYE,381208,M,9611191.00,30574.51,12,,20381208,366894.12
PM0817445295,AP0209858645,260115,WL01,AC,DEREK BOWEN,570511,M,19456873.00,36921.65,12,,19570511,443059.80
PM0685060814,AP0477110725,260115,TL10,LA,LESLIE WHITTAKER,740313,M,16829690.00,12583.63,12,,19740313,151003.56
PM0461256197,AP0531000900,260115,WL01,AC,BRENDA HUGHES,640617,F,10588192.00,33169.83,12,,19640617,398037.96
PM0712527315,AP0769445303,260115,TL30,AC,MARGARET MCALLISTER,990121,M,6254202.00,28291.96,12,,19990121,339503.52
PM0963728510,AP0338383335,260115,WL01,AC,LESLIE SZYMANSKI,340414,M,17025880.00,17944.96,4,,20340414,71779.84
PM0561952922,AP0105734526,260115,WL01,AC,GORDON DUFFY,390120,M,14997498.00,31364.15,4,,20390120,125456.60
PM0383000567,AP0567042744,260115,TL20,AC,STANLEY CLARKE,421114,F,16285836.00,40890.33,12,,19421114,490683.96
PM0390863400,AP0835335432,260115,EN15,AC,EILEEN PATEL,550804,F,17876149.00,21724.64,12,,19550804,260695.68
PM0295016173,AP0291533622,260115,EN15,TE,HAROLD DUFFY,491109,M,9034140.00,13939.31,12,,19491109,167271.72
PM0943578976,AP0733548771,260115,TL10,CL,MARGARET WHITTAKER,590514,M,1902742.00,42351.04,1,,19590514,42351.04
PM0581590297,AP0298809877,260115,TL10,RS,DEREK PATEL,950421,M,13521963.00,33220.61,12,,19950421,398647.32
PM0363198920,AP0369045628,260115,WL01,RS,PAULINE OGUNLEYE,400826,F,21928988.00,15469.56,12,,19400826,185634.72
PM0418894194,AP0869598778,260115,TL20,AC,PAULINE DUFFY,660518,M,7169565.00,29526.83,12,,19660518,354321.96
PM0496086167,AP0939715424,260115,TL30,AC,BRENDA OGUNLEYE,801019,M,17269096.00,31876.38,1,,19801019,31876.38
PM0333016518,AP0228986568,260115,EN15,AC,HAROLD BOWEN,881225,M,24286132.00,22992.36,4,,19881225,91969.44
PM0384186586,AP0705730948,260115,TL30,AC,DEREK SZYMANSKI,811020,F,24053608.00,19797.56,12,,19811020,237570.72
PM0492069967,AP0341041068,260115,TL20,AC,HAROLD OKAFOR,560212,F,13266300.00,3080.46,12,,19560212,36965.52
PM0854838418,AP0209337155,260115,EN15,AC,DOREEN OKAFOR,441019,F,6948809.00,13073.11,12,,19441019,156877.32
PM0871719535,AP0023869378,260115,TL20,GR,MARGARET OKAFOR,451010,F,1749613.00,44177.54,1,,19451010,44177.54
PM0846176064,AP0585677985,260115,TL10,AC,DEREK BOWEN,380603,M,1871067.00,43058.83,4,,20380603,172235.32
PM0800787567,AP0876443791,260115,WL01,AC,HAROLD MCALLISTER,870911,F,16403836.00,27346.44,12,,19870911,328157.28
PM0721970439,AP0146797171,260115,WL01,GR,BRENDA OGUNLEYE,300725,M,23371962.00,24382.00,12,,20300725,292584.00
PM0954177378,AP0498923616,260115,EN15,CL,MARGARET OKAFOR,711201,M,4688538.00,29130.53,4,,19711201,116522.12
PM0795892061,AP0174218063,260115,WL01,TE,PAULINE SZYMANSKI,510714,F,18752689.00,20638.35,1,,19510714,20638.35
PM0331189871,AP0784658451,260115,TL10,AC,JOAN PATEL,470125,M,16393415.00,2625.74,12,,19470125,31508.88
PM0335598597,AP0116689869,260115,TL20,AC,STANLEY MCALLISTER,551023,F,16834754.00,40479.65,4,,19551023,161918.60
PM0198628312,AP0960484603,260115,TL30,AC,PAULINE BOWEN,950916,M,9739735.00,33269.51,12,,19950916,399234.12
PM0518202283,AP0926185390,260115,TL20,AC,MARGARET MCALLISTER,420717,M,18307990.00,19492.07,4,,19420717,77968.28
PM0938505003,AP0507499781,260115,TL30,AC,GORDON HUGHES,450706,M,11797942.00,10985.33,12,,19450706,131823.96
PM0683937628,AP0796367441,260115,EN15,AC,BRENDA OKAFOR,310319,M,6982732.00,1589.26,4,,20310319,6357.04
PM0088504770,AP0377664746,260115,TL30,LA,HAROLD OKAFOR,370823,F,16725745.00,6930.95,12,,20370823,83171.40
PM0020434759,AP0847527674,260115,TL20,AC,GORDON OGUNLEYE,810402,M,19232517.00,28576.67,12,,19810402,342920.04
PM0893362985,AP0334371993,260115,TL30,AC,DOREEN OGUNLEYE,960515,M,23385732.00,5893.46,1,,19960515,5893.46
PM0113550364,AP0716895509,260115,WL01,TE,NORMAN OGUNLEYE,810128,M,13654273.00,32646.30,12,,19810128,391755.60
PM0491868057,AP0828736203,260115,TL10,TE,GORDON DUFFY,440521,F,13616087.00,36874.95,12,,19440521,442499.40
PM0810591362,AP0421121728,260115,EN15,TE,DEREK BOWEN,490413,F,4677025.00,23087.39,12,,19490413,277048.68
PM0777165786,AP0687545116,260115,TL30,AC,DOREEN OGUNLEYE,380320,M,4167418.00,10114.86,4,,20380320,40459.44
PM0207409979,AP0431943808,260115,TL10,AC,LESLIE OGUNLEYE,370402,M,6270920.00,9633.55,12,,20370402,115602.60
PM0366849380,AP0988503380,260115,WL01,GR,PAULINE MCALLISTER,431213,M,17198207.00,23219.52,12,,19431213,278634.24
PM0780544114,AP0430257046,260115,EN15,TE,STANLEY MCALLISTER,920109,F,12107035.00,13870.43,12,,19920109,166445.16
PM0114114983,AP0598292308,260115,WL01,AC,BRENDA SZYMANSKI,620220,F,24938831.00,11877.32,12,,19620220,142527.84
PM0588682957,AP0251164487,260115,TL30,LA,BRENDA OKAFOR,431023,M,7649459.00,35318.91,4,,19431023,141275.64
PM0673359963,AP0708071362,260115,TL20,PE,DEREK PATEL,560819,F,15008838.00,23361.42,1,,19560819,23361.42
PM0285795511,AP0497178263,260115,TL10,AC,HAROLD PATEL,551018,F,19325736.00,38247.08,12,,19551018,458964.96
PM0180962713,AP0976386690,260115,TL30,LA,PAULINE OGUNLEYE,250522,F,13201527.00,17285.97,12,,20250522,207431.64
PM0892016088,AP0178107631,260115,TL20,LA,BRENDA OGUNLEYE,830113,F,7042073.00,44647.17,12,,19830113,535766.04
PM0660587633,AP0635545688,260115,TL10,AC,GORDON HUGHES,840105,F,18712001.00,26821.15,12,,19840105,321853.80
PM0186496453,AP0361037338,260115,EN15,AC,EILEEN MCALLISTER,970602,F,22532068.00,3981.92,4,,19970602,15927.68
PM0534242705,AP0644345287,260115,TL10,GR,STANLEY HUGHES,970725,F,10447821.00,33336.59,12,,19970725,400039.08
PM0126024089,AP0607702093,260115,TL10,GR,STANLEY OKAFOR,910714,F,1812425.00,22516.06,12,,19910714,270192.72
PM0785986355,AP0404248516,260115,EN15,AC,EILEEN DUFFY,330404,M,15997438.00,17382.64,12,,20330404,208591.68
PM0510793740,AP0746148191,260115,TL10,GR,GORDON OKAFOR,641113,F,8914533.00,5985.93,12,,19641113,71831.16
PM0605549361,AP0864638811,260115,TL20,AC,JOAN HUGHES,970203,F,4307227.00,35555.16,1,,19970203,35555.16
PM0000619099,AP0317941676,260115,TL20,TE,EILEEN WHITTAKER,660303,M,15789808.00,30993.67,12,,19660303,371924.04
PM0382786517,AP0743326668,260115,EN15,AC,MARGARET BOWEN,280811,F,11329678.00,22756.63,4,,20280811,91026.52
PM0943529073,AP0221736440,260115,TL20,AC,HAROLD WHITTAKER,500627,M,12883436.00,32465.02,4,,19500627,129860.08
PM0572408399,AP0679028099,260115,TL20,AC,MARGARET OGUNLEYE,641227,F,11502131.00,19449.53,4,,19641227,77798.12
PM0747271524,AP0836364836,260115,WL01,AC,DEREK PATEL,530504,M,24841629.00,14375.34,4,,19530504,57501.36
PM0538404316,AP0713599746,260115,TL30,AC,STANLEY OKAFOR,391017,F,8683798.00,21222.23,4,,20391017,84888.92
PM0142318097,AP0687119812,260115,TL10,AC,DEREK CLARKE,920217,F,2521415.00,1957.76,12,,19920217,23493.12
PM0576872799,AP0269405322,260115,WL01,LA,DEREK PATEL,610408,M,7017291.00,19791.93,12,,19610408,237503.16
PM0200102425,AP0848648546,260115,TL20,AC,LESLIE CLARKE,990701,F,17773871.00,5446.23,1,,19990701,5446.23
PM0344458931,AP0706804571,260115,WL01,AC,BRENDA BOWEN,891122,M,18465804.00,36344.22,12,,19891122,436130.64
PM0120378142,AP0652919918,260115,WL01,AC,JOAN CLARKE,950526,M,8916780.00,18518.62,12,,19950526,222223.44
PM0915508977,AP0622867532,260115,EN15,GR,EILEEN WHITTAKER,501023,F,2762150.00,39028.57,4,,19501023,156114.28
PM0163005447,AP0653158014,260115,TL10,LA,NORMAN HUGHES,890824,M,9822987.00,3527.09,1,,19890824,3527.09
PM0610848729,AP0687049292,260115,EN15,LA,HAROLD MCALLISTER,430110,F,15272706.00,4273.89,12,,19430110,51286.68
PM0821729850,AP0632106187,260115,WL01,AC,JOAN OKAFOR,460709,F,9326192.00,11973.63,12,,19460709,143683.56
PM0065650812,AP0339083897,260115,WL01,AC,STANLEY MCALLISTER,300316,M,21157795.00,10317.18,12,,20300316,123806.16
PM0003591979,AP0258363190,260115,WL01,GR,PAULINE OGUNLEYE,750910,M,16834096.00,29316.09,1,,19750910,29316.09
PM0317506929,AP0271881086,260115,TL10,LA,GORDON HUGHES,840208,M,13213781.00,21737.43,12,,19840208,260849.16
PM0042599992,AP0172239450,260115,WL01,LA,JOAN WHITTAKER,681023,M,20819219.00,13118.59,12,,19681023,157423.08
PM0409236566,AP0406656164,260115,TL10,AC,DOREEN SZYMANSKI,560326,F,19439847.00,12239.61,4,,19560326,48958.44
PM0230267913,AP0637681524,260115,WL01,RS,EILEEN CLARKE,820821,F,23790031.00,13401.62,4,,19820821,53606.48
PM0450089201,AP0078150357,260115,TL10,TE,EILEEN SZYMANSKI,601001,F,18411491.00,13430.94,12,,19601001,161171.28
PM0609212393,AP0991667994,260115,TL20,AC,DEREK SZYMANSKI,320324,M,13070797.00,10484.98,4,,20320324,41939.92
PM0021901443,AP0345834144,260115,WL01,AC,DEREK HUGHES,660525,M,18424831.00,5098.38,12,,19660525,61180.56
PM0524443759,AP0043833969,260115,TL20,AC,BRENDA DUFFY,410107,M,11478378.00,28414.54,12,,19410107,340974.48
PM0555082272,AP0758713027,260115,EN15,AC,STANLEY CLARKE,730307,F,10406771.00,36560.91,12,,19730307,438730.92
PM0146766337,AP0415008670,260115,EN15,AC,GORDON OGUNLEYE,620612,M,21512097.00,15639.17,1,,19620612,15639.17
PM0802196193,AP0676880370,260115,WL01,LA,MARGARET BOWEN,330418,F,24126084.00,24658.85,1,,20330418,24658.85
PM0251900254,AP0841070960,260115,TL30,AC,DOREEN OGUNLEYE,750802,F,17438712.00,26623.42,12,,19750802,319481.04
PM0755201724,AP0300447569,260115,TL20,AC,DOREEN MCALLISTER,850312,F,23320558.00,17216.66,1,,19850312,17216.66
PM0974434852,AP0453446263,260115,TL20,GR,LESLIE BOWEN,950523,M,1773264.00,27148.15,12,,19950523,325777.80
PM0979703698,AP0434180120,260115,TL30,AC,DOREEN CLARKE,990516,M,11923023.00,18105.09,1,,19990516,18105.09
PM0372681503,AP0347401783,260115,TL30,LA,EILEEN BOWEN,481116,M,13898739.00,41821.43,12,,19481116,501857.16
PM0618658826,AP0759443790,260115,TL20,PE,DEREK WHITTAKER,940720,F,14944213.00,5669.35,1,,19940720,5669.35
PM0944597858,AP0482718879,260115,WL01,AC,MARGARET PATEL,890510,M,17610599.00,25119.60,1,,19890510,25119.60
PM0650058466,AP0206645833,260115,TL30,AC,EILEEN MCALLISTER,550901,F,19247314.00,27314.00,4,,19550901,109256.00
PM0911579562,AP0698112605,260115,EN15,AC,LESLIE OKAFOR,670512,F,4486099.00,2769.40,4,,19670512,11077.60
PM0737180934,AP0167949256,260115,TL20,AC,PAULINE SZYMANSKI,871010,F,13399112.00,28684.36,12,,19871010,344212.32
PM0254508654,AP0693909740,260115,TL20,AC,STANLEY PATEL,901205,M,3121870.00,6000.13,12,,19901205,72001.56
PM0911558737,AP0484880955,260115,EN15,PE,JOAN CLARKE,300320,F,14848124.00,33086.06,12,,20300320,397032.72
PM0426689551,AP0544870113,260115,WL01,AC,HAROLD BOWEN,721222,M,11967664.00,13531.42,4,,19721222,54125.68
PM0609314908,AP0451608637,260115,TL20,LA,HAROLD BOWEN,450307,M,13648371.00,42210.85,12,,19450307,506530.20
PM0700080033,AP0198262371,260115,TL10,GR,LESLIE PATEL,591209,F,15069495.00,18013.80,12,,19591209,216165.60
PM0729394333,AP0148994569,260115,TL10,AC,HAROLD OGUNLEYE,300410,F,12960918.00,36789.15,12,,20300410,441469.80
PM0971449215,AP0028472804,260115,EN15,GR,PAULINE SZYMANSKI,330515,F,22796812.00,20094.28,12,,20330515,241131.36
PM0821812902,AP0152470699,260115,EN15,AC,JOAN MCALLISTER,940526,F,5928924.00,30483.22,1,,19940526,30483.22
PM0945458410,AP0524273189,260115,WL01,AC,PAULINE SZYMANSKI,270519,F,20086951.00,10913.35,12,,20270519,130960.20
PM0345898883,AP0244345039,260115,TL10,GR,GORDON SZYMANSKI,950518,F,2719011.00,11436.08,1,,19950518,11436.08
PM0719680431,AP0084202543,260115,TL10,AC,STANLEY CLARKE,420428,F,14709089.00,33236.04,12,,19420428,398832.48
PM0866516275,AP0601066678,260115,WL01,LA,MARGARET MCALLISTER,951022,F,21905560.00,18043.35,4,,19951022,72173.40
PM0928353984,AP0267985878,260115,WL01,LA,HAROLD WHITTAKER,470106,F,19086118.00,9284.86,1,,19470106,9284.86
PM0385395773,AP0025760527,260115,EN15,AC,DEREK OKAFOR,840107,F,3137568.00,25388.01,12,,19840107,304656.12
PM0869852882,AP0263123554,260115,WL01,AC,EILEEN OKAFOR,370813,M,24664657.00,28273.32,12,,20370813,339279.84
PM0010185915,AP0619346516,260115,TL20,AC,STANLEY HUGHES,720922,F,10288713.00,25399.80,12,,19720922,304797.60
PM0335173337,AP0299805168,260115,TL10,CL,STANLEY DUFFY,370511,M,8167623.00,13301.27,1,,20370511,13301.27
PM0586519083,AP0326937790,260115,TL20,AC,STANLEY OGUNLEYE,440312,M,12755376.00,13450.55,1,,19440312,13450.55
PM0429202584,AP0539632187,260115,TL10,AC,DEREK SZYMANSKI,930401,M,6857350.00,22530.08,12,,19930401,270360.96
PM0621473393,AP0345240993,260115,WL01,GR,GORDON CLARKE,771206,F,10172693.00,6084.86,12,,19771206,73018.32
PM0946465520,AP0196971422,260115,TL30,GR,MARGARET PATEL,731102,F,8123226.00,41899.78,12,,19731102,502797.36
PM0919506965,AP0767199248,260115,WL01,GR,LESLIE OGUNLEYE,401223,F,16207403.00,30085.85,12,,19401223,361030.20
PM0898298696,AP0413008370,260115,EN15,AC,DOREEN DUFFY,941002,F,18288315.00,3610.67,12,,19941002,43328.04
PM0305132115,AP0637121050,260115,TL10,LA,MARGARET SZYMANSKI,440915,F,12010502.00,18276.94,12,,19440915,219323.28
PM0202179798,AP0791079707,260115,WL01,LA,DOREEN WHITTAKER,410804,M,8855774.00,13750.83,4,,19410804,55003.32
PM0856496221,AP0111878068,260115,EN15,AC,EILEEN OGUNLEYE,480123,F,12489916.00,17930.66,12,,19480123,215167.92
PM0222722963,AP0575868910,260115,TL10,AC,GORDON CLARKE,601108,F,3467893.00,8530.71,12,,19601108,102368.52
PM0941448710,AP0259636280,260115,TL10,GR,MARGARET OKAFOR,330326,M,13275909.00,13200.12,12,,20330326,158401.44
PM0997348611,AP0371286566,260115,TL20,AC,DEREK HUGHES,481013,M,2045435.00,41939.59,12,,19481013,503275.08
PM0094800792,AP0696828652,260115,TL20,LA,JOAN SZYMANSKI,500922,F,15454161.00,26286.01,12,,19500922,315432.12
PM0906938264,AP0676143967,260115,TL30,CL,LESLIE MCALLISTER,510325,F,5295953.00,12740.88,12,,19510325,152890.56
PM0044401373,AP0138624262,260115,TL30,AC,EILEEN SZYMANSKI,700507,F,1269796.00,6023.88,4,,19700507,24095.52
PM0934636950,AP0333148237,260115,WL01,AC,PAULINE OGUNLEYE,590712,M,21559940.00,28303.35,12,,19590712,339640.20
PM0543836122,AP0132692225,260115,TL10,AC,BRENDA HUGHES,550819,M,4944642.00,20169.15,12,,19550819,242029.80
PM0726581566,AP0696159600,260115,WL01,AC,NORMAN HUGHES,501214,F,21175051.00,15942.57,1,,19501214,15942.57
PM0450004364,AP0357869884,260115,TL30,LA,NORMAN BOWEN,621123,F,1425767.00,41516.31,1,,19621123,41516.31
PM0402473552,AP0141917777,260115,EN15,AC,DOREEN HUGHES,600604,F,20820888.00,8339.69,1,,19600604,8339.69
PM0962629365,AP0224664654,260115,TL10,AC,MARGARET SZYMANSKI,281219,F,23454138.00,24035.02,4,,20281219,96140.08
PM0077889770,AP0388418835,260115,TL20,AC,BRENDA SZYMANSKI,861121,F,21318610.00,5491.28,1,,19861121,5491.28
PM0465327016,AP0889777285,260115,TL20,CL,BRENDA OGUNLEYE,320215,M,23017980.00,27798.83,4,,20320215,111195.32
PM0534019115,AP0397184699,260115,TL20,GR,DOREEN OGUNLEYE,350106,F,22775102.00,42328.94,12,,20350106,507947.28
PM0833231781,AP0949206301,260115,TL10,AC,NORMAN PATEL,270628,F,13287020.00,3084.13,12,,20270628,37009.56
PM0575401699,AP0602458385,260115,EN15,AC,DEREK BOWEN,891004,M,3272946.00,38716.30,4,,19891004,154865.20
PM0547294192,AP0549971745,260115,TL30,AC,STANLEY MCALLISTER,561014,F,16648747.00,5058.27,12,,19561014,60699.24
PM0182745105,AP0599276276,260115,TL10,AC,PAULINE OGUNLEYE,890305,M,19935973.00,35904.22,12,,19890305,430850.64
PM0443861773,AP0882909846,260115,TL10,AC,PAULINE OGUNLEYE,730310,M,18819904.00,42041.03,12,,19730310,504492.36
PM0529824767,AP0322935203,260115,EN15,CL,MARGARET HUGHES,780503,F,8202808.00,18593.68,1,,19780503,18593.68
PM0353032205,AP0961694555,260115,WL01,AC,JOAN OKAFOR,421017,F,4260236.00,27350.80,12,,19421017,328209.60
PM0793845150,AP0643995302,260115,TL30,AC,STANLEY OGUNLEYE,790813,F,13028565.00,44014.55,12,,19790813,528174.60
PM0125412143,AP0053223465,260115,TL30,GR,MARGARET PATEL,920718,F,11827931.00,27697.28,1,,19920718,27697.28
PM0034791985,AP0337599740,260115,TL30,GR,GORDON OKAFOR,920824,M,1300620.00,25972.52,12,,19920824,311670.24
PM0007599657,AP0738278427,260115,EN15,AC,GORDON SZYMANSKI,720507,M,21441223.00,40129.07,12,,19720507,481548.84
PM0534328515,AP0126599714,260115,EN15,RS,STANLEY WHITTAKER,360409,F,20779152.00,19202.54,12,,20360409,230430.48
PM0096403456,AP0306844594,260115,EN15,TE,DEREK OGUNLEYE,750427,M,9399220.00,23007.04,12,,19750427,276084.48
PM0879781682,AP0167394307,260115,TL30,CL,EILEEN WHITTAKER,870113,F,21961516.00,6991.70,4,,19870113,27966.80
PM0685785855,AP0770612182,260115,TL10,LA,JOAN MCALLISTER,990901,M,17078200.00,28916.42,1,,19990901,28916.42
PM0839017196,AP0089616221,260115,WL01,TE,PAULINE HUGHES,821114,M,4958702.00,30663.40,1,,19821114,30663.40
PM0895519138,AP0382171044,260115,EN15,TE,DEREK OGUNLEYE,750523,M,22903357.00,38213.14,4,,19750523,152852.56
PM0445409353,AP0348046592,260115,EN15,AC,DEREK PATEL,600814,F,2052847.00,29807.48,4,,19600814,119229.92
PM0530023657,AP0468949604,260115,WL01,GR,NORMAN OGUNLEYE,951228,M,6587105.00,39892.41,4,,19951228,159569.64
PM0371801983,AP0883955361,260115,TL20,CL,STANLEY HUGHES,911113,F,16193168.00,39135.75,12,,19911113,469629.00
PM0827724073,AP0626875076,260115,TL20,GR,HAROLD HUGHES,660223,F,17425185.00,16808.80,12,,19660223,201705.60
PM0784271083,AP0441113271,260115,EN15,AC,EILEEN OGUNLEYE,570708,M,8158786.00,29859.79,1,,19570708,29859.79
PM0444273533,AP0976710617,260115,EN15,AC,DOREEN CLARKE,400406,M,21801799.00,8204.86,12,,19400406,98458.32
PM0037657846,AP0749979936,260115,TL30,LA,PAULINE OKAFOR,870616,F,6085387.00,30775.97,12,,19870616,369311.64
PM0104882691,AP0265276757,260115,TL20,AC,GORDON OKAFOR,690206,F,7379060.00,39671.21,12,,19690206,476054.52
PM0390864108,AP0116972942,260115,TL30,LA,HAROLD BOWEN,390412,F,1682200.00,12804.68,12,,20390412,153656.16
PM0307598953,AP0271514251,260115,EN15,AC,EILEEN CLARKE,340501,F,10564637.00,19691.65,4,,20340501,78766.60
PM0171911150,AP0882524850,260115,EN15,AC,LESLIE OGUNLEYE,941206,F,18936640.00,44750.89,12,,19941206,537010.68
PM0329038979,AP0058338084,260115,WL01,PE,STANLEY OKAFOR,540815,F,24025194.00,25779.44,4,,19540815,103117.76
PM0607758754,AP0780214547,260115,TL30,AC,DEREK OKAFOR,391022,M,3408883.00,21313.00,1,,20391022,21313.00
PM0209701534,AP0394515446,260115,TL30,AC,PAULINE WHITTAKER,330301,M,14867884.00,38916.18,12,,20330301,466994.16
PM0468983503,AP0565859822,260115,TL20,AC,BRENDA SZYMANSKI,880423,M,4413762.00,28846.17,12,,19880423,346154.04
PM0084496968,AP0744626975,260115,WL01,AC,BRENDA OKAFOR,360310,M,9592024.00,23495.28,12,,20360310,281943.36
PM0581128879,AP0936837980,260115,TL20,AC,MARGARET DUFFY,871022,M,20173560.00,41656.78,12,,19871022,499881.36
PM0092771059,AP0825964504,260115,EN15,AC,MARGARET OGUNLEYE,390528,M,11092993.00,3076.53,1,,20390528,3076.53
PM0890933199,AP0200129087,260115,EN15,GR,LESLIE OGUNLEYE,250603,F,8253851.00,27414.29,12,,20250603,328971.48
PM0360286210,AP0235497825,260115,TL30,AC,MARGARET MCALLISTER,580119,F,13404796.00,35979.92,12,,19580119,431759.04
PM0488447532,AP0699617049,260115,TL20,AC,PAULINE MCALLISTER,440409,M,16144997.00,32891.28,12,,19440409,394695.36
PM0255820022,AP0728104846,260115,EN15,AC,LESLIE OKAFOR,980519,M,1749901.00,13592.39,4,,19980519,54369.56
PM0323723910,AP0547300013,260115,TL30,TE,HAROLD MCALLISTER,290418,M,4106796.00,6649.87,12,,20290418,79798.44
PM0474175873,AP0233902025,260115,TL10,AC,BRENDA PATEL,721112,F,3345263.00,6294.49,4,,19721112,25177.96
PM0847846517,AP0719905194,260115,TL20,AC,GORDON HUGHES,610919,F,3287378.00,32685.01,1,,19610919,32685.01
PM0035328515,AP0408451007,260115,TL10,AC,PAULINE PATEL,330406,M,17536382.00,16318.40,12,,20330406,195820.80
PM0999366195,AP0146316741,260115,TL20,TE,STANLEY WHITTAKER,490405,F,24543166.00,17030.92,12,,19490405,204371.04
PM0399768513,AP0780409472,260115,TL10,AC,PAULINE OGUNLEYE,481212,F,23694475.00,4727.15,12,,19481212,56725.80
PM0196324285,AP0625410404,260115,TL10,AC,BRENDA OKAFOR,941015,M,18674386.00,18658.11,1,,19941015,18658.11
PM0017732259,AP0082348032,260115,TL30,RS,JOAN OKAFOR,480311,F,22414501.00,38753.13,12,,19480311,465037.56
PM0851257811,AP0959037359,260115,EN15,AC,STANLEY DUFFY,870802,F,7401902.00,11159.60,1,,19870802,11159.60
PM0818945152,AP0627512404,260115,WL01,LA,MARGARET BOWEN,450106,M,14461778.00,15367.02,1,,19450106,15367.02
PM0455342693,AP0858092768,260115,WL01,LA,JOAN OGUNLEYE,840106,M,12476220.00,2495.21,12,,19840106,29942.52
PM0361424797,AP0279794322,260115,EN15,LA,STANLEY CLARKE,571024,F,11640184.00,12402.45,4,,19571024,49609.80
PM0461300383,AP0579950440,260115,EN15,AC,EILEEN SZYMANSKI,870422,F,21866660.00,44626.20,12,,19870422,535514.40
PM0821646461,AP0183568646,260115,TL30,AC,BRENDA DUFFY,760323,M,12399705.00,20115.81,1,,19760323,20115.81
PM0372701206,AP0514827055,260115,EN15,AC,NORMAN OKAFOR,731101,F,23238094.00,34038.51,12,,19731101,408462.12
PM0616548102,AP0909294077,260115,EN15,AC,MARGARET OGUNLEYE,650821,M,17166233.00,5546.82,4,,19650821,22187.28
PM0300778814,AP0578212373,260115,WL01,AC,DEREK BOWEN,310419,M,14374790.00,4233.32,4,,20310419,16933.28
PM0457621715,AP0379130100,260115,EN15,AC,DEREK CLARKE,860310,M,11603716.00,34466.64,12,,19860310,413599.68
PM0694292227,AP0231051249,260115,WL01,AC,JOAN PATEL,561223,F,10175941.00,21009.22,1,,19561223,21009.22
PM0325664599,AP0767030502,260115,TL20,AC,MARGARET OKAFOR,680826,M,22612338.00,41510.86,12,,19680826,498130.32
PM0716411660,AP0171545281,260115,TL10,AC,EILEEN HUGHES,640506,M,21480567.00,18634.90,12,,19640506,223618.80
PM0804329053,AP0780301040,260115,TL10,AC,DOREEN HUGHES,251009,F,17567182.00,43385.62,4,,20251009,173542.48
PM0763481041,AP0379444696,260115,TL10,AC,PAULINE CLARKE,540421,F,21747189.00,9212.88,4,,19540421,36851.52
PM0339269304,AP0501188471,260115,TL30,TE,PAULINE WHITTAKER,591125,M,4464888.00,23165.42,1,,19591125,23165.42
PM0311965001,AP0572152913,260115,EN15,LA,EILEEN CLARKE,320604,M,10371656.00,15754.66,12,,20320604,189055.92
PM0038009117,AP0103803949,260115,EN15,AC,NORMAN OKAFOR,560507,F,20487810.00,25370.30,12,,19560507,304443.60
PM0427682296,AP0075126254,260115,TL30,AC,STANLEY BOWEN,921118,F,14905051.00,15620.52,4,,19921118,62482.08
PM0984121569,AP0084893082,260115,TL10,AC,DOREEN CLARKE,781118,F,22513912.00,34269.32,12,,19781118,411231.84
PM0013142588,AP0566635765,260115,TL10,AC,PAULINE WHITTAKER,440318,F,10146008.00,39816.93,12,,19440318,477803.16
PM0823507480,AP0856086359,260115,TL10,TE,MARGARET CLARKE,320704,M,16933279.00,14203.32,1,,20320704,14203.32
PM0002274898,AP0289289586,260115,WL01,TE,LESLIE CLARKE,410716,F,20232611.00,17543.51,4,,19410716,70174.04
PM0049833252,AP0093338587,260115,EN15,AC,GORDON WHITTAKER,980813,F,1564718.00,26610.09,12,,19980813,319321.08
PM0664717875,AP0113399684,260115,TL20,AC,HAROLD CLARKE,651104,F,12263405.00,21433.02,4,,19651104,85732.08
PM0793644559,AP0428227436,260115,TL20,AC,MARGARET OGUNLEYE,590807,F,13273980.00,44930.55,4,,19590807,179722.20
PM0467267678,AP0338811716,260115,TL20,LA,MARGARET HUGHES,631025,F,3987935.00,31327.94,12,,19631025,375935.28
PM0707901166,AP0403723067,260115,EN15,AC,JOAN OGUNLEYE,540508,F,21272919.00,40691.83,12,,19540508,488301.96
PM0228387514,AP0701591409,260115,TL30,AC,LESLIE OGUNLEYE,941024,M,12465457.00,38414.91,12,,19941024,460978.92
PM0901826557,AP0446820034,260115,TL30,PE,DOREEN BOWEN,361013,F,8412293.00,27606.38,4,,20361013,110425.52
PM0064188479,AP0534884485,260115,EN15,AC,GORDON HUGHES,331023,F,24901010.00,23760.95,12,,20331023,285131.40
PM0270117085,AP0275103945,260115,EN15,AC,BRENDA PATEL,280325,M,20616165.00,22783.93,12,,20280325,273407.16
PM0294678616,AP0812666541,260115,EN15,AC,BRENDA CLARKE,660321,F,17591010.00,44968.62,12,,19660321,539623.44
PM0725858425,AP0155918301,260115,TL10,LA,MARGARET CLARKE,840918,F,15751959.00,38819.02,12,,19840918,465828.24
PM0464496430,AP0814885124,260115,TL10,AC,MARGARET BOWEN,941206,F,24159652.00,25318.27,12,,19941206,303819.24
PM0157271407,AP0384849797,260115,EN15,LA,BRENDA WHITTAKER,940613,M,23053461.00,28015.19,12,,19940613,336182.28
PM0221861898,AP0191046990,260115,TL10,AC,DEREK WHITTAKER,490501,M,17411708.00,5271.89,12,,19490501,63262.68
PM0714633143,AP0879284685,260115,TL30,AC,GORDON DUFFY,711211,M,12309835.00,15812.60,12,,19711211,189751.20
PM0474444193,AP0985073802,260115,EN15,AC,LESLIE OKAFOR,700418,M,8473530.00,40950.79,12,,19700418,491409.48
PM0695161579,AP0989691241,260115,TL30,AC,DOREEN PATEL,481022,F,6751271.00,32506.45,12,,19481022,390077.40
PM0232016017,AP0826639304,260115,TL30,AC,NORMAN SZYMANSKI,320416,M,23441851.00,4587.89,1,,20320416,4587.89
PM0102237009,AP0347953400,260115,TL10,LA,STANLEY CLARKE,930703,M,4417341.00,28869.02,12,,19930703,346428.24
PM0594550419,AP0292769803,260115,TL10,TE,PAULINE SZYMANSKI,310825,F,10698741.00,15986.71,1,,20310825,15986.71
PM0268063326,AP0386547057,260115,TL10,AC,EILEEN BOWEN,580101,M,13222446.00,21842.53,12,,19580101,262110.36
PM0288481915,AP0185825487,260115,TL10,AC,DEREK CLARKE,900410,M,19288055.00,42305.84,12,,19900410,507670.08
PM0443628208,AP0876977871,260115,WL01,AC,BRENDA BOWEN,840817,M,20304362.00,36433.28,12,,19840817,437199.36
PM0318032753,AP0323237213,260115,WL01,AC,JOAN WHITTAKER,830517,F,7417531.00,25583.71,12,,19830517,307004.52
PM0799448655,AP0488151940,260115,TL10,AC,BRENDA OKAFOR,541021,F,7532174.00,6374.14,4,,19541021,25496.56
PM0583588451,AP0458070016,260115,EN15,LA,EILEEN WHITTAKER,620912,M,3535088.00,36354.14,1,,19620912,36354.14
PM0857456221,AP0418238559,260115,TL10,AC,BRENDA HUGHES,941002,M,20541861.00,12851.08,12,,19941002,154212.96
PM0723900492,AP0536249315,260115,TL20,AC,JOAN OKAFOR,681021,M,21623486.00,2669.01,4,,19681021,10676.04
PM0648544220,AP0078144767,260115,TL20,RS,EILEEN SZYMANSKI,470917,M,4399454.00,43235.23,12,,19470917,518822.76
PM0874483537,AP0855302589,260115,TL20,RS,PAULINE WHITTAKER,690124,M,5714662.00,14722.81,1,,19690124,14722.81
PM0951833729,AP0508523773,260115,TL30,AC,HAROLD PATEL,651104,F,21641810.00,1939.87,1,,19651104,1939.87
PM0411081646,AP0943766620,260115,TL30,AC,HAROLD PATEL,780821,F,2181071.00,17224.75,12,,19780821,206697.00
PM0985170526,AP0214732547,260115,TL10,AC,EILEEN PATEL,550710,F,23325867.00,9371.81,12,,19550710,112461.72
PM0529857719,AP0007597558,260115,TL10,AC,NORMAN DUFFY,740217,F,9503260.00,4694.14,1,,19740217,4694.14
PM0654002203,AP0398627988,260115,EN15,AC,DOREEN PATEL,480417,M,1381337.00,34248.84,12,,19480417,410986.08
PM0481510807,AP0203647480,260115,WL01,TE,MARGARET OGUNLEYE,940105,F,7358313.00,26635.59,4,,19940105,106542.36
PM0665317521,AP0403392694,260115,TL20,RS,STANLEY WHITTAKER,690205,M,10286909.00,12137.78,1,,19690205,12137.78
PM0259338667,AP0941615739,260115,WL01,AC,DEREK WHITTAKER,420620,F,2254132.00,40335.14,4,,19420620,161340.56
PM0193213212,AP0205089842,260115,WL01,AC,DOREEN MCALLISTER,341117,F,6640673.00,6129.21,12,,20341117,73550.52
PM0439986210,AP0160648166,260115,WL01,LA,HAROLD OKAFOR,370701,M,16914739.00,21647.05,12,,20370701,259764.60
PM0207633372,AP0865942717,260115,TL30,AC,DOREEN DUFFY,750518,F,10595282.00,10155.20,12,,19750518,121862.40
PM0992745601,AP0758899826,260115,TL10,CL,MARGARET BOWEN,610510,F,9202333.00,8003.89,4,,19610510,32015.56
PM0928941620,AP0915810928,260115,TL30,RS,EILEEN OGUNLEYE,960224,F,14928998.00,25230.75,12,,19960224,302769.00
PM0251419619,AP0901115484,260115,WL01,CL,EILEEN DUFFY,430513,M,17666070.00,38467.11,4,,19430513,153868.44
PM0466351651,AP0675122207,260115,EN15,AC,GORDON SZYMANSKI,740409,F,16015986.00,3478.33,4,,19740409,13913.32
PM0543471459,AP0744923806,260115,EN15,AC,BRENDA BOWEN,500718,M,21392166.00,23744.93,1,,19500718,23744.93
PM0001091350,AP0738330713,260115,TL10,CL,STANLEY BOWEN,850921,F,1907127.00,5776.55,4,,19850921,23106.20
PM0191033074,AP0775905962,260115,WL01,GR,JOAN HUGHES,590618,M,14336979.00,17321.40,12,,19590618,207856.80
PM0982332465,AP0840532864,260115,TL20,AC,LESLIE DUFFY,451102,M,15152343.00,28630.23,12,,19451102,343562.76
PM0614543585,AP0722949572,260115,TL30,CL,MARGARET SZYMANSKI,370105,F,16415093.00,18287.87,12,,20370105,219454.44
PM0919305854,AP0898159559,260115,TL30,AC,MARGARET WHITTAKER,850404,M,1999787.00,39921.20,1,,19850404,39921.20
PM0570743961,AP0373904451,260115,TL20,AC,LESLIE SZYMANSKI,400622,M,22800445.00,25838.54,12,,19400622,310062.48
PM0926720106,AP0057753244,260115,EN15,AC,EILEEN CLARKE,611114,F,16717332.00,15352.01,12,,19611114,184224.12
PM0914978821,AP0282804763,260115,WL01,LA,BRENDA PATEL,900502,F,19084022.00,10120.46,12,,19900502,121445.52
PM0732333475,AP0104026725,260115,TL30,AC,NORMAN DUFFY,890726,F,10377955.00,27355.87,12,,19890726,328270.44
PM0732501917,AP0515149145,260115,TL30,AC,DEREK WHITTAKER,760903,F,23747049.00,11373.56,4,,19760903,45494.24
PM0105339901,AP0646468718,260115,TL20,RS,PAULINE CLARKE,620512,M,13878792.00,15474.93,1,,19620512,15474.93
PM0951119768,AP0181253175,260115,WL01,AC,PAULINE PATEL,420224,M,3161193.00,38621.86,4,,19420224,154487.44
PM0357421171,AP0478780248,260115,TL20,LA,MARGARET BOWEN,310623,M,5829019.00,29338.99,1,,20310623,29338.99
PM0593559864,AP0039919004,260115,TL30,GR,DOREEN MCALLISTER,301006,F,16784272.00,33924.38,12,,20301006,407092.56
PM0223838365,AP0831555412,260115,TL10,AC,PAULINE CLARKE,480602,M,14983496.00,4170.64,4,,19480602,16682.56
PM0906456142,AP0586640380,260115,EN15,LA,EILEEN MCALLISTER,460917,M,11651590.00,12538.76,12,,19460917,150465.12
PM0361537922,AP0724127832,260115,WL01,TE,HAROLD MCALLISTER,840204,M,18092356.00,7767.29,4,,19840204,31069.16
PM0887318929,AP0452164885,260115,WL01,CL,NORMAN SZYMANSKI,500603,M,6906442.00,16266.77,12,,19500603,195201.24
PM0138120420,AP0096486069,260115,EN15,LA,BRENDA DUFFY,800708,M,22754987.00,26034.52,12,,19800708,312414.24
PM0695002455,AP0268745292,260115,TL30,AC,STANLEY OKAFOR,591222,F,6163110.00,20342.49,1,,19591222,20342.49
PM0412831152,AP0338625718,260115,EN15,AC,PAULINE BOWEN,731104,M,24480306.00,10819.81,12,,19731104,129837.72
PM0573558721,AP0273388987,260115,WL01,AC,DEREK OGUNLEYE,701216,F,7766380.00,20554.54,12,,19701216,246654.48
PM0782869408,AP0515022982,260115,TL10,AC,JOAN DUFFY,660807,M,1399287.00,9358.53,1,,19660807,9358.53
PM0850568966,AP0803902028,260115,EN15,LA,MARGARET MCALLISTER,830820,F,17369146.00,22430.40,1,,19830820,22430.40
PM0470647369,AP0379660012,260115,TL30,AC,STANLEY DUFFY,980205,M,12468572.00,42754.11,4,,19980205,171016.44
PM0541064446,AP0099415844,260115,TL20,AC,LESLIE PATEL,630619,M,10931364.00,20808.10,12,,19630619,249697.20
PM0507861948,AP0142590347,260115,TL30,TE,DEREK PATEL,910928,F,14875305.00,35281.95,12,,19910928,423383.40
PM0099184733,AP0878445305,260115,TL20,RS,MARGARET PATEL,640215,F,5702106.00,31996.21,12,,19640215,383954.52
PM0674763617,AP0836103781,260115,EN15,AC,DEREK SZYMANSKI,780116,M,19378032.00,26286.11,4,,19780116,105144.44
PM0373675746,AP0286932245,260115,EN15,RS,JOAN PATEL,770617,M,22954298.00,14821.54,12,,19770617,177858.48
PM0276234851,AP0063845277,260115,WL01,AC,BRENDA PATEL,501018,M,19095503.00,39621.62,1,,19501018,39621.62
PM0896989419,AP0699142203,260115,WL01,CL,PAULINE CLARKE,810323,F,17593128.00,39885.26,1,,19810323,39885.26
PM0176659300,AP0459082350,260115,TL20,AC,MARGARET CLARKE,410603,F,9091738.00,20158.82,12,,19410603,241905.84
PM0469266619,AP0490545178,260115,TL10,AC,STANLEY CLARKE,891123,M,11951712.00,38649.89,4,,19891123,154599.56
PM0048548034,AP0564583615,260115,WL01,LA,STANLEY WHITTAKER,950214,M,23435987.00,16210.44,1,,19950214,16210.44
PM0340087231,AP0240349618,260115,TL30,AC,EILEEN PATEL,321022,M,21752018.00,26514.43,4,,20321022,106057.72
PM0113042049,AP0366375167,260115,TL10,AC,GORDON PATEL,350407,F,13697247.00,22169.60,1,,20350407,22169.60
PM0047269409,AP0485229015,260115,WL01,AC,DEREK CLARKE,370526,M,3149128.00,21025.76,12,,20370526,252309.12
PM0183759341,AP0915068374,260115,TL30,AC,GORDON OGUNLEYE,830515,M,3531600.00,39984.87,12,,19830515,479818.44
PM0093921632,AP0964051381,260115,WL01,GR,MARGARET WHITTAKER,620510,F,15052260.00,27622.09,12,,19620510,331465.08
PM0076553222,AP0442228530,260115,TL20,AC,HAROLD DUFFY,680808,F,17773284.00,5630.99,1,,19680808,5630.99
PM0442756317,AP0290372587,260115,EN15,AC,DOREEN DUFFY,930512,F,1564518.00,31388.86,1,,19930512,31388.86
PM0624446289,AP0527678988,260115,WL01,AC,EILEEN DUFFY,310110,M,10999380.00,11797.14,4,,20310110,47188.56
PM0863169425,AP0516119339,260115,EN15,AC,HAROLD WHITTAKER,710115,F,18984360.00,35949.20,1,,19710115,35949.20
PM0108924539,AP0431476182,260115,EN15,CL,NORMAN OGUNLEYE,690725,F,10047470.00,34473.49,4,,19690725,137893.96
PM0495617225,AP0572723469,260115,EN15,GR,BRENDA WHITTAKER,931018,F,2663721.00,40774.60,4,,19931018,163098.40
PM0007815564,AP0623738656,260115,TL20,LA,EILEEN PATEL,870224,F,22267437.00,21622.55,1,,19870224,21622.55
PM0241194221,AP0960103038,260115,WL01,TE,EILEEN OGUNLEYE,771215,M,3032877.00,40070.89,12,,19771215,480850.68
PM0035979715,AP0474715865,260115,WL01,AC,STANLEY PATEL,381013,F,16519726.00,9632.57,4,,20381013,38530.28
PM0593469300,AP0721867385,260115,EN15,AC,PAULINE SZYMANSKI,740717,F,16864055.00,35891.55,4,,19740717,143566.20
PM0020412904,AP0789971024,260115,EN15,AC,HAROLD MCALLISTER,500821,F,17180271.00,41235.90,12,,19500821,494830.80
PM0335384862,AP0701185357,260115,TL10,AC,DEREK MCALLISTER,301108,F,4345445.00,17384.15,1,,20301108,17384.15
PM0588509565,AP0109930982,260115,WL01,AC,HAROLD DUFFY,850324,F,12784435.00,34879.97,12,,19850324,418559.64
PM0796572932,AP0686437551,260115,TL20,AC,EILEEN MCALLISTER,470424,F,4883248.00,3946.89,12,,19470424,47362.68
PM0608469147,AP0730726461,260115,TL10,TE,HAROLD WHITTAKER,300702,F,18176355.00,33476.06,12,,20300702,401712.72
PM0917600087,AP0725325850,260115,TL20,TE,STANLEY HUGHES,720121,F,3275508.00,26323.92,12,,19720121,315887.04
PM0220243983,AP0161025767,260115,WL01,AC,JOAN OKAFOR,380301,M,14347303.00,17547.29,4,,20380301,70189.16
PM0446366849,AP0880681378,260115,EN15,AC,JOAN WHITTAKER,471210,F,21591052.00,12975.45,1,,19471210,12975.45
PM0686446940,AP0076624505,260115,TL30,CL,MARGARET OKAFOR,311115,F,21341169.00,33276.09,12,,20311115,399313.08
PM0833837729,AP0015701066,260115,EN15,LA,LESLIE PATEL,710602,F,1157713.00,43770.41,12,,19710602,525244.92
PM0520576588,AP0637179974,260115,TL20,AC,LESLIE MCALLISTER,841113,F,24775380.00,2236.70,12,,19841113,26840.40
PM0065065254,AP0611887407,260115,WL01,AC,EILEEN OGUNLEYE,371010,F,14254386.00,9648.11,12,,20371010,115777.32
PM0383217476,AP0861200399,260115,TL10,AC,LESLIE MCALLISTER,980910,F,8592107.00,22763.01,12,,19980910,273156.12
PM0447294528,AP0961552296,260115,TL30,AC,NORMAN OKAFOR,591218,F,13006043.00,5786.52,12,,19591218,69438.24
PM0875577335,AP0833180402,260115,EN15,AC,EILEEN HUGHES,320605,M,9314285.00,7835.68,12,,20320605,94028.16
PM0886872384,AP0608969812,260115,TL10,LA,NORMAN DUFFY,840313,F,11485898.00,34948.34,1,,19840313,34948.34
PM0413158355,AP0882648244,260115,TL10,TE,JOAN WHITTAKER,580207,F,6722355.00,21327.58,12,,19580207,255930.96
PM0343400064,AP0909699242,260115,EN15,AC,HAROLD BOWEN,700220,M,20521086.00,6452.61,1,,19700220,6452.61
PM0240239395,AP0770085347,260115,EN15,LA,MARGARET PATEL,321216,F,15975310.00,33963.03,12,,20321216,407556.36
PM0041988346,AP0697512106,260115,EN15,AC,NORMAN OGUNLEYE,671206,M,24542335.00,28664.42,12,,19671206,343973.04
PM0444037640,AP0553482602,260115,EN15,AC,EILEEN BOWEN,690225,M,14278683.00,25540.26,4,,19690225,102161.04
PM0107631076,AP0097843039,260115,EN15,GR,MARGARET CLARKE,450123,F,21544595.00,23395.79,12,,19450123,280749.48
PM0291704634,AP0250480308,260115,TL10,AC,MARGARET PATEL,280316,F,20490517.00,29021.52,12,,20280316,348258.24
PM0329050971,AP0888136311,260115,TL20,LA,DOREEN OGUNLEYE,840112,M,21446338.00,42101.65,1,,19840112,42101.65
PM0753828736,AP0135021313,260115,TL20,AC,JOAN MCALLISTER,560505,F,17885528.00,34031.13,4,,19560505,136124.52
PM0055117703,AP0880461460,260115,TL30,AC,DEREK PATEL,621102,M,1083344.00,24675.10,12,,19621102,296101.20
PM0218757856,AP0465315365,260115,TL20,LA,JOAN MCALLISTER,370618,M,11014225.00,5178.16,12,,20370618,62137.92
PM0867545953,AP0793965050,260115,TL30,AC,DEREK MCALLISTER,980727,F,9900804.00,1736.69,12,,19980727,20840.28
PM0576160222,AP0258863149,260115,WL01,AC,HAROLD CLARKE,530404,M,17166108.00,19940.28,12,,19530404,239283.36
PM0546871840,AP0745069631,260115,TL30,AC,MARGARET OKAFOR,400121,M,16524852.00,27041.30,4,,19400121,108165.20
PM0779574104,AP0483998696,260115,EN15,AC,MARGARET MCALLISTER,410803,M,12622676.00,41223.60,12,,19410803,494683.20
PM0689861556,AP0015464541,260115,TL20,AC,PAULINE WHITTAKER,571126,F,21043134.00,10491.74,12,,19571126,125900.88
PM0154523683,AP0429293757,260115,WL01,GR,MARGARET PATEL,870327,M,17538110.00,15655.40,12,,19870327,187864.80
PM0060450573,AP0477996843,260115,WL01,GR,NORMAN PATEL,620514,F,10828344.00,14115.98,12,,19620514,169391.76
PM0662252882,AP0592325300,260115,TL10,TE,LESLIE OKAFOR,430919,M,18953234.00,5789.46,12,,19430919,69473.52
PM0811641944,AP0448205295,260115,WL01,AC,HAROLD OGUNLEYE,730817,F,15800364.00,5105.15,12,,19730817,61261.80
PM0884005905,AP0155888096,260115,WL01,TE,DEREK PATEL,400903,M,22947095.00,29348.13,4,,19400903,117392.52
PM0888321816,AP0082885109,260115,EN15,AC,NORMAN OKAFOR,450527,M,21637809.00,39832.82,12,,19450527,477993.84
PM0024135637,AP0214491259,260115,TL30,AC,DEREK PATEL,330506,F,2561731.00,15751.71,12,,20330506,189020.52
PM0907173750,AP0999393227,260115,EN15,AC,NORMAN MCALLISTER,520114,M,1962356.00,7579.51,4,,19520114,30318.04
PM0376852851,AP0618778115,260115,TL30,AC,PAULINE DUFFY,501217,F,10394299.00,41256.71,12,,19501217,495080.52
PM0815579145,AP0211835302,260115,TL30,RS,JOAN MCALLISTER,950606,M,19677582.00,39656.03,12,,19950606,475872.36
PM0333425167,AP0788085663,260115,TL10,PE,MARGARET DUFFY,560403,F,4357436.00,14010.99,4,,19560403,56043.96
PM0293123258,AP0203078969,260115,TL30,AC,JOAN PATEL,990420,M,8783680.00,39652.78,12,,19990420,475833.36
PM0407225494,AP0648558376,260115,EN15,AC,GORDON HUGHES,461228,M,8552630.00,3317.31,12,,19461228,39807.72
PM0466118089,AP0145909062,260115,EN15,AC,BRENDA DUFFY,950122,M,6766552.00,38048.70,12,,19950122,456584.40
PM0314491329,AP0132637080,260115,EN15,AC,EILEEN OGUNLEYE,620119,M,14303225.00,35471.58,12,,19620119,425658.96
PM0847365634,AP0656591275,260115,TL10,TE,GORDON BOWEN,500107,M,23185369.00,6727.22,12,,19500107,80726.64
PM0628314249,AP0689971219,260115,EN15,LA,NORMAN CLARKE,430517,M,16568127.00,35907.88,12,,19430517,430894.56
PM0296566280,AP0787404524,260115,TL10,LA,EILEEN DUFFY,590925,F,7997448.00,20401.39,12,,19590925,244816.68
PM0529196138,AP0788724013,260115,EN15,AC,STANLEY PATEL,890817,F,12361956.00,42215.20,12,,19890817,506582.40
PM0093375116,AP0128275047,260115,TL10,AC,LESLIE DUFFY,540724,F,17317747.00,41080.81,12,,19540724,492969.72
PM0716284957,AP0909345172,260115,EN15,AC,DEREK OKAFOR,310716,F,17139738.00,12401.50,12,,20310716,148818.00
PM0320082382,AP0177661459,260115,TL10,AC,PAULINE PATEL,461017,M,8446516.00,20645.11,12,,19461017,247741.32
PM0589402266,AP0214622464,260115,WL01,AC,JOAN CLARKE,450612,F,15801402.00,20240.14,12,,19450612,242881.68
PM0877873544,AP0593589464,260115,TL10,LA,LESLIE HUGHES,660420,M,23910212.00,19275.43,12,,19660420,231305.16
PM0987199879,AP0695688796,260115,TL20,GR,STANLEY BOWEN,880315,F,8777289.00,15172.56,4,,19880315,60690.24
PM0375883624,AP0645749345,260115,TL30,AC,LESLIE CLARKE,470420,F,23867025.00,37309.90,12,,19470420,447718.80
PM0273356436,AP0466461934,260115,WL01,GR,JOAN BOWEN,580728,M,15712525.00,27295.51,12,,19580728,327546.12
PM0561437922,AP0981804099,260115,EN15,AC,BRENDA MCALLISTER,441207,M,4098867.00,24848.15,1,,19441207,24848.15
PM0938127394,AP0878809996,260115,TL30,AC,PAULINE CLARKE,380801,F,6547857.00,22922.01,1,,20380801,22922.01
PM0338377262,AP0508789455,260115,WL01,LA,JOAN MCALLISTER,380122,F,21089414.00,17226.60,12,,20380122,206719.20
PM0515021619,AP0774040823,260115,TL10,AC,DOREEN CLARKE,530406,M,17495216.00,33362.34,4,,19530406,133449.36
PM0098303428,AP0658850909,260115,TL20,AC,PAULINE SZYMANSKI,890723,F,4415342.00,16399.01,12,,19890723,196788.12
PM0806193439,AP0945706072,260115,TL10,AC,GORDON CLARKE,830417,M,22035422.00,13140.32,1,,19830417,13140.32
PM0918357389,AP0037345925,260115,TL10,AC,MARGARET OKAFOR,280409,F,20761632.00,30752.41,4,,20280409,123009.64
PM0729515606,AP0926674260,260115,EN15,LA,GORDON CLARKE,930423,M,15428375.00,36170.31,1,,19930423,36170.31
PM0921956755,AP0137769410,260115,TL10,GR,GORDON PATEL,960510,F,1258769.00,25807.55,12,,19960510,309690.60
PM0825261858,AP0010614985,260115,WL01,AC,EILEEN OGUNLEYE,761125,F,11942790.00,28191.40,1,,19761125,28191.40
PM0907750401,AP0420148320,260115,TL20,PE,STANLEY WHITTAKER,860517,F,5935055.00,31529.93,12,,19860517,378359.16
